movieId,movie_n_ratings,movie_avg_rating,bayesian_score
1,49852,3.8960524,3.8956836448786545
2,21196,3.2196405,3.2203663215342746
3,11514,3.1486018,3.1502424553577892
4,2479,2.8652682,2.8783720492751006
5,11121,3.0614154,3.063504073903913
6,22333,3.843326,3.84262183696459
7,11715,3.3652155,3.3659076089814426
8,1292,3.130805,3.145605849082708
9,3578,3.0036333,3.010860743175662
10,26600,3.424154,3.4243489875578748
11,16472,3.6598167,3.659418008876127
12,3549,2.6252465,2.637789076386176
13,1401,3.2922912,3.300415500125583
14,5414,3.4260252,3.426958847621873
15,2643,2.7181234,2.7331612367768114
16,16426,3.8008645,3.800036571852991
17,19004,3.9562197,3.955096128793482
18,4906,3.3715858,3.373164473280395
19,19618,2.6156082,2.6179278491836557
20,3705,2.877328,2.885992785427129
21,21756,3.5785072,3.578391510861014
22,8941,3.3201544,3.32131061221426
23,3872,3.151214,3.156018136047332
24,7233,3.1943867,3.196677484535899
25,19456,3.6834137,3.6830155219980893
26,2500,3.619,3.6172168095906576
27,1492,3.4008043,3.4049305816877986
28,2871,4.039011,4.030264825373633
29,7899,3.9433472,3.940735013938757
30,1151,3.642485,3.6377211432969143
31,8618,3.250348,3.2519500252284046
32,42594,3.9009602,3.900522981561289
33,61,2.9754097,3.2243510259164347
34,29518,3.6288197,3.6286493166152276
35,1336,3.4869013,3.4883860633486794
36,18830,3.928173,3.92711344209768
37,73,2.9657533,3.19433302026454
38,543,2.8232045,2.8826357880088973
39,24172,3.4128537,3.4130915298537507
40,789,3.6400506,3.633376557721853
41,4213,3.8466651,3.8429282713797686
42,2235,3.050783,3.0612266053256114
43,2274,3.4560246,3.457574447543198
44,9830,2.6432858,2.647763350714556
45,8022,3.3836324,3.384527038476394
46,2858,3.2713437,3.2757576640075308
47,42777,4.064988,4.0643612785276115
48,12172,2.9521854,2.9545412833747995
49,214,3.5116823,3.5147839983304343
50,47090,4.313315,4.312482017453161
51,26,2.5769231,3.2026706683008292
52,8378,3.5400453,3.5399741539187946
53,133,3.642857,3.6114915863412325
54,876,2.8555937,2.8919039246330507
55,843,3.2241993,3.2412127380541964
56,64,1.9140625,2.6219558715820312
57,2189,3.3225217,3.327111630740044
58,10354,3.9715085,3.9693773557295575
59,177,3.5536723,3.5480306999273763
60,5733,3.1036978,3.1073668206333807
61,2047,3.320469,3.32541860417633
62,17541,3.7264123,3.7258485054103723
63,2146,3.060345,3.0709941706370785
64,1870,2.8187165,2.837188996374607
65,4465,2.3855543,2.3982066400555415
66,2166,2.141736,2.173015889708316
67,159,3.3144655,3.3655645333979116
68,1107,3.4345076,3.438550468344264
69,3957,3.5596411,3.5592470407664463
70,12264,3.292849,3.293804116347441
71,1175,2.3510637,2.3991043674702546
72,1119,3.484808,3.4866579005206315
73,2659,3.8016171,3.7965680913055633
74,3164,3.296302,3.299907514302717
75,507,2.4467456,2.54381150060753
76,3116,3.0001605,3.0084974571488283
77,208,3.3990386,3.424042590828829
78,1101,3.154405,3.1706368403264897
79,4986,3.125351,3.1293492487633956
80,500,3.748,3.728005313873291
81,2935,3.262351,3.2668017622214465
82,2258,3.994907,3.984793221310065
83,536,3.6501865,3.639766133279117
84,140,3.3785715,3.417910425286544
85,2424,3.5278466,3.527850875761977
86,3868,3.4798346,3.480449983208322
87,885,2.3338983,2.397757187246639
88,4463,3.104526,3.10921841324921
89,2960,3.1368244,3.143323289991613
90,195,3.325641,3.3669508087391757
92,2067,2.8555877,2.871470377137766
93,1847,2.512182,2.538957890549269
94,3644,3.5289516,3.5289395677765834
95,19975,3.0859075,3.087011459079128
96,435,3.7,3.6822742063974596
97,2224,3.9808903,3.970933570291457
98,79,2.544304,2.9256044727887294
99,658,3.1101823,3.1396933800756592
100,3704,3.224757,3.22879667947695
101,4037,3.7791677,3.776095615612839
102,1788,2.4292505,2.4591419071575245
103,1027,3.2604673,3.2728903222770303
104,16925,3.40387,3.404235906277911
105,8718,3.33167,3.332789966822976
106,123,3.4430895,3.467647260324114
107,5808,3.2171142,3.2197682317836
108,115,3.073913,3.2115331852074824
109,16,2.0625,3.17277226303563
110,52275,4.0243616,4.023887360796539
111,24468,4.0949607,4.093804597485094
112,10671,3.411864,3.412405947631069
113,974,3.0995893,3.1205107364803553
114,227,3.57489,3.5664367374530337
115,38,3.5263157,3.5273064266551626
116,857,3.9282382,3.906177581999504
117,1133,3.5723743,3.5705013533114176
118,1021,2.9867778,3.012047698629114
119,244,2.7459016,2.878921619077929
120,137,2.8467152,3.0288927988572554
121,756,3.7533069,3.7393336970516233
122,3522,2.8634298,2.8727331106766876
123,2233,3.9827585,3.9728001528960073
124,288,3.4913194,3.4967543246478017
125,3155,3.7580032,3.7544159673491433
126,1266,2.3179305,2.3639080028041155
127,38,3.118421,3.3511701172048394
128,68,3.4779413,3.4991777630175576
129,170,3.1323528,3.2222861376675693
130,36,3.0833333,3.341894959294519
131,169,3.3106508,3.3602874834243566
132,1884,2.7776008,2.797002487616554
133,19,2.6052632,3.2739560984183047
134,30,3.45,3.498787134885788
135,5732,3.0,3.004566407706737
136,89,3.6235955,3.5892299765305555
137,206,3.2548544,3.308214781805873
138,121,3.2272727,3.315222058379859
139,36,3.1111112,3.353522921717444
140,4519,3.2893338,3.291946269093992
141,19934,3.5112622,3.5113042050643
142,37,3.0135136,3.309229554801152
143,13,1.9230769,3.196872518176124
144,4042,3.4684563,3.4691845566646093
145,11347,3.2598484,3.2610250300688315
146,537,2.9143388,2.9666148543967097
147,3862,3.5761263,3.5755119844204564
148,323,2.9071207,2.9903564529828026
149,988,3.6923077,3.684395941695726
150,44542,3.8693256,3.8689429836971256
151,11350,3.537533,3.5374914936852035
152,602,3.0880399,3.121783702651416
153,29763,2.8874776,2.8885519692639727
154,2734,3.7907827,3.7860642399253517
155,1152,3.4144964,3.4192203388436266
156,1501,3.518321,3.518634975071802
157,2356,2.796265,2.8114725863646193
158,11654,2.9305818,2.9331342584452886
159,2144,3.420709,3.4231553508024817
160,13485,2.602855,2.606272789134634
161,21498,3.7420924,3.7415957286447723
162,5472,4.0114217,4.00704498456812
163,13213,3.4393778,3.439712104273896
164,3936,3.4552846,3.4561974754658884
165,31313,3.4927506,3.4928069351256377
166,622,2.8207395,2.8733674749022438
167,70,3.0857143,3.2700247764587402
168,10935,3.086374,3.0883844465247923
169,3063,2.2789748,2.29903716494177
170,7272,3.2082646,3.2104483833406765
171,1280,3.6101563,3.6070699476657953
172,11640,2.736555,2.739940489939485
173,13860,2.5425324,2.546074956376976
174,1879,2.4574242,2.4851752064152666
175,4430,3.5079007,3.508125700056553
176,2124,3.8559322,3.848391461832982
177,2088,2.8845785,2.8996271315414957
178,447,3.3948545,3.408255435091629
179,1099,2.735669,2.7701506421709183
180,7742,3.5892534,3.5888607533805423
181,2405,1.9430354,1.975316912482081
182,630,3.0809524,3.113827919258791
183,567,3.3694885,3.3823386324476
184,300,3.0733333,3.1382941382271903
185,22287,3.1067438,3.107686901549364
186,10163,2.8850734,2.8882213033612465
187,855,3.4385965,3.4435391887116826
188,2285,3.3426695,3.346639292143142
189,304,2.9917762,3.0675224368855103
190,889,3.5742407,3.571781616495313
191,1501,2.6835444,2.710769251959313
192,79,3.0379746,3.22792994144351
193,6779,2.2361705,2.245629373904569
194,5357,3.8483293,3.845367682582022
195,2892,3.0819502,3.0895319211896304
196,12421,2.8445375,2.847277941962652
197,99,3.0555556,3.2141139059258785
198,8326,3.4176075,3.418266881104299
199,1363,3.7769625,3.76815490611293
200,311,2.8279743,2.9249390102819723
201,341,3.0073314,3.073920631652598
202,362,2.9751382,3.0422402747626442
203,4915,3.1452696,3.149124514060198
204,7558,2.9354987,2.9393930406349815
205,1204,3.5049834,3.5059035193216666
206,930,3.4564517,3.4601051101879197
207,4884,3.3762286,3.3777671888573333
208,25654,2.8534732,2.8547854067713088
209,670,2.8186567,2.867920759651396
210,438,2.890411,2.955743736908084
211,514,3.5914397,3.585820899787524
212,407,2.578624,2.682500966007391
213,1680,4.032738,4.018152115661974
214,865,4.035838,4.008090655008952
215,5426,3.8788242,3.8756214870511396
216,8019,3.2495947,3.251320210157946
217,922,2.7245119,2.765846611050421
218,3805,3.288962,3.2920630222473934
219,568,3.606514,3.6001665183255587
220,263,2.4201522,2.597134168155658
222,5323,3.5307157,3.530690984843098
223,22096,3.8613777,3.860625168586675
224,7660,3.4481723,3.4486904051517233
225,11384,3.2875087,3.2885606356052453
226,37,2.7837837,3.2115283368647782
227,4114,3.0624697,3.0680603748554227
228,433,2.6939955,2.78033749558664
229,2192,3.5588503,3.5581636046002103
230,6542,3.5907216,3.590246317311398
231,29567,2.952633,2.9536043503220295
232,5523,4.0320477,4.027526051442413
233,3121,3.5333226,3.533239583343559
234,2915,2.67976,2.694065196920205
235,15006,3.6628015,3.6623540342994247
236,11039,3.3146572,3.3156194359222666
237,5690,3.2286468,3.2312548791905313
238,753,3.1713147,3.1935279586098413
239,2977,3.0592878,3.0670309579525994
240,756,2.9199736,2.957696054472817
241,521,3.0268714,3.070758303076081
242,971,3.3810503,3.388249615614141
243,408,2.5416667,2.649351532282267
244,266,2.3590226,2.543996789787389
245,228,2.9649122,3.0661976457499773
246,9503,4.030885,4.02825345032679
247,6923,3.8333814,3.831192098285484
248,2818,3.0172107,3.0261167307777885
249,4428,3.6820235,3.680304408020183
250,811,3.027127,3.056217176158254
251,332,3.0481927,3.1110025101307177
252,9060,3.2219095,3.2235898186425085
253,25504,3.4995883,3.4996439589015043
254,568,2.912852,2.9626261053733454
255,963,2.2860851,2.347386918439799
256,8961,2.7160473,2.720552958390144
257,3435,3.4117904,3.4134585060382334
258,1537,2.6415095,2.6694411603474513
259,1800,3.0727777,3.085082657272751
260,56255,4.1563773,4.155819356256242
261,9336,3.626553,3.6260283746725457
262,3848,3.7739086,3.7707550847389686
263,360,3.7444444,3.7180559577011483
264,152,3.3717105,3.410410748850001
265,10678,3.9251263,3.9232757039518162
266,14837,3.4961245,3.4962317636080775
267,3477,2.8777683,2.8869870349845095
268,662,3.3081572,3.3235997745160306
269,541,3.4574862,3.4634568154711007
270,1175,3.1719148,3.186451329017172
271,1123,3.3401604,3.348169705650284
272,7041,3.7444966,3.742970443783955
273,6640,3.1353915,3.138326211538728
274,1074,2.8659217,2.8953762576249145
275,1395,2.7243729,2.7521820860338044
276,4892,2.983749,2.9892558985902733
277,8267,3.4106688,3.411374576392477
278,1032,3.0237403,3.0470452405608737
279,834,3.7068346,3.6967228370554306
280,4585,3.7246456,3.7225249433466017
281,3512,3.661589,3.659714545646723
282,10145,3.4182355,3.418774156607852
283,215,3.055814,3.144916925790175
284,34,2.8529413,3.2547972940263294
285,80,2.26875,2.7530997349665713
286,97,2.0670104,2.563965839593589
287,303,3.2508252,3.290093469889914
288,21708,3.2415469,3.24220527657166
289,2871,3.3507488,3.3537838785503875
290,3649,3.982461,3.9763187535810096
292,23798,3.4125977,3.4128397346862567
293,27216,4.0640063,4.063023516763326
294,772,3.167746,3.189662935669985
295,419,2.7756562,2.8558697802171524
296,67166,4.1765776,4.176095154506199
297,244,3.1618853,3.224159772704248
298,218,3.5206423,3.522026069128691
299,2364,3.717005,3.713091476159147
300,18575,3.6667025,3.666330312626474
301,416,3.5252404,3.5255428854488
302,1404,3.7353988,3.7282688043796375
303,6282,3.0417066,3.0455469981221857
304,645,3.1790698,3.2041769250691368
305,3073,2.7118452,2.7249129505597205
306,6704,4.078088,4.074015935073776
307,6170,3.984765,3.9810937853871433
308,4779,3.9077213,3.903790219819035
309,416,3.6213942,3.6113796970874965
310,223,2.7914798,2.9263845075181116
311,76,2.6513157,2.9992298550075955
312,1186,2.6302698,2.6665881162322456
313,1117,3.0255148,3.0470463126361524
314,3711,3.8513877,3.8470893032339717
315,10069,2.896663,2.8997828064140143
316,29086,3.3602593,3.3605472545811006
317,14794,3.1390429,3.1403532037192745
318,65707,4.429779,4.4290934073540145
319,6529,3.7815897,3.779662931159304
320,292,3.2328768,3.2760321299235025
321,819,3.7637362,3.7501760143679497
322,2711,3.685356,3.6825073592604953
324,422,3.6741707,3.6586928357512263
325,926,2.662527,2.7068678785542972
326,1229,4.081367,4.059736537784222
327,6490,2.8133283,2.8187925713507043
328,2218,3.1442742,3.152735106738997
329,23828,3.3255415,3.32596556422838
330,1386,2.7907648,2.8164366254567437
331,487,3.2679672,3.292184371522019
332,1912,2.7735355,2.792763927782469
333,10047,3.3477654,3.3486582551649966
334,1462,3.8201094,3.810451629931334
335,375,3.2626667,3.2938893710865695
336,265,2.8471699,2.955247576274569
337,16373,3.7541075,3.753419269447255
338,4214,2.9916945,2.997983907892825
339,21082,3.5007114,3.5007761484651927
340,1302,3.3813365,3.3867625946829305
341,349,3.5573065,3.553641472842759
342,10535,3.508543,3.5086352033439425
343,838,2.6664677,2.714980713955991
344,35075,2.981397,2.9821750807507605
345,9326,3.6429873,3.6423743680475513
346,1013,3.4151037,3.420416736647641
347,1432,3.4256284,3.4290842591670523
348,7265,3.6993806,3.698209609222673
349,26790,3.6573348,3.657093978496671
350,14268,3.4666035,3.4668181280564254
351,3264,3.3086703,3.31198031713823
352,1201,3.2751873,3.2852940538423145
353,15191,3.5151734,3.515215709182692
354,1120,3.1433036,3.1597461863460703
355,9078,2.4236066,2.4296564410696107
356,67780,4.035106,4.034732419165401
357,25355,3.6444883,3.644259188921755
358,2024,3.2532115,3.2598375322273867
359,252,3.295635,3.3341158462675993
360,1878,2.7284346,2.749171720995448
361,4557,3.3383806,3.340439168755341
362,6845,3.3881664,3.3891808798211134
363,585,4.002564,3.965201389132522
364,36972,3.7930055,3.7926476439782606
365,1658,3.1559107,3.166805011885507
366,2413,2.9571073,2.968697887777653
367,31772,3.1777508,3.1783012447137806
368,15562,3.4071455,3.407532746810776
369,998,3.298597,3.309544725727489
370,13144,2.9660683,2.9681979901179485
371,3867,3.2558832,3.25935751058205
372,7216,3.2495842,3.25150048749164
373,3172,3.7706494,3.766884845210335
374,4576,2.4151006,2.4271299607095087
375,229,3.2772925,3.322232794163475
376,10166,3.2779853,3.279209267701035
377,38433,3.4870553,3.4871085772496873
378,2100,3.135,3.1441409066666006
379,5012,2.7227654,2.7307197517295543
380,39523,3.4906764,3.4907236359875102
381,4403,3.3964343,3.3979122442206506
382,4896,3.045241,3.0501220138555976
383,4582,3.1988215,3.202375493724935
384,686,2.9606414,2.9991888028124105
385,113,3.5486727,3.5423495813381454
386,322,2.818323,2.9137175865070795
387,634,2.6608832,2.724273261271025
388,506,3.5464427,3.544789567268152
389,184,3.4701087,3.482491362808097
390,770,3.4012988,3.4090280678214095
391,387,3.2002585,3.2377643165108267
392,247,3.3380566,3.3700435715492327
393,1974,1.8839918,1.9246061544408912
394,123,3.3252032,3.383832141843145
395,12,3.1666667,3.458112424419772
396,25,2.44,3.165372943878174
397,83,2.120482,2.6496464112647495
398,51,3.4215686,3.4742868277105954
399,10,2.25,3.315049489339193
400,27,2.5925925,3.2000385228689616
401,17,3.1470587,3.4313875774839033
402,52,2.8365386,3.175519354203168
403,15,2.1666667,3.2138918546529918
404,70,3.2785714,3.3825247089068093
405,3239,2.4373264,2.4539079599447184
406,64,3.0703125,3.271078678599575
407,1725,3.1724637,3.182480436647442
408,592,3.2483108,3.2700980771739165
409,397,3.0327456,3.088149826531976
410,16941,2.99513,2.9966983315550513
411,101,2.8069308,3.045715087296947
412,4084,3.561337,3.5609345073912184
413,5497,2.8063488,2.8128542142750788
414,795,2.6213837,2.675033117892474
415,2886,2.815835,2.8279641610075408
416,1604,2.7104115,2.7351288351499474
417,2960,3.523311,3.523389778263941
418,623,2.7110755,2.7717727095021534
419,4113,2.4925845,2.5050211102235727
420,13527,2.7490575,2.7519263604643105
421,1570,3.2996814,3.3067301276289385
422,1267,3.234412,3.245560300829923
423,2090,3.005981,3.018179062370942
424,669,2.7152467,2.7717705097914735
425,777,3.4710424,3.4744896130521465
426,2956,3.11113,3.1180649523884156
427,3035,2.5494235,2.565284654425647
428,4510,3.8199556,3.8167549711570405
429,1350,2.3677778,2.4092164516448973
430,228,2.3245614,2.5410178376616335
431,8267,3.7063022,3.7052306090608673
432,11539,2.7335558,2.7369836287498885
433,1130,2.9292035,2.954578759306568
434,22493,3.0519717,3.053027628614883
435,12644,2.5914268,2.595116122005229
436,1140,2.6171052,2.655380629691757
437,1645,2.6027355,2.6300312087247506
438,956,2.7207112,2.7608378791429886
439,54,2.4629629,2.9750285011071425
440,17404,3.6050045,3.6047841263101508
441,7479,3.6816418,3.680621877991515
442,16898,3.0501835,3.0515933642557327
443,533,3.3405254,3.35660892203578
444,1166,2.4189537,2.4645583335506287
445,1723,2.889727,2.9077285897308194
446,3394,3.885828,3.880633932372834
447,209,2.5167465,2.711980665052259
448,2674,3.5590875,3.5585179824310953
449,622,3.4734726,3.4775341124761674
450,2691,3.352657,3.3558566839927217
451,572,3.0498252,3.0882684548184804
452,1077,3.5561745,3.554927172868148
453,848,3.1173348,3.140203692599766
454,23256,3.498839,3.4989015902816547
455,7752,2.616615,2.6224561511354856
456,837,3.8130226,3.7969592974984256
457,46042,3.979573,3.979083215312019
458,936,3.1410255,3.1606520058900784
459,992,2.7595766,2.796451934697303
460,816,2.4356618,2.498733247400156
461,805,3.3565218,3.3665532800886364
462,178,2.5870786,2.7934340134001614
463,359,2.8189416,2.9056308100450883
464,2867,2.9161143,2.9266036182059625
465,658,3.2712767,3.2894110821061213
466,12338,2.9266088,2.929036354110208
467,657,3.3805175,3.3909518465800197
468,6587,3.3166845,3.3182768824230893
469,1173,3.2655585,3.2762903252880005
470,431,2.1600928,2.3022930964115007
471,10234,3.659664,3.6590240647569328
472,655,2.8969467,2.941706435900208
473,1241,2.3021758,2.3496538248291134
474,17143,3.7286649,3.7280814821153094
475,8275,3.9199395,3.9175858835558275
476,209,3.0119617,3.1115944569635574
477,4074,3.5472507,3.547018068722448
478,249,2.4216866,2.6066988128483497
479,1103,2.919311,2.945709500225957
480,57842,3.661656,3.6615405185990446
481,4860,3.3384774,3.3404079435313547
482,2455,3.4281058,3.4301009121055372
483,520,3.7971153,3.7735139277943395
484,653,2.8016846,2.853347119362561
485,12422,2.781758,2.784749977132921
486,538,2.6700745,2.7430323646182107
487,545,2.582569,2.6620218673674
488,499,3.3917835,3.404194761060843
489,2708,2.76791,2.7816908119207193
490,2878,3.3611884,3.364037984381608
491,4895,3.408376,3.40958612415981
492,2880,3.6572917,3.6550863220423153
493,3316,3.6239445,3.6225202022672622
494,10966,3.3564198,3.3571988484871587
495,612,3.4215686,3.4296117405156714
496,380,3.2723684,3.3020999376163926
497,12816,3.8858848,3.8844941766455148
498,347,2.7867434,2.880108136073768
499,374,2.7807486,2.868874877128961
500,31578,3.384334,3.3845612994937357
501,1759,3.8325753,3.8241586287157388
502,3320,2.275452,2.2940365794150694
503,129,3.1007752,3.220128355079523
504,1036,2.9763513,3.0017521877534703
505,1176,2.5144558,2.5557936253010936
506,1211,3.4851363,3.4868382180521738
507,2959,3.521122,3.5212372564009633
508,18198,3.8086329,3.807864071976872
509,15484,3.6847713,3.684266883525453
510,790,2.7670887,2.8123845287731717
511,1507,3.1483078,3.160502777393613
512,1133,2.9245367,2.9500448488121
513,505,2.9356437,2.9890144580119364
514,4209,3.4651937,3.465931781330812
515,9628,3.9017968,3.899865956906569
516,3077,3.0890477,3.096067365229149
517,3148,3.133418,3.13958820989536
518,1120,2.677232,2.7135921706501236
519,4429,2.1993678,2.214200220035639
520,13342,3.0544522,3.056220427600571
521,1954,3.3155067,3.320809907542017
522,1160,3.5491378,3.5482668206711447
523,819,3.6465201,3.639704214278244
524,6935,3.5385003,3.538425570824527
525,149,3.409396,3.4392108713562166
526,118,3.2161016,3.308946212132772
527,50722,4.2777987,4.277060313342377
528,819,2.7912087,2.8336052137359515
529,9862,3.8511965,3.849566497516016
530,29,3.2586207,3.429151528998266
531,6782,3.5352404,3.535187857421835
532,5408,3.060281,3.064566292488431
533,3490,2.9283667,2.9368368973166254
534,4404,3.8927112,3.888617631186805
535,5042,3.7792542,3.776787634731182
536,652,3.2852762,3.302568426159372
537,3044,3.1521025,3.1581780508247284
538,4600,3.71,3.708043687061597
539,26369,3.5132163,3.513244348866622
540,4441,2.719883,2.7288806985784175
541,30221,4.128735,4.127742901874177
542,3163,2.8586786,2.86909533637801
543,11137,3.2398312,3.2411194373852257
544,1975,2.9286077,2.943408978426898
546,5061,2.063031,2.0773630695925185
547,729,2.8148148,2.8605943041374196
548,2548,2.9103217,2.9222104283274826
549,1305,3.8931034,3.8796331037894385
550,3013,3.088616,3.0957893107866017
551,19476,3.7334669,3.7329408791079137
552,11665,3.2138448,3.2151858543057346
553,13767,3.6969929,3.69638154937552
554,459,3.0980392,3.1402808238106297
555,14233,3.8066816,3.8057062698163415
556,1105,3.9841628,3.9644180706569125
558,1323,2.777022,2.804372121709503
559,41,2.987805,3.2846480201888872
560,38,3.0921052,3.3398064212365584
561,197,3.4035532,3.428756919467015
562,5598,3.787424,3.7851280119196216
563,308,3.452922,3.463416139506761
564,293,2.3139932,2.490970791602621
565,699,3.2017167,3.2235018901417507
566,137,2.7810218,2.980764494860236
567,340,3.3294117,3.354879391499055
568,334,3.5778444,3.571361960222324
569,1503,2.9474385,2.9661320041857913
570,201,3.4626865,3.4757090184793054
571,178,3.5758426,3.565363840052956
572,30,2.7166667,3.2237871289253235
573,178,3.4073033,3.433784924055401
574,1254,3.3125997,3.320861151613341
575,2368,2.9841638,2.995410568956702
576,23,2.4782608,3.197300914215715
577,560,2.825,2.8826278623987416
579,34,2.8823528,3.266701970781599
580,504,3.077381,3.1180558497294624
581,1716,3.9831002,3.97021680132044
582,116,3.349138,3.4030299991010184
583,231,3.5,3.504992773524383
584,27,3.0370371,3.355882753025402
585,8728,2.6626375,2.667566965858875
586,26232,3.0947316,3.095555950649869
587,26853,3.4364502,3.4366205012280315
588,39133,3.6859045,3.685703082462275
589,50400,3.9359722,3.935567939387795
590,40002,3.7261386,3.7258913142214665
591,29,2.0517242,2.9861135573326787
592,41941,3.4045565,3.404703571576628
593,63348,4.1575108,4.157014329033532
594,16472,3.599229,3.5990137187494606
595,32506,3.6754446,3.675218246510111
596,11724,3.4909587,3.491116244136447
597,31307,3.418293,3.418468026196078
598,126,3.5753968,3.5619486543265255
599,2956,3.9847767,3.9771799730286945
600,273,3.003663,3.084838964621718
601,104,3.375,3.424694606236049
602,295,3.977966,3.912762203078339
603,555,2.9495494,2.9973601762913473
604,6,1.9166666,3.3554101628916606
605,3089,3.2910328,3.2948083023844195
606,1373,2.5688274,2.602531958363547
607,15,2.4333334,3.275430312523475
608,41675,4.1083264,4.107631088117413
609,2217,3.0069914,3.0184838434226933
610,7069,3.375442,3.3765139297113476
611,1626,2.5052276,2.5357416415840457
612,1450,2.7165518,2.743602034250895
613,2178,3.612718,3.6108182238505173
614,144,3.1388888,3.2391905243863763
615,571,3.869527,3.8420337267735922
616,7365,3.3790224,3.380027329688609
617,487,3.5924025,3.5864114832389733
618,336,2.764881,2.8637382131784075
619,652,2.5904908,2.657269206142154
620,36,3.4166667,3.4814299095508665
621,296,3.608108,3.5965403187481653
623,34,3.0588236,3.338130610329764
625,23,3.2826087,3.4507256240060884
626,584,2.8886986,2.9391213546415984
627,1665,3.5366366,3.5363865267083527
628,10261,3.756749,3.755639955706352
629,20,3.275,3.455756732395717
630,198,3.2853534,3.334286076407279
631,1993,2.7235324,2.7432222803958886
632,326,3.9125767,3.861444057302272
633,303,3.3564355,3.3807448645151372
634,302,2.2930465,2.4684744450179013
635,981,3.642202,3.6366663760750417
636,32,3.0,3.3219874312237994
637,5239,2.8390915,2.8456047540532325
638,525,3.2761905,3.298092160017594
639,1038,2.9354527,2.962686462875675
640,2821,2.9725275,2.9822023887328677
641,84,2.4761906,2.868678932759299
642,11,1.9545455,3.24431098093752
643,21,2.1666667,3.125393958158896
644,15,2.2666667,3.236968755722046
645,267,3.5973783,3.586444678742803
647,7136,3.5443525,3.5442391641618416
648,34367,3.3926442,3.392840894174613
649,126,3.7142856,3.661380434578115
650,1225,3.4510205,3.454041612849516
651,39,2.474359,3.0663255252195207
652,72,3.0208333,3.2287128167074233
653,13019,3.2193718,3.2205527872816315
654,16,2.6875,3.3242874145507812
655,17,2.2941177,3.2149697026210045
656,1106,2.881555,2.9095180694619676
657,32,2.4375,3.1024752361018484
658,47,3.0,3.2721955604159954
659,410,3.6914635,3.6737021570620327
660,112,3.017857,3.1753269242651667
661,9414,3.308211,3.309372585956464
662,2530,3.2535572,3.25887701492901
663,2991,3.361752,3.364486452075691
664,298,3.0436242,3.1132269248195077
665,1122,3.9469697,3.929098145139909
666,147,3.4149659,3.44366980688221
667,970,2.5154638,2.565100866205552
668,734,4.116485,4.078957967612208
670,702,4.110399,4.071679395564059
671,5763,3.6755161,3.674247792557474
672,24,2.4166667,3.1676077198337866
673,9417,2.7262928,2.730527381906039
674,2989,2.9678822,2.9770986294032475
675,25,2.04,3.0320395787556964
676,25,2.54,3.1987062454223634
678,2440,4.075205,4.064217992575772
679,87,3.321839,3.397101974835361
680,1056,3.5629735,3.561395103633943
681,308,3.5633116,3.558388086670604
682,60,3.1666667,3.3309361284429375
683,33,2.6515152,3.1795538850577483
684,20,2.525,3.2414710181100026
685,494,3.5364373,3.5356672467554318
687,94,2.9734042,3.1659927864869437
688,2637,2.6008723,2.6181254808371244
690,71,3.2887323,3.387627784870873
691,1079,3.0593143,3.0800735572463545
692,831,2.3483756,2.4153269679538236
693,25,3.08,3.3787062327067057
694,2486,3.004827,3.015143118070127
695,757,3.181638,3.20310153305309
696,108,3.175926,3.2873605957514123
697,1025,2.7770731,2.8120027375775716
698,135,2.7962964,2.9940701497567668
699,15,2.2333333,3.2292764553656945
700,1105,3.260181,3.2717774193008227
701,93,3.139785,3.2755453086399533
702,347,3.7853026,3.7529042445742515
703,327,2.853211,2.942713374484439
704,1623,2.8379545,2.8585792930270126
705,385,3.5155845,3.5170183675042512
706,235,3.1340425,3.203168270880716
707,4133,3.0737963,3.0792261445576457
708,13682,3.3990278,3.399497645122818
709,2421,3.2992566,3.3038863249029626
710,1143,2.752406,2.7849144110235966
711,1917,2.6442358,2.666702131480812
712,168,3.4970238,3.504142070035322
713,126,3.4166667,3.448312382806431
714,3365,3.8939078,3.888551293494586
715,545,3.5853212,3.580509271942267
716,279,2.9265232,3.0179420807441315
717,83,3.1927712,3.318819388411099
718,877,3.4258838,3.4313948604538473
719,6943,2.9692495,2.973244981705742
720,7455,4.1070423,4.103184997995721
721,15,2.9333334,3.3908149279080906
722,311,3.5932477,3.5842188065071845
723,35,3.2285714,3.404740810394287
724,7907,3.0748072,3.077655302155358
725,1400,2.7960715,2.8213124900028625
726,485,3.1206186,3.1586971617190636
727,24,3.1458333,3.40409415477031
728,3174,3.8149023,3.8104537491762906
729,99,3.3888888,3.435590363188878
730,62,3.048387,3.2625264866011485
731,770,2.9207792,2.9578085061980457
732,216,2.7986112,2.9357254917460276
733,29225,3.6762533,3.6760002121571085
734,54,2.5833333,3.0375285102770877
735,1041,3.5057638,3.506785566494292
736,29496,3.1901104,3.190682348058839
737,4130,2.1123486,2.12928289659856
738,24,3.125,3.3973374237885348
739,11,1.9545455,3.24431098093752
741,7029,3.9520557,3.949060945494698
742,1726,2.729432,2.7519159821776658
743,5564,2.7393062,2.746331088348432
744,34,2.8529413,3.2547972940263294
745,11587,4.1189694,4.116430512672746
746,292,3.7568493,3.723400472897535
747,977,2.292221,2.352388465532193
748,4791,3.1661448,3.1698828621162805
749,39,2.6923077,3.1618311244450257
750,22936,4.2292247,4.227699481091507
751,145,3.4655173,3.4815537195939283
752,38,2.8157895,3.220488282767209
753,457,3.2658644,3.291721868797167
754,335,2.9552238,3.02961803101874
755,135,3.3703704,3.412989036456959
756,102,3.2058823,3.3118616122948494
757,203,3.6280787,3.6083120366801387
758,22,3.090909,3.394485659069485
759,338,3.8505917,3.809028222388828
760,842,3.6817102,3.673097527080587
761,3389,2.8179405,2.8282649707017717
762,8675,2.412392,2.4187854109657527
763,52,3.0288463,3.273558579239191
764,522,3.3601532,3.3748303126621915
765,4454,3.039515,3.044938468382583
766,1617,3.42919,3.4321554113306827
767,282,3.501773,3.505731894309262
768,32,3.0,3.3219874312237994
769,127,3.566929,3.555948956538055
770,25,2.44,3.165372943878174
771,138,3.344203,3.393100971871234
772,30,2.8666666,3.280037075281143
773,34,3.2941177,3.4333686998912265
774,32,2.59375,3.163450845857946
775,134,2.891791,3.0646900949270828
776,42,2.9761906,3.276119273641835
777,29,2.775862,3.2519362878195848
778,23615,4.0069447,4.005932855676602
779,471,2.8205945,2.888489447262374
780,43971,3.3695276,3.369707642197108
781,1788,3.4177852,3.4207850104447157
782,2517,2.878824,2.891469795972306
783,9684,3.257848,3.2592360013707453
784,13352,2.6941283,2.697239493811385
785,9820,3.279939,3.281195878740985
786,14708,3.139448,3.140764540361993
787,80,3.75,3.6646382258488583
788,17554,2.8522274,2.8541469902538275
789,44,2.9886363,3.27556345310617
790,96,3.4895833,3.50276001185587
791,101,3.628713,3.5953839172590647
792,42,2.952381,3.2652496410452803
793,108,3.2222223,3.319006207623059
794,98,3.3520408,3.411506517513378
795,96,3.2291667,3.331527239655795
796,40,2.9375,3.265588548448351
797,103,3.354369,3.4111305140202344
798,2797,2.821416,2.8338262188170806
799,5595,3.3732798,3.3746507539487287
800,6439,4.0620437,4.0579291323995275
801,1472,3.0027175,3.0199757700054155
802,11614,3.4853625,3.485545558121633
803,527,3.5711575,3.567422787486164
804,2034,3.063176,3.074329550801678
805,10671,3.7009652,3.7001587777937894
806,513,3.1608188,3.1934334308597165
807,190,3.2078948,3.2745957573254905
808,740,3.2135136,3.233421573156043
809,1263,2.8428345,2.868928338404566
810,1746,1.8058419,1.8537878432624324
812,29,2.5344827,3.163328710990616
813,425,2.7505882,2.8324272532212107
814,11,3.1363637,3.4574257467613845
815,25,2.06,3.0387062390645343
816,70,3.2142856,3.3450246850649514
818,2560,2.6294923,2.64670621206934
819,54,3.4444444,3.4846439224023085
820,57,2.8157895,3.1486258751878116
821,44,2.875,3.222372014471825
822,33,3.1363637,3.3723249751401236
823,98,3.3520408,3.411506517513378
824,356,3.824438,3.787938254220145
825,21,2.7380953,3.294408032591914
826,20,2.25,3.1628995622907365
827,150,3.13,3.2295149326324464
828,1344,3.1436012,3.1573909283368455
829,1656,2.6702898,2.6954295447954397
830,5910,3.0846024,3.0883226330648332
831,206,3.497573,3.5035272911190987
832,13110,3.453852,3.454133881442815
833,1312,2.721799,2.75139729952147
834,179,2.6368716,2.831454067771612
835,861,3.1689897,3.188697107798705
836,4431,2.894832,2.9018975897735584
837,5030,3.4271371,3.428130465698993
838,7205,3.784594,3.7828260736577186
839,3585,2.7271967,2.738212686457365
840,617,2.6920583,2.7547270701206785
841,458,3.6965065,3.679927059984583
842,1831,2.7878208,2.8074975457361315
843,55,3.3090909,3.4133615834372386
844,155,3.7451613,3.6922096101249138
845,66,3.378788,3.4431291119805696
846,372,3.4865592,3.4914762420111924
847,108,2.8564816,3.069006183479406
848,1863,3.664251,3.6606914523504073
849,7371,2.7478633,2.7531199703285947
850,233,3.5,3.504957488905836
851,1466,3.494884,3.495978188703431
852,9589,3.1846387,3.1864201508563688
853,102,3.2696078,3.3546247576412402
854,198,3.7121212,3.6750120020681813
855,32,2.71875,3.212231333662824
856,53,3.3679245,3.445659857351803
857,42,3.1547618,3.3576409194780434
858,42548,4.3438354,4.342877825368004
859,15,2.3333333,3.2523533564347487
860,322,3.5232918,3.523932627452317
861,2288,3.445367,3.4471355386020996
862,331,3.581571,3.5745485673739217
864,80,3.325,3.4030997936542215
865,89,3.2696629,3.3626112491964437
866,5618,3.7230332,3.7213132373867697
867,307,2.3078177,2.4787198949594793
868,78,3.1538463,3.300023265182972
869,524,3.0753818,3.1148136052520434
870,424,2.20283,2.342622197630033
871,52,3.1442308,3.332382089951459
872,55,3.5454545,3.5371711140587214
873,39,2.8461537,3.2292467985260354
874,65,2.9615386,3.207851959311444
875,471,3.4320595,3.441272564904475
876,270,2.6814816,2.8137593790888786
877,152,3.1973684,3.27922259226884
878,27,2.7962964,3.2714671562244364
879,2011,2.8304327,2.847357125377146
880,4889,2.4797504,2.4903629580160027
881,998,2.8341684,2.867273918544973
882,739,2.9945872,3.028394040046083
884,48,3.2291667,3.381662991582131
885,568,2.678697,2.7474157401273165
886,1534,3.0818121,3.095898230569531
887,34,2.75,3.213130587623233
889,115,3.3782609,3.4236543467550566
890,25,2.92,3.3253729502360025
891,1821,2.588413,2.613523806817133
892,1242,3.73591,3.7278661868151497
893,517,3.654739,3.6435678699029186
894,28,2.7142856,3.23593546794011
895,53,2.8396227,3.1738152851178807
896,435,3.6793103,3.6637174419521057
897,793,3.6494324,3.6422335456698813
898,6126,4.146833,4.141823442025506
899,9769,4.062596,4.059873894696226
900,2760,3.802355,3.7974743452784856
901,1433,3.624215,3.6209729624534086
902,9077,3.8413022,3.8395861338273423
903,13759,4.132386,4.130198044714415
904,17224,4.2509,4.248807513135526
905,3947,4.140993,4.13332569608099
906,1932,4.0276914,4.015087126723212
907,799,3.9117646,3.8891671403136776
908,15026,4.2134633,4.211190144052301
909,4917,4.0339637,4.028871025817361
910,10405,4.0674677,4.06488802283646
911,3858,4.056117,4.049360946354627
912,23710,4.2248206,4.223354365488495
913,11311,4.172885,4.1700470502732685
914,9005,3.9103277,3.9082168596742695
915,4775,3.8949738,3.8911715334561205
916,5786,4.0556517,4.051131511567961
917,1001,3.6298702,3.6250266563767597
918,1693,3.7294743,3.7236964828449626
919,21941,3.9685977,3.9675960174432356
920,13452,3.8186886,3.8176123858946127
921,2169,3.791148,3.785219858980974
922,6338,4.220653,4.215232004578889
923,17028,4.1132545,4.111541245913168
924,24446,3.9654748,3.9645820136050007
925,85,3.5,3.510392365632234
926,4571,4.178954,4.171911333526169
927,814,3.9391892,3.9153969613490283
928,4431,4.0822616,4.076077650551603
929,881,3.8388195,3.822129916427727
930,4631,4.1768517,4.169921687871211
931,2114,3.9089403,3.9001399241181267
932,1930,3.819171,3.811819649705983
933,4387,4.020857,4.015303584028532
934,3551,3.4657843,3.4666490027123906
935,569,3.7521968,3.734091990598762
936,1297,4.0011563,3.9835951963706466
937,458,3.7161572,3.6976436339025422
938,1546,3.6125486,3.6099016848662147
939,96,3.2916667,3.372623130066754
940,3537,3.885779,3.8807925711377336
941,866,3.5837183,3.5806801496114273
942,2520,4.078968,4.068249980763238
943,1557,3.8114965,3.802677668913893
944,979,3.8171604,3.8031127012621675
945,1919,4.048202,4.03499374297623
946,1296,3.949074,3.933434555824586
947,1654,4.042624,4.0275252699292325
948,1544,3.7512953,3.7442929460532692
949,1993,3.9124436,3.9030362895698567
950,3097,4.162092,4.1520186019087735
951,3760,4.114362,4.106667506100312
952,2224,3.490108,3.4909424760830223
953,13778,4.036326,4.034488115001698
954,5297,4.0226545,4.0180295553968985
955,4101,4.043526,4.0373172255718
956,333,3.4849849,3.490608179226868
957,205,3.2707317,3.3211880992440617
958,85,3.1058824,3.2622442510392933
959,354,3.7429378,3.7163439398944966
960,151,3.486755,3.497029643746751
961,228,3.3552632,3.386341678152839
962,94,3.3723404,3.4264095193809934
963,490,3.5836735,3.5785240243982384
964,307,3.3697069,3.391885092946328
965,3377,3.9918566,3.985089764568595
966,115,3.5130434,3.5175937016805015
967,148,2.8141892,2.994459446030434
968,7328,3.6362581,3.6355248728106098
969,9724,4.0838647,4.081021404129756
970,348,3.525862,3.526138034897234
971,2679,3.9395297,3.9319908103474597
972,104,3.1826923,3.2948244639805386
973,866,3.8273673,3.811029537275889
974,121,3.3595042,3.408789358640972
975,25,2.88,3.3120396296183268
976,391,3.5383632,3.5371949834888485
977,9,2.0,3.29496558237884
979,35,3.1,3.3517996002646053
980,102,3.0539215,3.2098878841651115
981,187,2.5989306,2.794949329352077
982,531,3.6393597,3.629781371344798
983,20,2.65,3.2771853038242886
984,204,2.7279413,2.885444840108316
985,52,3.3846154,3.4549310908598057
986,2506,3.5223463,3.522458017338796
987,251,3.189243,3.2455248571313495
988,481,3.3555093,3.3717569370952254
989,68,3.4485295,3.4822285943112132
990,829,2.7358263,2.780890709711016
991,2280,3.5493422,3.548885443691532
992,235,2.7021277,2.8470279919473747
993,219,3.4863014,3.4940631256670756
994,4757,4.0079885,4.002996471782769
996,2985,2.9961474,3.0049103594690414
997,186,3.5349462,3.5334871320401207
998,732,3.1851094,3.20703712692651
999,2823,3.2817924,3.2860782878389765
1000,189,3.1031747,3.1920626991463505
1001,33,2.8030303,3.2397947914629097
1002,129,3.5193799,3.5218043047622594
1003,1467,3.1366735,3.1495734483848374
1004,1415,2.6787987,2.7077836827613386
1005,1834,2.4672847,2.4954368744179956
1006,1376,3.2416425,3.2516851438546417
1007,1649,2.9557307,2.9725737817291655
1008,710,3.3359156,3.3485566063931116
1009,2335,3.1509635,3.158869118060706
1010,2297,3.0846756,3.0941213075282676
1011,1392,2.7467673,2.7738578547717134
1012,3086,3.5562217,3.5557727067142118
1013,4004,3.4235764,3.4248649962264794
1014,1449,3.3847482,3.3895284461529753
1015,3218,3.2563703,3.260527115702775
1016,1312,3.1261432,3.1408978488826893
1017,2949,3.5098338,3.5101376735754672
1018,1114,3.072262,3.091840972195786
1019,5588,3.5442913,3.54414730724945
1020,6162,3.2413988,3.2437061244107337
1021,3183,2.8210807,2.8320144722050937
1022,8404,3.5729415,3.5726760924497
1023,2946,3.7423625,3.738786012053649
1024,1007,3.1698112,3.1867577075507127
1025,5129,3.5525444,3.5523079683661436
1026,112,3.2589285,3.3419936144793474
1027,7177,3.285565,3.2872425975749415
1028,13315,3.7270746,3.7263300842530622
1029,8238,3.4811847,3.4814675073480976
1030,2923,3.0908313,3.0981845947134747
1031,3855,3.3402076,3.342612849612853
1032,7414,3.6263826,3.6257239398082355
1033,3783,3.4357653,3.436969207467095
1034,1392,3.5308907,3.53079252996987
1035,13321,3.8012536,3.800231965065502
1036,30305,3.9311004,3.9304364894332218
1037,6374,2.729997,2.7362084892737317
1038,213,3.2183099,3.277197618448236
1039,50,3.05,3.289029669761658
1040,140,3.3464286,3.3942261997022127
1041,5025,4.047164,4.04204963251875
1042,7511,3.4500067,3.450522876451167
1043,1093,3.020128,3.0423472319792366
1044,452,3.3207965,3.3414402046051634
1045,43,3.1046512,3.3322900161948255
1046,1196,3.9598663,3.9425385606805547
1047,7741,3.4280455,3.428687366437367
1049,4565,3.4027383,3.40409609065154
1050,1556,3.7596402,3.752430352891516
1051,1227,3.5741646,3.5723594119983813
1052,42,3.4285715,3.482640986857207
1053,193,3.0207255,3.12511517972122
1054,713,3.5168302,3.517566063144729
1055,295,2.7186441,2.8359506994053936
1056,663,3.4524887,3.4577881507418766
1057,3015,3.4409618,3.442382678705561
1058,122,3.2540984,3.333738232767859
1059,9556,3.5716305,3.571403686885607
1060,8964,3.8526886,3.850887856674956
1061,7977,3.6427855,3.642070922516523
1062,61,2.9344263,3.2018285957542627
1063,139,3.3129497,3.3698569933573403
1065,15,2.9,3.383122627551739
1066,1277,3.9749413,3.958103202929062
1067,125,3.408,3.442302676609584
1068,300,3.655,3.6368656022208077
1069,706,3.9447591,3.917199623647821
1070,54,3.1296296,3.3211823885257425
1071,47,3.1914895,3.364979112271181
1073,25943,3.712485,3.7121303147003495
1075,118,3.4237287,3.454779502891359
1076,433,3.8337183,3.8020765904807647
1077,6381,3.8523743,3.8498528183869007
1078,3300,3.7412121,3.738030745378181
1079,18233,3.8475292,3.8466554930152346
1080,19728,3.9875557,3.9863941072272464
1081,3515,3.5096729,3.5099307554467027
1082,1659,3.645871,3.642424126547495
1083,1398,3.4724607,3.474380589321832
1084,8717,3.882299,3.880278645484222
1085,1148,3.6759582,3.6697854199672184
1086,5338,4.0317535,4.027079318130822
1087,243,3.3868313,3.4109316425518776
1088,10367,3.2197356,3.2212155291200357
1089,27878,4.090376,4.089369174915752
1090,14928,3.912078,3.9107959618442987
1091,4690,2.7853944,2.7932284486947685
1092,10158,3.3447528,3.34565064609985
1093,6988,3.3563967,3.3576162169690362
1094,11100,3.6560361,3.6554622517572923
1095,5688,3.8624296,3.859515970947436
1096,3364,3.9239001,3.9181028113563507
1097,30706,3.745457,3.745103510989838
1098,118,2.9788136,3.1422796419688632
1099,1942,3.834964,3.827260606978313
1100,4878,2.845326,2.852253031227496
1101,18794,3.414574,3.4148750261905163
1102,73,2.5342467,2.938235587220851
1103,5458,3.798186,3.795733933441866
1104,5839,4.0117316,4.00762505101356
1105,850,2.3264706,2.3932255453533595
1106,37,2.6216216,3.1425628607300506
1107,75,2.4866667,2.903223762512207
1109,11,2.9545455,3.424638849789979
1110,28,2.517857,3.165422659653884
1111,1645,3.944681,3.9323912081816905
1112,357,3.4103642,3.4248230252277647
1113,944,3.1806145,3.1980915798747565
1114,435,3.2022989,3.2358824371062602
1115,32,2.9375,3.2975971873213603
1116,154,3.366883,3.4063870462716794
1117,219,3.6210046,3.603728523041679
1118,24,3.0208333,3.3635536142297693
1119,163,3.1411042,3.2319387673212328
1120,8276,3.5650072,3.5647853275860784
1121,110,2.8090909,3.033768519759178
1122,15,2.9666667,3.398507228264442
1123,184,3.6195652,3.6000127140273395
1124,4172,3.685882,3.6840130400736713
1125,4763,3.6352088,3.634095719666583
1126,2819,2.6303654,2.6460100913887117
1127,16141,3.660554,3.660144771097412
1128,1592,3.0065954,3.0224743017180393
1129,8216,3.3837025,3.384575713208649
1130,1780,3.2117977,3.220438743549618
1131,3016,4.11754,4.107926697802559
1132,2787,4.0742736,4.064646970145838
1133,100,3.605,3.579353141784668
1134,52,3.125,3.322578130983839
1135,3577,3.1000838,3.1059836840412656
1136,32189,4.1636586,4.162672857532852
1137,62,3.2419355,3.3696693735463277
1138,46,3.3586957,3.446905975540479
1139,23,3.2173913,3.4301776461405296
1140,28,3.4285715,3.492345773256742
1142,54,3.0833333,3.2971438948924723
1143,50,3.27,3.3990296840667726
1144,149,3.6979866,3.6552913224876824
1145,51,3.4509804,3.4891383270225904
1146,32,2.90625,3.285402065370141
1147,3453,4.1391544,4.130431981349448
1148,14176,4.149337,4.147153216442042
1149,54,3.2314816,3.374067049760085
1150,1487,3.9071958,3.894862155908102
1151,339,3.6519175,3.635997397121243
1152,151,3.460265,3.477129216217876
1153,132,3.2424242,3.3208954412858565
1154,104,3.3798077,3.427941371868183
1155,9,2.2777777,3.337338447570801
1156,40,3.275,3.4155885908338757
1157,32,3.28125,3.431743528784775
1158,12,2.875,3.4016607961347027
1159,19,2.7631578,3.3174343247344527
1160,38,3.1710527,3.3738974061879246
1161,1373,3.8051713,3.7954343621863167
1162,715,3.7958043,3.778304597131567
1163,216,3.3263888,3.364296834271653
1164,161,3.3695652,3.4071231012660745
1165,32,2.828125,3.254914260492092
1166,34,3.3529413,3.457178246407282
1167,779,2.9268293,2.9630917053314687
1168,190,2.4842105,2.701679011185964
1169,283,3.8551238,3.806014993885258
1170,146,2.0068493,2.3949130895186443
1171,2984,3.7112935,3.708273780762403
1172,8881,4.133938,4.130545839004935
1173,2712,3.432522,3.4342515539380627
1174,93,3.1236558,3.26505565309858
1175,6795,3.9655628,3.9623670320253113
1176,1598,3.8958073,3.8846498669929876
1177,1673,3.8559475,3.8464324594720187
1178,3519,4.2058825,4.1963865677493395
1179,6016,3.7175033,3.71594178664814
1180,421,3.7826602,3.7556325538902526
1181,92,3.0108695,3.1929786171711667
1183,14053,3.6265922,3.626242826604204
1184,939,3.7444088,3.733471057292063
1185,5137,3.895367,3.891826252406885
1186,6425,3.5432684,3.543150997714186
1187,1057,3.6655629,3.659352232124101
1188,6941,3.8307161,3.828551516139342
1189,2571,4.118242,4.106983061284338
1190,1411,3.4939759,3.495142322301375
1191,1467,2.8769598,2.898419905746148
1192,997,3.947342,3.9273188754048025
1193,29969,4.2334247,4.232249798830791
1194,2379,3.4199243,3.4221501778358783
1196,46454,4.1654754,4.164790033924996
1197,32123,4.1530056,4.152034372218198
1198,44809,4.1690173,4.168302900938549
1199,13487,4.0222807,4.020455246848071
1200,26793,3.9969583,3.9960848458125997
1201,14780,4.119249,4.117255645592471
1202,1464,3.8534837,3.8427365075014386
1203,13447,4.2213135,4.218745298117826
1204,11823,4.1450562,4.142457928581627
1206,24516,3.9914954,3.99055212413431
1207,14170,4.16602,4.163776736051557
1208,22396,4.111806,4.110505580519712
1209,4622,4.1048245,4.098651970698409
1210,45945,4.0039506,4.00343326657139
1211,3416,4.014198,4.007184865635664
1212,6265,4.221947,4.2164532279364195
1213,26709,4.1768694,4.175657071297094
1214,30407,4.0421777,4.041333670374577
1215,11563,3.7297847,3.72891619467647
1216,1646,3.8201702,3.811558407713782
1217,4700,4.1447873,4.138295438666093
1218,2597,4.054101,4.044164428091247
1219,19001,4.071891,4.070463526800207
1220,18494,3.8075051,3.806751664030439
1221,27842,4.2629123,4.261594955025009
1222,21322,4.037942,4.036749057548447
1223,7289,4.052682,4.049107712967745
1224,4245,4.116372,4.109523299131737
1225,19127,4.069483,4.068071155495382
1226,2063,3.9049928,3.896073428590434
1227,4122,3.9553614,3.9502402974912325
1228,9294,4.074618,4.071693213324841
1230,14638,4.064558,4.062731712991636
1231,7145,3.9472358,3.94432285231298
1232,1871,4.0211115,4.008278273841107
1233,12753,4.1275387,4.125197513749858
1234,14153,4.157034,4.154819689023279
1235,7684,3.9850988,3.9821440970709627
1236,848,4.0365567,4.0082439516063255
1237,4162,4.094065,4.087346222099529
1238,2866,3.9603977,3.952984511606978
1240,32683,3.8946242,3.8940643016079934
1241,2458,3.7200975,3.716269029954974
1242,11143,3.9687696,3.9668008638090737
1243,3862,3.93449,3.929295300584142
1244,7707,4.0647464,4.061287007719735
1245,5699,3.9726267,3.9687602110667153
1246,20115,3.9035547,3.9026236209566707
1247,16442,4.0559545,4.054353998322062
1248,4367,4.162583,4.15540013163236
1249,8521,3.8755429,3.8735157907141256
1250,11690,4.104106,4.101652599477687
1251,3000,4.0316668,4.023410897176774
1252,14739,4.1786757,4.176475988745698
1253,5773,3.92361,3.920213521847339
1254,4852,4.1403546,4.134109271783724
1255,1840,3.4603262,3.462118078161169
1256,5180,4.1036677,4.098164788167746
1257,4906,3.8358133,3.832708422169751
1258,23498,4.017342,4.0163031855969225
1259,19765,3.9955225,3.9943429302934623
1260,4065,4.1750307,4.1671695743991854
1261,7323,3.772088,3.770433170443294
1262,10350,4.116232,4.1134041657814615
1263,9948,3.9755228,3.9732849921768105
1264,2384,4.010277,4.000370931507822
1265,31276,3.8747122,3.8741589298514976
1266,13300,3.9905639,3.988831642950965
1267,8409,4.1129146,4.109457562727657
1268,2881,3.4991322,3.4996256267036117
1269,6380,4.047492,4.043452893223028
1270,41770,3.9269092,3.926432343375335
1271,8049,3.7400298,3.738721190889554
1272,7500,4.0358667,4.03250377478189
1273,2526,4.016231,4.006755678179841
1274,7975,3.879373,3.8771842032578134
1275,10463,3.617605,3.6171790906707826
1276,10585,4.095796,4.093126918208055
1277,3677,3.8009248,3.7972641207431703
1278,14096,3.9937217,3.992075808328364
1279,2261,3.8275099,3.821031072345042
1280,3021,4.124462,4.1147518909470495
1281,3834,4.0515127,4.044774132580271
1282,11367,3.726489,3.7256200573558593
1283,4630,4.0558314,4.050192842116723
1284,5206,4.180849,4.174639127751645
1285,10171,3.7509096,3.749819408481502
1286,1985,3.5604534,3.5596574928602362
1287,8360,3.8260167,3.8242452181477042
1288,15064,4.025757,4.024110357676515
1289,2592,3.9405863,3.9327792327210904
1290,2217,3.539919,3.539657331112465
1291,31369,3.996605,3.9958592790054666
1292,5960,3.9807048,3.9769390156979174
1293,9207,3.9916368,3.989132824347938
1295,3101,3.681232,3.6788014362290413
1296,5916,3.938641,3.935200058211027
1297,4016,3.6634712,3.661806049337542
1298,5880,3.6834183,3.6821083339028577
1299,6539,4.078605,4.074427410654892
1300,3208,4.0310163,4.02329755048945
1301,3549,3.8671458,3.862434934993425
1302,11265,3.6500666,3.64952747483618
1303,3334,4.0385423,4.030999674864694
1304,14274,4.0432606,4.04146218985627
1305,2198,3.8575978,3.8502682362587004
1306,977,3.5752304,3.5729338180241124
1307,20565,3.8377097,3.8369586338211605
1308,20,2.775,3.312899589538574
1309,29,3.1206896,3.378518590444251
1310,340,3.5308824,3.530520439147949
1311,147,2.5952382,2.8319948530439194
1312,295,3.5152543,3.517110074775806
1313,103,2.6990292,2.969954102647071
1314,40,3.2,3.38225523630778
1315,55,3.3454545,3.4324091843196323
1316,43,3.2558138,3.402182412403886
1317,284,3.1707747,3.224260430136127
1318,152,3.3782895,3.415361225014866
1319,21,2.6904762,3.2803235087596194
1320,12485,3.1001601,3.1018669398885637
1321,6851,3.5701358,3.5698309742424943
1322,266,1.6710526,1.9648827668986744
1323,379,1.5725594,1.8004731131600333
1324,218,1.7224771,2.05933944947684
1325,255,1.6313726,1.9423048359448793
1326,528,1.9753788,2.109693685617414
1327,2748,2.919032,2.929915357948287
1328,245,1.7693877,2.067467665268203
1329,327,2.762997,2.8644640837803443
1330,840,2.8285713,2.8678684020310303
1331,363,2.9269972,2.99976500587371
1332,668,3.0059881,3.0423440587885864
1333,10452,3.75177,3.7507049336793923
1334,2498,3.1166933,3.1247655920555677
1335,192,1.8932291,2.2310039740948637
1336,413,2.29661,2.4295959992748615
1337,604,3.477649,3.4815029806317903
1339,9156,3.438838,3.439322587849652
1340,2068,3.7386363,3.7336651299560373
1341,364,2.864011,2.94421012390063
1342,3111,2.9566057,2.965644801503984
1343,8496,3.542726,3.5426402298427146
1344,3983,3.7972634,3.793925868409637
1345,8089,3.4450488,3.445558764685839
1346,1575,3.0146031,3.0304017917926496
1347,6982,3.2787883,3.280560733311819
1348,3539,3.8841481,3.8791872859167236
1349,104,3.1394231,3.265603734301282
1350,5070,3.5651875,3.564824875444174
1351,361,3.0249307,3.0861385831577643
1352,707,3.003536,3.038180860534527
1353,1924,3.1730769,3.182068319910082
1354,3478,3.8319438,3.8276369992026935
1355,751,3.0998669,3.1265954887971152
1356,17823,3.6596813,3.659313105752497
1357,7250,3.869862,3.867520965288763
1358,12209,4.0058975,4.003948594104291
1359,3319,2.5450437,2.5596328383915923
1360,53,3.2452831,3.3825531561397812
1361,1491,4.073776,4.056069201729964
1363,1543,3.094297,3.107911572992166
1364,86,3.4360466,3.4698748308069565
1365,1002,3.8468063,3.8316567202484655
1366,1768,3.3947964,3.3984614709029497
1367,8014,3.054093,3.0570316644651547
1368,37,3.337838,3.4471606084670143
1369,88,3.3125,3.3906012272489243
1370,14651,3.4263191,3.42666515409764
1371,8884,3.0863912,3.088863049467218
1372,9821,3.3056715,3.306797924622397
1373,6711,2.8401878,2.8452748431730615
1374,14593,3.69852,3.6979378903814983
1375,9807,3.24508,3.246515417723043
1376,11905,3.491516,3.4916689500605296
1377,11999,3.1068006,3.108548663208441
1378,6091,3.29363,3.2955386088892604
1379,2722,2.9748347,2.984813481182247
1380,14553,3.3169794,3.3177021363985943
1381,3338,1.9680947,1.9911166174071175
1382,900,2.741111,2.782529374172813
1383,128,2.1992188,2.5724885919120872
1384,117,3.6410255,3.6072033408159268
1385,5574,3.1324005,3.1359181058186385
1386,27,2.4814816,3.1610775489311713
1387,20923,3.7983558,3.7977114263615577
1388,4073,2.5768476,2.588382986602117
1389,1787,1.8550644,1.900600456192108
1390,1473,3.2467754,3.256009925765891
1391,16183,2.965952,2.967683292276823
1392,1552,3.629188,3.626031735119004
1393,20825,3.6104202,3.610222955578102
1394,14198,3.883892,3.8826433483768485
1395,2067,3.3674407,3.371234245327322
1396,11255,3.6486895,3.648155982912984
1397,554,3.5216606,3.5221902700449457
1398,749,3.130841,3.155698236446357
1399,1300,3.4142308,3.4184466962461117
1400,30,3.1666667,3.392537146806717
1401,1348,3.5382047,3.5378418200687958
1404,590,3.2211864,3.2451608516275883
1405,7962,2.9669054,2.9704073152123125
1406,324,3.601852,3.5919866255897888
1407,14968,3.2705772,3.271434437595174
1408,11408,3.7151122,3.714295955077997
1409,5467,3.0542345,3.0585287305698117
1410,680,3.0433824,3.076579459725994
1411,5368,3.797038,3.794555809102669
1412,256,3.71875,3.687591403138404
1413,334,3.5688622,3.5635493335624537
1414,1473,3.4511201,3.4536460491676357
1415,247,3.5344129,3.5333432525095314
1416,4570,3.1568928,3.1609097311507055
1417,670,3.1186566,3.147087381945716
1419,1257,3.8603818,3.84766866436603
1420,78,3.6858974,3.6242418959736824
1421,172,3.0872092,3.186499801841942
1422,2540,3.0547245,3.0638621948860787
1423,162,3.808642,3.7424667871223307
1424,22,2.8181818,3.31115233235889
1425,1959,3.205462,3.2134907844946
1426,225,2.6355555,2.797828938744285
1427,703,2.5832148,2.64595344690371
1428,295,3.4220338,3.437399815821993
1429,3087,3.3001297,3.303762577352989
1430,183,3.2322404,3.295720899565537
1431,2713,2.5615554,2.5790455050542653
1432,1218,2.8711002,2.8970055185281893
1433,62,2.233871,2.811633663518088
1434,56,3.0892856,3.29625437394628
1436,62,3.048387,3.2625264866011485
1437,289,3.6937716,3.669330271296093
1438,5438,2.814178,2.8206820114360953
1439,304,2.3157895,2.487014026965125
1440,657,2.7922375,2.8442758417871414
1441,5444,3.5344415,3.5343833887928566
1442,642,3.3738317,3.384975364442506
1443,21,3.2142856,3.4352530593603428
1444,126,3.3888888,3.4284259243444963
1445,1159,2.320535,2.3704739206580707
1446,2020,4.013861,4.002126836546378
1447,558,3.2732975,3.2942483574151993
1448,48,3.28125,3.4071731567382812
1449,5465,3.9373283,3.9336178313572625
1450,258,3.7189922,3.6879966413819947
1453,1411,2.4213324,2.4592080276196824
1454,683,3.2057102,3.2276985228956154
1455,161,3.068323,3.1772651932250833
1456,503,2.2147117,2.33345919966051
1457,2530,3.1162055,3.1241871192473774
1458,205,3.0268292,3.1251096631966386
1459,3247,3.341238,3.344071224236944
1460,706,2.5906515,2.6526493874807207
1461,2299,2.7709873,2.787102046952749
1462,19,2.5263157,3.2522169196087383
1463,324,3.0524693,3.116050822212097
1464,3870,3.6793282,3.677398754017694
1465,886,3.5259593,3.526071439950894
1466,9943,3.8051896,3.803802987780762
1467,24,2.6458333,3.241931992608148
1468,1040,2.5586538,2.6031219762399656
1470,48,3.1979167,3.3663568691331514
1471,82,3.3841465,3.438658927426194
1472,373,3.0093834,3.0706926536334604
1473,211,2.8791468,3.003459567767907
1474,1641,2.5164533,2.5463647422249114
1475,696,3.091954,3.121183576916242
1476,5245,3.3634892,3.365043166451459
1477,319,3.3009405,3.331715428732275
1479,7236,3.1567855,3.1593333463435838
1480,1719,3.2547994,3.262522939236707
1482,456,3.4177632,3.42866206263365
1483,2455,3.0649695,3.074212849972967
1484,929,3.7061355,3.6970407144528976
1485,16172,3.2157123,3.2166750356692773
1486,79,3.329114,3.4062245908633684
1487,1478,3.1116374,3.1252637293326293
1488,3131,3.0429575,3.0505825339979586
1489,380,2.9828947,3.0462859065033667
1490,300,1.955,2.1797228063855854
1493,195,3.4128206,3.4363387020266787
1495,662,1.4055891,1.554638983158583
1496,311,3.2009647,3.246268664040394
1497,668,2.288922,2.375212970882405
1498,1111,3.1971197,3.2113720674539414
1499,5422,2.0738657,2.0871532410383224
1500,13295,3.736066,3.735286759722764
1501,174,2.4827585,2.7160846080098833
1502,231,3.2987013,3.339512336296543
1503,1163,2.6143594,2.6520221986165247
1504,123,3.4552846,3.4763177722864755
1507,347,3.403458,3.419150973447324
1508,178,3.286517,3.3394867474572703
1509,177,3.4039547,3.431290568759263
1510,19,2.5263157,3.2522169196087383
1511,141,3.4397163,3.462842791492402
1513,7519,2.9519217,2.9557276050233985
1514,114,2.9254386,3.109164479302197
1515,3296,2.6400182,2.653288415428841
1516,424,3.4870284,3.491356527755029
1517,20728,3.428044,3.428284756705166
1518,2772,3.3001442,3.3041823810926148
1519,105,3.2857144,3.3638901941237913
1520,131,2.7442749,2.960789918899536
1522,31,2.451613,3.116086059146457
1523,320,2.8265624,2.921359294169658
1524,17,2.5,3.267208497915695
1525,308,2.418831,2.5737512604484345
1526,707,2.513437,2.5804530402628245
1527,27172,3.7344325,3.734053403202612
1528,26,2.7692308,3.268460148259213
1529,227,3.3348017,3.369685737664949
1531,68,3.2720587,3.380533582073147
1532,60,2.525,2.980936137112704
1533,294,3.7568028,3.723555208638657
1534,89,3.550562,3.5424674740798183
1535,682,3.5146627,3.515577813966678
1537,3519,3.9533958,3.94743708115928
1538,111,2.4009008,2.75095007878653
1539,264,3.1117425,3.1780349950122226
1541,1944,3.1157408,3.126079758287313
1542,1926,3.560488,3.5596674239104575
1543,62,3.0080645,3.240205079317093
1544,13819,2.9639988,2.966032324704382
1545,565,3.8318584,3.8071592900811173
1546,394,3.6256344,3.6146462511371924
1547,239,3.2217574,3.2747508332803585
1548,38,3.0789473,3.3341246247291565
1549,118,2.9788136,3.1422796419688632
1550,621,2.7665057,2.823253383579624
1551,285,2.585965,2.7265760329232287
1552,13420,3.1876304,3.1888940711329403
1553,28,3.2857144,3.4410637464278784
1554,1172,3.521331,3.5216063711725165
1555,58,3.3793104,3.448175655470954
1556,4902,1.9047327,1.921123320913854
1557,17,3.0882354,3.416462250609896
1558,27,2.6851852,3.2325060986853265
1559,9,2.7777777,3.4136096340114785
1561,37,2.8648648,3.246011125630346
1562,8685,2.1708117,2.178580672794161
1563,191,3.3481677,3.385489593402973
1564,238,3.5987394,3.5864685525496802
1565,225,2.8266666,2.954192556034435
1566,5124,3.3444574,3.346231663139529
1567,70,2.8357143,3.1241914431254068
1568,6,2.8333333,3.4536244443484714
1569,9279,3.274006,3.2753675229578287
1570,283,3.189046,3.2399488311630114
1571,406,3.6256158,3.6149188562443384
1572,586,3.806314,3.7844386295702472
1573,17616,3.3287067,3.329270968226119
1574,105,2.9333334,3.125180490555302
1575,136,3.4485295,3.469908488694058
1577,33,3.5757575,3.5470236985080215
1578,16,2.65625,3.3167116569750235
1579,33,3.030303,3.330156245863581
1580,34338,3.5634136,3.563362215096914
1581,561,2.7860963,2.8468134418837177
1582,437,3.0526316,3.1014435026924714
1583,228,2.7105262,2.85756456594673
1584,18885,3.664628,3.6642674039906677
1585,187,3.355615,3.391995593968323
1586,6207,2.927179,2.9319807625777123
1587,6276,3.2197258,3.2221628812306897
1588,3778,2.699047,2.709875357935795
1589,4604,3.2793224,3.281994678454692
1590,6319,2.9150972,2.919909311924349
1591,4872,2.625,2.6341737036489947
1592,1280,2.3265624,2.371731464127849
1593,1446,2.8993776,2.920389676795286
1594,2306,3.667823,3.6648569538152076
1595,851,1.7021152,1.803443935549881
1596,440,3.4079545,3.420210059808225
1597,9528,3.3213687,3.322447681008811
1598,814,2.8789926,2.9165542953544192
1599,497,1.6338028,1.8069523708040143
1600,613,2.829527,2.8822065759028783
1601,582,2.8977664,2.947631307040589
1602,387,1.9793282,2.1565285252760966
1603,2835,2.7844796,2.7973666158044774
1604,702,2.9159544,2.9566528245489647
1605,821,2.6023142,2.65545689471143
1606,782,2.33312,2.4049313624317827
1608,13309,3.3006237,3.3014749006665
1609,647,2.996136,3.034294015878926
1610,19972,3.86083,3.859999055998652
1611,2328,3.393256,3.396090335861989
1612,386,3.218912,3.2543645812830793
1613,228,3.1118422,3.186701369800156
1614,4100,3.1543903,3.1588923718555866
1615,2244,3.4772727,3.4783796939833223
1616,3581,3.025691,3.0326088009967975
1617,25100,4.072052,4.070970505701145
1619,4376,3.4171617,3.4184145011677765
1620,4035,3.3598514,3.361910210099331
1621,594,3.2525253,3.2739177253675757
1622,52,2.4615386,2.9843428836149326
1623,938,2.4834754,2.536339006443255
1624,423,2.9976358,3.053705983635739
1625,15173,3.8418243,3.840793731138536
1626,677,2.4098966,2.486799141399798
1627,2345,3.1317697,3.1400429291615657
1628,32,2.671875,3.1939386507359946
1629,828,3.227657,3.2447642726072687
1630,14,2.107143,3.2172339111566544
1631,437,3.4530892,3.460786377869592
1632,156,2.371795,2.652441649761015
1633,2135,3.6470726,3.6443491402152475
1635,5040,3.798115,3.7954622092556156
1636,69,2.5144928,2.94036108505826
1639,12792,3.6324656,3.6320590980326606
1640,452,2.6670353,2.752794708388735
1641,14148,3.6999576,3.6993522484850963
1642,613,3.0522022,3.0880888885682163
1643,2356,3.8622665,3.8553212547143696
1644,6881,2.4825606,2.4901028273167882
1645,11097,3.4954042,3.4955507185017036
1646,725,2.7351725,2.7863265022154775
1647,612,2.7230392,2.7838412829396226
1648,1432,3.5502794,3.549529716553476
1649,1336,3.8708832,3.8585158440285774
1650,366,3.4508197,3.4601033433125568
1651,123,3.0365853,3.1786298558891164
1652,67,3.0298507,3.242760407618987
1653,18354,3.7777596,3.7770811664205715
1654,570,3.2982457,3.316779032830269
1655,631,2.5451665,2.6173319032363778
1656,120,3.1291666,3.2464880101821003
1657,137,3.3321168,3.3845078970659226
1658,1672,3.1791267,3.1892583494817752
1659,81,3.0185184,3.212999722429814
1660,1119,3.5482574,3.547393451703727
1661,551,3.0807621,3.1179748965975844
1662,189,2.867725,3.0058701866341435
1663,7349,3.680637,3.6796058144242654
1664,59,3.2627118,3.384430856879698
1665,3134,2.7665923,2.77854997653458
1666,125,2.572,2.845159843989781
1667,982,2.8294296,2.8632779675860736
1668,262,2.8206108,2.933983938816266
1669,265,3.4113207,3.4298506388588557
1670,645,3.524031,3.52432074135156
1671,228,3.1600878,3.226269759720178
1672,3473,3.5950186,3.5940683096469614
1673,12451,3.6900651,3.689417174297107
1674,10165,3.8508117,3.8492319238460126
1675,112,3.174107,3.2833516156231917
1676,14687,3.2388167,3.2397980866021587
1677,156,2.6153846,2.836907590477212
1678,4006,3.7139292,3.711637882085947
1679,171,1.7953216,2.1873437112273133
1680,6317,3.5524774,3.552285605628767
1681,1897,2.0347917,2.0731396196313434
1682,25255,3.8202138,3.8196365285404963
1683,1668,3.68735,3.682714102015645
1684,544,3.5101104,3.5116212376039035
1685,77,2.9415584,3.1724642768619566
1686,868,3.1163595,3.138783214918149
1687,4268,3.159911,3.1641738685318144
1688,3562,3.4184446,3.419962002721472
1689,1850,3.2002702,3.208896207809448
1690,10256,3.012968,3.0154670509532333
1692,102,2.5,2.838177430002313
1693,4367,3.5887337,3.58804684622352
1694,2720,3.7,3.696896425653451
1695,188,3.5398936,3.5374074423012614
1696,229,3.5283842,3.528325996945836
1697,21,2.3809524,3.1887742096269633
1698,41,2.6707318,3.1417909061515723
1699,1045,3.6205742,3.6163498136006536
1701,2822,3.465273,3.46636598289511
1702,3795,2.5503294,2.563043750309045
1703,626,2.694888,2.756513209032589
1704,29352,4.049111,4.048224807701892
1705,11,2.3181818,3.3098847318868168
1706,9,1.6111112,3.2356435565625206
1707,2587,1.8299189,1.8621172027964008
1708,11,1.9090909,3.23611424594629
1709,18,2.5,3.25592602000517
1711,4249,3.251471,3.254687934288953
1713,2121,2.8675153,2.8827282242487238
1714,31,2.3387096,3.07287613256478
1715,89,2.5449438,2.898582506522858
1716,25,2.72,3.258706267674764
1717,6402,2.7440643,2.7501399282040393
1718,40,2.8,3.204477416144477
1719,3388,4.0039845,3.9970629116766254
1720,46,2.1195652,2.853155945738157
1721,31442,3.3496597,3.349942927392029
1722,11238,3.2285104,3.229837226918367
1723,48,2.7708333,3.157173117812799
1724,29,2.8965516,3.296240076234069
1725,125,3.468,3.4851597785949706
1726,1910,2.905759,2.9216341035706654
1727,2027,3.148002,3.15715110227358
1728,209,3.4138756,3.435918785890557
1729,10985,3.6839325,3.6832262756708904
1730,1606,3.665629,3.6614752408962894
1731,715,1.841958,1.9521607480017968
1732,21327,3.9486802,3.9476963462366514
1733,497,3.2565393,3.2813583614621344
1734,1673,3.953975,3.9416152531507054
1735,2686,3.255957,3.26092952158716
1738,11,2.0454545,3.2607044079264655
1739,573,1.578534,1.7349967181586914
1740,11,2.090909,3.2689011214209382
1742,22,2.1818182,3.1167079276508756
1743,46,3.4565217,3.493780935804049
1744,434,2.465438,2.5752128372507648
1746,384,2.7526042,2.841942396032096
1747,9680,3.5183368,3.5183867349654037
1748,11103,3.806899,3.8056490049120195
1749,88,3.1193182,3.267412862915924
1750,319,2.2272727,2.403531101014879
1752,1552,2.740013,2.7646085927251276
1753,2214,3.274842,3.2804342801073836
1754,3474,3.4834485,3.4840814634294976
1755,567,3.484127,3.4876872020950196
1756,438,2.6723745,2.7600471201490184
1757,444,3.8524776,3.8196417040187822
1759,340,3.7735295,3.7420589984991612
1760,2475,1.7793939,1.8140209504873446
1762,1320,2.7477272,2.776206434208111
1764,9,2.4444444,3.3627621885073387
1765,20,2.275,3.1700424466814314
1767,201,3.2114427,3.274513760410932
1768,37,3.4054055,3.4758962488722527
1769,2446,3.0936222,3.102324875501486
1770,190,2.868421,3.0058457255363464
1771,320,2.6671875,2.7835214975717903
1772,2569,2.5544958,2.5730823631184663
1773,105,3.2238095,3.321954611809023
1774,9,2.7222223,3.405135090068235
1776,11,2.0454545,3.2607044079264655
1777,12530,3.40004,3.4005487327166315
1779,5585,2.8322291,2.8384033188739495
1780,120,3.2083333,3.302370351903579
1781,7,2.2857144,3.3754907030808297
1782,32,2.890625,3.2793045043945312
1783,1147,2.8561466,2.8842131075703707
1784,20572,3.785874,3.785248794145004
1785,1180,3.459322,3.4621161794274804
1787,18,3.2222223,3.44710251864265
1788,620,3.8,3.7797058802932058
1789,12,2.4583333,3.3210156194625364
1791,455,2.9714286,3.026540588624407
1792,4192,3.207419,3.2111982734964344
1793,111,2.6711712,2.9372855358242247
1794,1088,3.5206802,3.5210044069742694
1795,49,3.0714285,3.3020501787012275
1796,30,2.4666667,3.1300371289253235
1797,1672,3.9004188,3.889606929960705
1798,280,2.4875,2.6451604727542763
1799,2010,3.5425372,3.5421858088484086
1801,5542,3.0896788,3.0935984766363926
1804,704,2.9339488,2.9733460120244115
1805,6951,3.2131348,3.215383905901975
1806,956,2.8420503,2.876146192342102
1807,143,3.1923077,3.279290010274383
1809,977,3.971341,3.949759516534926
1810,3558,3.4772344,3.477938701466816
1811,71,3.2887323,3.387627784870873
1812,199,3.1356783,3.214469676036911
1814,215,3.4,3.424162225903205
1815,10,2.8,3.4067161480585733
1816,639,2.824726,2.8757662558590207
1817,81,2.728395,3.0336104058127367
1819,19,3.3947368,3.4913473613020303
1820,56,2.9732144,3.2349337271924288
1821,1460,3.158904,3.171127761436614
1822,155,1.8903226,2.2897705711969514
1824,431,3.0788863,3.125577862693961
1825,183,2.6393442,2.830055625653574
1826,383,1.1762402,1.44781285951099
1827,940,3.762766,3.7509120209048494
1829,247,3.0991902,3.171390429088965
1830,9,2.5,3.371236768819518
1831,6870,2.5745997,2.581488902169156
1832,44,2.5795455,3.0840741624223424
1833,2250,3.0153334,3.026479630884917
1834,4097,3.879546,3.8753080859597056
1835,4605,3.242671,3.245736408950691
1836,1381,3.3005068,3.308457653310897
1837,441,2.6235828,2.7156883946747015
1839,482,2.2614107,2.380456641204375
1840,1465,3.364505,3.3699028853929476
1841,674,2.9502966,2.990197382579192
1842,21,2.8333333,3.322577009738331
1843,39,2.4230769,3.043853564208813
1844,599,3.8096828,3.7879861235067547
1845,2209,3.7086916,3.704693540106204
1846,280,3.4928572,3.4981908798217773
1848,1325,3.0181131,3.0366566363247958
1849,43,2.3255813,2.9720749009040093
1850,96,2.96875,3.1602943106873393
1851,14,3.0,3.412546396255493
1852,12,3.0416667,3.4339188760326755
1853,142,1.9436619,2.3562654331326485
1854,374,2.947861,3.016280582490957
1855,720,2.2972221,2.3771466341885654
1856,555,3.0648649,3.103145412177094
1857,214,2.9415889,3.0526628385890615
1858,1172,3.140785,3.1566309039214238
1859,356,3.613764,3.6032092864877483
1860,463,3.850972,3.819498979092574
1861,93,3.1989248,3.31400681042171
1862,1892,2.1009514,2.1376946863749984
1863,931,2.2422128,2.3077503164487756
1864,96,2.4375,2.810979242194189
1865,387,3.4599483,3.4677413317377015
1866,1547,3.0229475,3.0387619467325035
1867,235,2.0787234,2.3329928966990687
1869,404,2.2710395,2.4094778010498583
1870,345,3.2869565,3.3174758953384207
1871,61,3.3032787,3.4045312533507475
1872,65,3.2,3.3426345431286357
1873,2586,3.7161639,3.712595882654552
1874,167,3.1347306,3.225359335473056
1875,952,3.3487394,3.357687489477222
1876,10800,2.9590278,2.9616500327114683
1877,42,2.5714285,3.0913366079330444
1878,135,2.0074074,2.4183944431511133
1879,207,3.5120773,3.5151866808939536
1880,268,3.5578358,3.553153988700243
1881,578,2.8356402,2.8907691088451704
1882,7045,2.3587651,2.3670053949147736
1883,4566,3.3408892,3.3429166220089797
1884,8168,3.7328598,3.731613801848021
1885,3894,3.621469,3.6202848216341184
1886,71,2.0422535,2.656222871512421
1887,507,2.601578,2.6847450878718595
1888,2692,2.9231055,2.9341367311846334
1889,1495,3.5722408,3.5708110093298853
1890,59,2.822034,3.1458987927218094
1891,100,2.42,2.7893531799316404
1892,3878,3.360624,3.3627553798273477
1893,172,3.6453488,3.618932255753526
1894,4576,2.8275788,2.835149909323343
1895,2838,3.189394,3.1952573176566252
1896,250,3.092,3.164676570892334
1897,941,3.5446334,3.5437971624187696
1898,97,3.1443298,3.2748500587177927
1899,82,3.012195,3.207598245505131
1900,688,4.03125,3.997158495068227
1901,62,3.2903225,3.3964550622871945
1902,262,3.2461832,3.291355629762014
1903,47,2.755319,3.1536388446375265
1904,850,3.53,3.529892161157396
1905,44,2.590909,3.089393250485684
1906,224,3.0982144,3.176653256381515
1907,8091,3.6692622,3.668394938365729
1908,41,2.6585367,3.1362964058970357
1909,10654,3.3330674,3.333978254075186
1910,276,3.4492753,3.4613587110320485
1911,6423,2.6885412,2.6950259430780856
1912,7164,3.68579,3.684696835760334
1913,1606,3.7459526,3.7393737046614937
1914,2454,3.822331,3.8164549220484285
1915,27,2.6296296,3.2130255699157715
1916,2806,3.6258018,3.6240906249575255
1917,20054,2.9694824,2.9708716403522484
1918,8005,3.09619,3.098870729378926
1919,781,3.1549296,3.177380284677774
1920,3512,2.8026764,2.8128586816760945
1921,8929,3.7375405,3.7363739777599094
1922,206,3.2572815,3.3101678397506475
1923,22883,3.5362933,3.5362753161673757
1924,2094,2.6332378,2.654105878587979
1925,309,3.7281554,3.7002868526161214
1926,167,3.1736526,3.255313187700263
1927,2394,3.947786,3.9391992125300455
1928,145,3.0172415,3.1482204290536733
1929,684,3.7288013,3.715126736612346
1930,70,2.8142858,3.111691435178121
1931,1737,3.9078872,3.8972596928735785
1932,254,3.312992,3.3483650056939376
1933,190,3.494737,3.501679092645645
1934,822,3.9349148,3.91158596036631
1935,852,3.85446,3.836366840582465
1936,663,3.7684767,3.7516171637959097
1937,505,3.5673268,3.563789180807165
1938,1026,3.8581872,3.842846686955278
1939,1691,4.091662,4.075475757112454
1940,645,3.7612402,3.7444646427099655
1941,768,3.7701824,3.7553826777451196
1942,834,3.9118705,3.8901617073904875
1943,480,3.2114584,3.2413264580492704
1944,2673,3.9377105,3.930188468217937
1945,5284,4.148467,4.142651468884154
1946,1173,3.915601,3.8997571218822786
1947,7913,3.7674081,3.7659052520724647
1948,1202,3.7753744,3.7654976144004553
1949,1965,4.1198473,4.105162734133434
1950,3198,4.0619135,4.05369529289565
1951,1990,3.6683416,3.664903346230002
1952,5850,3.9936752,3.9897293349443856
1953,7916,3.9533224,3.9506531724252207
1954,14204,3.7266967,3.7259999521152993
1955,4582,3.726102,3.723964346814032
1956,3966,3.8885527,3.8840644525816717
1957,6047,3.7228377,3.721240357529908
1958,4572,3.6426072,3.6413680534247246
1959,4593,3.6354234,3.634267229369404
1960,6428,3.8493311,3.846851426460523
1961,23688,3.897522,3.8967437634864606
1962,7681,3.708892,3.7077225770667828
1963,2168,3.925738,3.9167732921562504
1964,2088,3.7938218,3.7876066006267037
1965,5610,3.5946524,3.59406413669721
1966,1513,3.8023794,3.793603938432817
1967,7811,3.63513,3.6344489049189663
1968,20299,3.834376,3.83362343883191
1969,2032,2.4055119,2.432470250198408
1970,2184,2.6680403,2.6872886889943506
1971,1617,2.3858998,2.4201577187442607
1972,1306,2.2006125,2.2495596999615692
1973,1254,2.2675438,2.315876445887279
1974,3603,2.8845406,2.893348644767237
1975,1584,2.434659,2.468116788268819
1976,1277,2.1527016,2.2045236875351515
1977,1190,2.2218487,2.2745185109876815
1978,1037,2.0038574,2.0739678623704814
1979,1116,2.1232078,2.1834501565831808
1980,971,1.9969105,2.071893260598066
1981,1131,1.7847039,1.8585122985218059
1982,6026,3.5529373,3.552732546679514
1983,1506,2.7768924,2.801030179528773
1984,986,1.93357,2.0105241470355324
1985,925,2.3345945,2.3957978163010036
1986,863,2.1297798,2.206355914881561
1987,573,2.4624782,2.547998323486475
1988,283,2.0830388,2.3000088640161462
1989,176,1.5482955,1.9862963583617084
1990,147,1.414966,1.9512841090333037
1991,2153,2.800511,2.8170235593157686
1992,1101,2.277021,2.33136665044299
1993,900,2.0022223,2.0825295147142913
1994,8425,3.5218992,3.5219355664773677
1995,1360,2.4643383,2.5020589084489973
1996,1014,1.990138,2.062408793241458
1997,12784,3.7425687,3.741733024030046
1998,938,1.91258,1.9943350423202824
1999,961,2.6217482,2.666570720285855
2000,16617,3.6928446,3.6923502834483943
2001,12103,3.3184748,3.319337044823153
2002,8272,3.1898572,3.191889220835698
2003,10328,3.247047,3.2484008328122975
2004,4211,2.712895,2.7224603292388667
2005,9917,3.6215086,3.6210398052548936
2006,12311,3.2924213,3.2933744921690824
2007,359,2.7256267,2.823723611738396
2008,91,2.5384614,2.889382702239016
2009,3785,3.4939234,3.494368483843051
2010,5321,3.9801729,3.975964033543742
2011,18849,3.4804764,3.4806022670283014
2012,18769,3.2748682,3.275540950720315
2013,4655,3.3093448,3.3116690471499175
2014,1682,3.0772889,3.090301871850364
2015,2243,3.3778422,3.381117748267984
2016,775,2.6025805,2.65867017399181
2017,899,2.967742,2.9972634320515352
2018,6854,3.5161948,3.5162807457140395
2019,11457,4.2580953,4.254923126270098
2020,6924,3.8877816,3.885202596274426
2021,8322,3.312545,3.3138321748602295
2022,2549,3.6345625,3.6325135676848883
2023,9558,3.421898,3.4224503522709346
2024,729,3.296982,3.3118137147215427
2025,2133,3.4432724,3.4452143365289443
2026,1078,2.6377552,2.677218995618482
2027,958,2.4650314,2.517760949002372
2028,37836,4.0496883,4.048999920091728
2029,450,3.46,3.4668059730529786
2030,37,2.8108108,3.2230226335854364
2031,236,2.6165254,2.775884498249401
2032,214,2.8971963,3.0166779395305747
2033,1340,3.1895523,3.2017288208007812
2034,1983,2.8224912,2.839844051863956
2035,294,3.132653,3.1901248568712277
2036,988,2.33249,2.390080016472436
2037,388,3.3195877,3.343385844470159
2038,1118,2.8837209,2.91130385905096
2039,57,2.6929824,3.0832053099837258
2040,732,2.8859289,2.9269858077359014
2041,753,2.6992033,2.7508132238019893
2042,2195,2.6396356,2.659422285041724
2043,996,3.2946787,3.3058345532098192
2044,264,2.5,2.663703724077553
2045,366,3.387978,3.4048147728809943
2046,4736,3.43106,3.432073440902461
2047,144,2.9444444,3.0948606471425477
2048,1528,3.4568062,3.459063888955932
2049,179,3.2402234,3.3030696914706166
2050,933,2.500536,2.5528006354765633
2051,810,2.5685184,2.624305666879166
2052,2149,2.9834807,2.995863108810591
2053,4103,2.1110163,2.1280767492234145
2054,15099,2.7038546,2.7065748883533876
2055,203,2.7463055,2.900802288130809
2056,153,3.3986928,3.4305565263250193
2057,664,3.3509035,3.363309384728012
2058,8071,3.583261,3.582921143397808
2059,2989,3.192874,3.1983886871262577
2060,2373,3.0488832,3.058771276198484
2061,122,3.1188524,3.2378079031789024
2062,396,3.128788,3.1735493612930914
2063,67,2.7089553,3.0589997748024444
2064,6683,3.8937602,3.8910444697458395
2065,3634,3.6856081,3.6834698646257547
2066,1027,4.1090555,4.082082625329771
2067,5277,3.9355695,3.9317445750976785
2068,1723,3.9631457,3.950875954377873
2069,1012,3.8023715,3.789456618932232
2070,1593,3.9516635,3.938772316176356
2071,1243,3.810539,3.7996155880074673
2072,2964,3.0831647,3.0905451613225603
2073,560,3.4678571,3.4727917342889505
2074,260,3.5173078,3.519041892020933
2075,540,3.75,3.7311914734921214
2076,8389,3.8365717,3.8347437973058622
2077,948,3.4905064,3.4923878222524762
2078,8401,3.6442685,3.6435809661306413
2079,133,3.2330828,3.313677475100658
2080,9405,3.5925572,3.5922161140875613
2081,13319,3.518207,3.5182439208217953
2082,4104,2.869274,2.8772034325964704
2083,3204,3.5912921,3.5903205270773073
2084,947,3.184266,3.201507479400788
2085,7337,3.4244924,3.425193367879704
2086,193,2.9792745,3.092193210075912
2087,6639,3.5613043,3.5610558262390306
2088,3223,2.5587962,2.5736031215415975
2089,2207,3.2922518,3.2974757411916222
2090,2728,3.455645,3.4569484375637156
2091,1065,2.8995304,2.9277155666607912
2093,1783,2.9551318,2.970759909333782
2094,6294,3.0586274,3.062327178023652
2095,730,2.8061643,2.8524395930461393
2096,5968,3.5943365,3.5937858523225894
2097,1254,3.4110844,3.415569650249247
2098,437,2.8421052,2.912531663260176
2099,1261,3.5987313,3.596035936422515
2100,10686,3.2238443,3.225261088854865
2101,142,3.1478872,3.2468903958797455
2102,1195,3.4288702,3.432853702560486
2103,199,3.0427136,3.140172627077524
2104,277,3.2490976,3.2917522953920044
2105,9372,3.3235168,3.324602297526007
2106,1378,3.3359942,3.3427192136353137
2107,2003,2.5124812,2.5372152158938786
2108,6391,3.6099985,3.609362390392631
2109,6415,3.636633,3.6357932168203826
2110,2351,3.285623,3.2906717265064347
2111,2022,3.2299702,3.237163488238935
2112,2428,3.3972406,3.3998802422130177
2113,477,2.1404612,2.2721118877237165
2114,3052,3.6005898,3.599420661852484
2115,20520,3.683577,3.6831990401027386
2116,4711,3.2091913,3.2125400732705836
2117,3154,3.631579,3.6299634488780845
2118,3182,3.6406348,3.6388932004718497
2119,1175,2.3331914,2.3819615169447297
2120,1445,2.9224913,2.9427444249092534
2121,1774,2.7570462,2.778181451977345
2122,2245,2.60245,2.622615678118205
2123,2289,2.989515,3.0010273432109846
2124,7616,3.184152,3.186394957938768
2125,5332,3.6516316,3.6504835798943276
2126,4258,2.7973228,2.805803908832447
2127,35,2.4571428,3.087093745960909
2128,220,3.3045454,3.3459368811713324
2129,65,3.4615386,3.4904606549636177
2130,1850,3.8305407,3.822580623626709
2131,477,3.9182389,3.8812199512061856
2132,2852,4.0347123,4.0259829395643845
2133,4176,3.2284484,3.231993244205444
2134,5346,3.2922747,3.2944595233169283
2135,1907,3.0508652,3.06305715632061
2136,2582,2.8576684,2.870403790908744
2137,5113,3.5723646,3.5719355043920693
2138,2570,3.6984437,3.6951920431078844
2139,4262,3.7278273,3.7255108921558824
2140,7265,3.5907776,3.5903489394132517
2141,4171,3.3544714,3.35652768699458
2142,1985,2.997985,3.011008829683871
2143,2862,3.262928,3.2674804022023967
2144,7898,3.640352,3.639645590095827
2145,6611,3.3599305,3.3611925545620713
2146,2883,3.1675339,3.1736798941621673
2147,1184,2.5891047,2.627149819941343
2148,1030,2.945631,2.9725953031469277
2149,593,2.2849915,2.381653080090394
2150,7966,3.6527116,3.651934108393873
2151,1411,3.1328845,3.1464086257783133
2152,669,1.9872944,2.0944408160091608
2153,2479,2.0730133,2.101780527521377
2154,987,2.678318,2.7192891598207627
2155,1697,3.4157336,3.4189483958376976
2156,54,3.1388888,3.3259900624935446
2157,108,3.3194444,3.38546181328689
2158,183,2.8360655,2.9845620664915815
2159,1511,3.4272006,3.430431139766979
2160,7286,3.7635877,3.761982422033599
2161,9404,3.5060613,3.506177658204526
2162,1893,2.4360802,2.4641805562663803
2163,1638,2.5164835,2.5464472846962263
2164,204,2.1691177,2.4366258974150408
2165,877,3.2109463,3.2280505860893474
2166,908,3.5280838,3.52808252704915
2167,11071,3.35042,3.3512186646064874
2168,472,3.0413136,3.087936803298892
2169,997,2.7161484,2.7549215861468968
2170,843,2.6909845,2.7378531829240207
2171,1093,3.6532478,3.647771523276235
2172,95,3.3210526,3.3924342188341865
2173,690,3.5239131,3.52419329656137
2174,18590,3.4817643,3.4818884986152976
2175,98,3.4336734,3.4655605457924508
2176,2876,3.920897,3.9141841290018284
2177,572,3.1993008,3.2257283078895886
2178,1032,3.6022286,3.5988012268009997
2179,351,3.034188,3.0957680016087177
2180,533,3.3536584,3.3686156375125997
2181,1028,3.5121596,3.5128970535434023
2182,731,3.6354308,3.6285568419247674
2183,2193,3.867077,3.8595198735667826
2184,1315,3.6452472,3.640954626348866
2185,290,3.4689655,3.477655803456026
2186,4874,4.1312065,4.12508194781628
2187,244,3.5163934,3.518377430584966
2188,1992,2.7981927,2.8160641069627066
2189,174,3.4568965,3.4727811068296432
2190,273,2.857143,2.9609999627151726
2191,89,2.9550562,3.1611724483023447
2192,57,3.0526316,3.274794126225409
2193,8502,3.454599,3.4550283966608646
2194,14345,3.8812478,3.880020984389294
2195,1040,3.0591347,3.080645027510617
2196,295,2.1457627,2.346095537793809
2197,140,3.4928572,3.5021209465829948
2198,53,3.481132,3.5039123007394735
2199,66,3.159091,3.318129095537909
2200,90,2.6833334,2.985021250588553
2201,232,3.2413793,3.2922090706250344
2202,1422,3.8579466,3.846741225084533
2203,2085,4.1347723,4.1205635673826695
2204,714,3.7226892,3.7099516017274707
2205,583,3.3679245,3.3805733408784793
2206,1327,3.9167295,3.9026165212854234
2207,148,2.9560812,3.1005201002564093
2208,2062,4.0676527,4.054878239378785
2209,156,3.3589745,3.40001448844243
2210,513,3.708577,3.6925451653888763
2211,226,3.409292,3.4308078168095024
2212,1199,3.768557,3.758929462219067
2213,19,1.9736842,3.100043029024981
2214,68,2.9558823,3.1983302245705816
2215,76,2.9407895,3.1738330825926764
2216,39,2.7179487,3.173067052712601
2217,7,1.5714285,3.2877713881040873
2218,39,2.3461537,3.0101456749305298
2219,117,3.1837606,3.2868440993531736
2220,30,2.8333333,3.267537087202072
2221,185,3.5108109,3.514480753147856
2222,18,2.0833333,3.1456318813211777
2223,34,2.764706,3.2190829742522467
2224,16,1.78125,3.1045904448538115
2225,35,2.642857,3.163564317366656
2226,84,3.1547618,3.294051938982152
2227,218,3.571101,3.5630708078839888
2229,12,2.5416667,3.3371446824842885
2230,12,1.8333334,3.200047900599818
2231,6297,3.7232015,3.7216642348432383
2232,6126,3.5867612,3.5862859945377537
2233,54,2.898148,3.2009900441536536
2234,51,2.627451,3.0732967074554747
2235,32,2.375,3.0780849921994093
2236,1633,3.4556031,3.4577557152392817
2237,361,3.6218836,3.610469489202012
2238,537,3.8510242,3.8235143754104537
2239,629,3.689984,3.678060320585922
2240,1419,3.4224806,3.426074143572678
2241,627,2.744019,2.801924523081702
2242,62,2.435484,2.923240831920079
2243,5284,3.695212,3.6936450285280427
2244,84,2.0535715,2.6037535240401084
2245,4223,3.3511722,3.3532420330127954
2246,58,2.525862,2.9898422603253967
2247,1936,3.114411,3.124825221174073
2248,8351,3.8625913,3.860600242471712
2249,1623,3.1223044,3.1344310070181494
2250,352,3.2457387,3.2808532525057816
2251,7,2.357143,3.384262628722609
2252,1471,3.0509858,3.066668705122005
2253,3374,2.6941316,2.7063092963996334
2254,9,3.0555556,3.4559825355723754
2255,436,2.5905964,2.687043242984348
2256,120,2.2333333,2.6141351251041187
2257,115,2.7956522,3.0175937378045283
2258,42,2.0357144,2.846771452737891
2259,1263,2.6405385,2.6743359001011497
2260,239,2.5439332,2.7141972074871656
2261,1014,3.3052268,3.315698258858874
2262,2085,3.0906475,3.1008912980975256
2263,1288,3.1172361,3.132588276770439
2264,552,2.7155797,2.783061445749479
2265,609,2.0738916,2.1842230317806077
2266,1158,2.8570812,2.8848534518519773
2267,518,3.0357144,3.079054616706472
2268,14358,3.8107674,3.8097863321434056
2269,2831,2.7887673,2.8015978141858815
2270,28,3.232143,3.4218329649705153
2271,466,3.2113733,3.242059962694035
2272,802,3.4706984,3.474064614291482
2273,9364,3.401965,3.4026346207678078
2274,11,2.4545455,3.3344749153637494
2275,606,3.3853135,3.3961935319551606
2276,328,3.472561,3.479901954610512
2277,8,2.375,3.36901671310951
2278,9400,3.5714362,3.5712066599931664
2279,2314,2.6469316,2.665568021751701
2280,793,3.310845,3.323728319871751
2281,94,3.180851,3.301409456464979
2282,2079,3.4086099,3.4114151634818346
2283,456,3.2182016,3.248819992005118
2284,319,3.7037618,3.6799538988408034
2285,575,3.7930434,3.7718446559906007
2286,225,2.5022223,2.688738133690574
2287,1382,3.4880607,3.4894573145738526
2288,8480,3.818573,3.8168701046656333
2289,7085,3.9462245,3.943294072201307
2290,921,3.5108578,3.5117435860461974
2291,20331,3.7277064,3.7272166451752278
2292,168,2.892857,3.038545678514953
2293,79,3.398734,3.4488601758498554
2294,9604,3.2781653,3.279459591753517
2295,459,3.4117646,3.423188469030534
2296,2016,2.6478174,2.6691204229836774
2297,3740,3.289706,3.292850495642911
2298,145,2.2827587,2.6020665780091896
2299,38,3.2631578,3.4136700846932153
2300,5876,3.9080157,3.904809886444432
2301,3936,3.5940042,3.5931769494010286
2302,12767,3.5890186,3.5887807772741254
2303,2117,3.9241853,3.915045315514086
2304,99,3.409091,3.4490132747880566
2305,197,3.6218274,3.6028459921539553
2306,842,2.5071259,2.56435307045154
2307,179,2.6731844,2.8598383233016236
2308,35,2.8,3.228270208134371
2309,42,3.3452382,3.4445975448774253
2310,866,3.5825634,3.5795882903852836
2311,3806,3.386101,3.3879417540868784
2312,2457,3.7271063,3.7231365093730293
2313,6366,3.920201,3.9171450962300907
2314,586,2.9206486,2.968400997185857
2315,1610,2.1478262,2.189399483692215
2316,2403,3.0362048,3.0462303871142344
2317,61,2.3770492,2.8955222615250595
2318,4064,3.847072,3.843194728808665
2319,18,2.8333333,3.3441612930858837
2320,1617,3.1032777,3.1160185861959384
2321,12645,3.5782127,3.5780152061315165
2322,2045,2.839609,2.8560397067331755
2323,216,3.6342592,3.6142968486126206
2324,19228,4.160651,4.1590104978205025
2325,1540,3.0883117,3.1021402167074337
2326,41,2.7195122,3.1637689071697195
2327,625,2.84,2.890967282542476
2328,1514,2.784346,2.8081221037813466
2329,24565,4.148036,4.146776655934435
2330,746,4.0844502,4.049501070425139
2331,1088,3.3409927,3.3492117883450954
2332,157,2.9745224,3.1082269500419137
2333,4107,3.8143413,3.810897935030407
2334,2741,3.1039767,3.111574051158909
2335,5601,2.906713,2.9122106763582867
2336,8224,3.8866732,3.8845060992592453
2337,1288,3.3466616,3.3534402604951272
2338,3889,2.0929544,2.1111710129670307
2339,302,2.5645695,2.701428836042231
2340,5083,3.2992327,3.301461697228582
2341,270,3.2166667,3.265321806073189
2342,235,3.6234043,3.6066770930039254
2343,17,3.0882354,3.416462250609896
2344,1506,3.5119522,3.512469746153275
2345,227,3.5132158,3.51589513169299
2346,1986,3.2887714,3.294647815185352
2347,589,3.4448218,3.451334945099641
2348,2176,3.5505514,3.550046202735867
2349,1324,3.7333837,3.7259118845022052
2350,129,2.6782947,2.9156591079754537
2351,1104,4.106431,4.081371578434724
2352,6027,3.7343621,3.732664719290182
2353,13453,3.5567904,3.556683964529082
2354,1152,2.639323,2.6762920639875922
2355,19574,3.5931337,3.5929678851276137
2356,1084,2.9612546,2.986245989589254
2357,2162,4.0878816,4.075227356733078
2358,112,3.5401785,3.536438058923792
2359,5987,3.7992318,3.7969858476573393
2360,2212,4.10443,4.0916899066388766
2361,1105,3.3004525,3.3103055840446833
2362,351,2.7720797,2.8663415118048614
2363,2100,3.2085714,3.2160013864206713
2364,652,2.6602762,2.722084095675042
2365,774,2.757752,2.804493898326911
2366,6016,3.5487034,3.5485332701570163
2367,2515,2.7719681,2.786706747367368
2368,386,1.753886,1.957346237033879
2369,4900,2.939592,2.945536000800855
2370,856,3.3925233,3.400003205861477
2371,5741,3.4572375,3.457848964588071
2372,1711,2.8834016,2.9017053732203193
2373,1508,2.4247348,2.460143192741776
2374,1449,2.8961353,2.917213517558662
2375,3423,2.884312,2.8935798020449353
2376,3208,3.1733167,3.178760895632468
2377,981,2.9072375,2.9373452822984016
2378,5376,2.9281993,2.933726936787466
2379,3132,2.4038954,2.4215598031457004
2380,2547,2.1847272,2.210590345473027
2381,2529,2.0674179,2.095735842333879
2382,2121,1.9014616,1.9389235493446044
2383,1969,1.7996445,1.8424482076341648
2384,4820,2.9719918,2.9777008904568714
2385,908,2.527533,2.579752591557194
2386,539,1.6298702,1.7910067816541637
2387,2055,2.8270073,2.843659362430527
2388,145,3.4241378,3.450784383675991
2389,2642,2.7314534,2.746249220523579
2390,2315,3.6790497,3.675857545457481
2391,5968,3.7224364,3.7208214642875572
2392,1447,2.360401,2.3994008641125126
2393,7398,3.1999865,3.202188880820023
2394,5885,3.4342396,3.435030019875826
2395,12954,3.8525167,3.8512691224549083
2396,22363,3.8233242,3.8226655125165885
2397,147,3.312925,3.367527711209912
2398,4396,3.7476115,3.74514242533462
2399,1246,2.7239165,2.7549405605704695
2400,328,2.824695,2.9177327130837414
2401,2443,3.719607,3.7157654034484118
2402,4546,2.800814,2.808725635210673
2403,5323,3.5486567,3.548465027792281
2404,3378,2.419923,2.4360860822637553
2405,5573,3.1377175,3.1411884253334157
2406,12332,3.4799302,3.480124514007815
2407,9665,3.290895,3.2921155945762677
2408,1719,2.4796393,2.509272420520901
2409,5062,3.1488543,3.1525632260550913
2410,4701,2.9228888,2.9292576321549877
2411,4556,2.8127744,2.8205391285060233
2412,3291,2.2168033,2.23642701890004
2413,4124,3.4505334,3.4514620675387198
2414,2387,3.3730624,3.3762424504800954
2415,64,2.8828125,3.165815520704838
2416,2428,3.0521004,3.0617041118304704
2417,501,2.9500997,3.002546138642271
2418,619,3.022617,3.0603930572401428
2419,332,3.1716866,3.2183322956424734
2420,7885,3.3029804,3.3043986899190227
2421,5474,2.6148155,2.623081620493978
2422,3363,2.161909,2.181923024926128
2423,5392,3.601354,3.6006804686703693
2424,10899,3.1533628,3.1550738508161946
2425,542,3.6116235,3.6045657436589935
2426,144,3.2361112,3.3113555514935364
2427,7653,3.4110806,3.411839905519323
2428,5288,2.8333018,2.8398094409500985
2429,1339,2.7539208,2.7817875535647762
2430,858,3.095571,3.1193864786677423
2431,5735,3.1210985,3.124615898396089
2432,1947,3.2339497,3.2413134500869347
2433,3565,3.3443198,3.34686116987574
2434,251,3.5059762,3.5096445036092865
2435,609,2.9729064,3.015027218776697
2436,1196,3.4046822,3.409633091517857
2437,717,3.5516038,3.550068956621312
2438,14,2.892857,3.389108881354332
2439,1452,3.5705924,3.5691765240441944
2440,324,3.1743827,3.2216656679775624
2441,178,3.0926967,3.1881709475266304
2442,1215,3.6843622,3.6781841973542226
2443,1126,3.5373,3.5369072219952433
2444,70,3.4571428,3.486691395441691
2445,697,2.8342898,2.8807268439526537
2446,570,2.6824563,2.7506500559468425
2447,2626,3.0668316,3.075449447460773
2448,1287,2.3372183,2.381752357254656
2449,293,1.6723549,1.9428657894579384
2450,3424,2.1387267,2.1587228637765588
2451,639,2.6627543,2.7255485708377876
2452,87,1.7873564,2.4226494461950594
2453,1095,3.0986302,3.1173825565904507
2454,3174,3.3251417,3.3282886552751507
2455,9494,3.4129977,3.4136005184376628
2456,1623,2.2849662,2.3221178489463883
2457,1199,3.3306923,3.3385932959013696
2458,802,2.4931421,2.553876708930647
2459,2887,3.234153,3.2391565453247186
2460,764,2.2781413,2.354917557878049
2461,388,1.984536,2.1607373457521066
2462,532,1.7330827,1.8872902753836511
2463,3067,3.3968048,3.3989102727983638
2464,123,2.4756098,2.7797859665975406
2465,229,2.2729259,2.4978601787252663
2466,77,3.422078,3.4638028914534202
2467,5071,3.873595,3.870221287029559
2468,2656,2.7249622,2.7398014280061234
2469,3358,3.187016,3.1920195809552365
2470,11206,3.1427805,3.1444919800283895
2471,4796,2.5506673,2.5607518102824565
2472,485,2.9494846,3.0035569979765704
2473,1158,2.4028497,2.4494229239343808
2474,2981,3.4340825,3.4356327700323885
2475,573,3.1404886,3.1715938222159545
2476,1873,3.2736251,3.280240690590377
2477,277,2.4259927,2.5945044489810956
2478,5972,3.1051574,3.10866868396963
2479,288,2.4027777,2.569239464031874
2480,36,3.0416667,3.3244531653648197
2481,410,3.628049,3.617180471834929
2482,324,3.2700617,3.3045533965615665
2483,287,3.4547038,3.4655874249489442
2484,13,1.9230769,3.196872518176124
2485,5248,2.9903772,2.995451576172428
2486,57,2.4298246,2.9430184208344077
2487,96,2.2760417,2.704814910888672
2488,992,3.797883,3.78493564188366
2489,17,2.9411764,3.3791487821892128
2490,7598,3.416557,3.417286037463523
2491,819,2.7307692,2.7766431637271225
2492,704,2.7741477,2.824141889415306
2493,242,3.7438016,3.706859435120674
2494,180,3.6722221,3.640882409137228
2495,871,3.6969001,3.6877339652513967
2496,3511,3.2154658,3.2198549107667
2497,1716,2.8665502,2.885279232621328
2498,817,2.3629131,2.4301072640952492
2499,340,3.4529412,3.4625717187539125
2500,965,2.6668394,2.7092639930142557
2501,6840,3.8782895,3.8757478785964676
2502,19926,3.9828868,3.9817483565976346
2503,103,3.6359224,3.600673070920059
2504,1416,2.9194915,2.940247595554159
2505,3844,2.9669614,2.974166032039758
2506,1246,3.1396468,3.1546318233013153
2507,406,2.6502464,2.7464978077955413
2508,11,2.4545455,3.3344749153637494
2509,152,2.944079,3.0886285423052193
2510,72,2.4652777,2.9008439486144018
2511,965,3.8538861,3.837835549133752
2512,155,3.612903,3.5922095252246393
2513,3129,2.9840205,2.9925772333790124
2514,931,2.103652,2.1762517652987947
2515,428,1.8271028,2.005027111604124
2516,371,1.6752021,1.8952564372019642
2517,2027,3.0308337,3.0428035253507333
2518,1867,3.3452063,3.3499755128075446
2519,747,3.2670684,3.283441723664402
2520,1355,3.0258303,3.0437031912209727
2521,607,2.532949,2.608680357127429
2522,560,2.4419644,2.530988568165263
2523,226,2.6283185,2.7913150770076807
2524,1804,2.9952881,3.0096562904061623
2525,692,2.3078034,2.3900308853211105
2526,531,2.4227872,2.5179052787885814
2527,3791,3.4122922,3.413799234306834
2528,4645,3.430786,3.431821820834955
2529,11880,3.6237795,3.623378361160777
2530,2228,2.896993,2.910844248988526
2531,1835,2.772207,2.792256156076487
2532,1828,2.8120897,2.8311517078655597
2533,3099,3.0177476,3.0258503993680343
2534,84,2.25,2.7268878310474
2535,640,2.6671875,2.7295694765837295
2536,289,1.9982699,2.2239025810123545
2537,260,1.9653846,2.2174289226531982
2538,38,3.5526316,3.5386701226234436
2539,8511,3.238515,3.240205967179833
2540,974,3.0005133,3.0262724007479846
2541,8073,3.281494,3.283011601855569
2542,15420,4.005642,4.004098360817434
2543,43,2.7906976,3.1871286566539476
2544,111,3.1711712,3.282006032718635
2545,116,3.3189654,3.3819455411060746
2546,946,2.9936576,3.0204849884691964
2547,8,2.5,3.3862580924198546
2548,758,2.2064643,2.288246165407766
2549,1482,2.165992,2.2104459173063074
2550,1424,3.5898876,3.5877903248594123
2551,1639,3.5061014,3.5067513999746986
2552,264,2.2727273,2.472620903306706
2553,1298,3.4063945,3.4109072748914318
2554,671,3.157228,3.1829444558544395
2555,1309,1.696333,1.763725484005224
2556,45,1.9222223,2.767399693790235
2557,220,3.8113637,3.7588999359696
2558,1869,2.73328,2.7539881103171724
2559,341,2.5718474,2.694125181573736
2560,1436,3.2381616,3.2479158647929998
2561,1033,3.0919652,3.1120988175699473
2562,207,3.2777777,3.3264706125519155
2563,818,3.6411982,3.6346809479498092
2564,18,2.5555556,3.2706319093704224
2565,3441,3.770125,3.766657918205032
2566,262,2.2480917,2.453214724858602
2567,3559,3.044816,3.0515109931837987
2568,1323,2.139078,2.189659893295666
2569,48,2.90625,3.223499687350526
2570,693,3.6363637,3.6290754299625894
2571,56142,4.165598,4.165030629800501
2572,11386,3.4939399,3.4940890524511614
2573,290,3.3137932,3.3453029183780445
2574,1352,2.6246302,2.6568495128702336
2575,1225,3.915102,3.899923863130457
2576,28,2.642857,3.2102944545256786
2577,212,3.212264,3.272530344606356
2578,91,3.0,3.187255101846465
2579,1305,3.7988505,3.7888582430202584
2580,7786,3.688351,3.687328126675137
2581,6733,3.063122,3.0665492591438928
2582,489,3.084867,3.1259794668717817
2583,1733,3.5983844,3.5964122829447955
2584,20,2.1,3.120042392185756
2585,547,3.8263254,3.8013450120961045
2586,149,2.6577182,2.8763968764837062
2587,835,2.9538922,2.9863310533728304
2588,14,2.7142856,3.3500463739037514
2589,315,2.7603176,2.865487676777252
2590,543,3.189687,3.2182175678909326
2591,30,2.9,3.2925371527671814
2592,30,2.9,3.2925371527671814
2593,455,3.5582418,3.555253482100987
2594,2403,3.8866,3.8792918106511425
2595,17,2.5,3.267208497915695
2596,1419,3.6050036,3.602384663829193
2597,441,2.4988663,2.6036721310159097
2598,3576,3.0134227,3.020519206619894
2599,12582,3.7810364,3.7800350430798426
2600,5031,3.3371098,3.3389888592907537
2601,16,2.625,3.309135899399266
2602,51,2.6568627,3.0881482067674693
2603,29,2.913793,3.3025692263736
2604,27,3.2407408,3.427311302779557
2605,7658,3.1433794,3.14587477896581
2606,1736,2.7618089,2.7832604543893096
2607,544,3.796875,3.774247423165575
2608,47,3.0,3.2721955604159954
2609,436,3.9392202,3.896919695928754
2610,339,3.8053098,3.7696734761824033
2611,1126,3.839254,3.826022843114373
2612,1020,3.947059,3.9274794988543076
2613,1323,3.0438397,3.061473330874905
2614,280,2.0,2.2315241495768228
2615,941,2.9569607,2.9857749419303765
2616,5462,2.7293117,2.736557238766348
2617,16241,3.1724648,3.173556230965478
2618,1140,3.8421052,3.828909950096066
2619,10,2.25,3.315049489339193
2620,219,3.543379,3.5405315439940384
2621,377,3.5954907,3.5875947564770523
2622,3263,3.2922158,3.2957751897034098
2623,37,2.4054055,3.0506088925504136
2624,701,3.9365191,3.9093247545702003
2625,584,2.984589,3.027449532638213
2626,251,3.615538,3.601006570448511
2627,89,3.516854,3.520884745412593
2628,28136,3.0761302,3.076931842721939
2629,809,2.6773794,2.726895086701452
2630,339,3.5132744,3.5151748111744467
2631,34,1.7205882,2.7964639096033004
2632,129,3.6550388,3.619569714508909
2633,1551,3.341715,3.3475347192193627
2634,567,3.117284,3.1505721735992926
2635,164,3.057927,3.1677709338820983
2636,69,2.6231885,3.0033863492372657
2637,154,2.685065,2.891681294815213
2638,168,2.7202382,2.9055182955680636
2639,1117,3.1620412,3.177723200993346
2640,13793,3.3996592,3.4001229299352254
2641,7452,3.1046698,3.107491654035283
2642,4409,2.4219778,2.434380557564348
2643,3031,2.0036292,2.028368418574991
2644,1958,3.7326353,3.727541238900675
2646,193,2.8782384,3.0119464534790916
2647,250,3.114,3.183009966214498
2648,3144,3.855757,3.8506271043417972
2649,334,3.251497,3.287507753819227
2650,159,2.7515724,2.9373348147104803
2651,361,3.0734072,3.1287176614840244
2652,236,3.177966,3.239171234877793
2653,207,2.7560387,2.906237249708361
2654,795,3.5911949,3.587459040816719
2655,269,1.6951673,1.9824544636059704
2656,343,2.7696793,2.866165323111847
2657,12404,3.335537,3.3363098909063478
2658,38,2.8947368,3.2545791647650977
2659,231,3.2424242,3.2932490072216427
2660,932,3.6732833,3.6658890436720215
2661,483,3.221532,3.2502870107904833
2662,4365,3.620046,3.619004150479188
2663,204,3.0392158,3.135444855126809
2664,4277,3.7608137,3.7581241553447415
2665,331,3.163142,3.211031391238916
2666,99,2.8434343,3.073174284608572
2667,207,2.647343,2.8186885364324668
2668,1301,2.5664873,2.6020747318168995
2669,433,3.5242493,3.5246437326474713
2670,1184,3.899071,3.8840380936039907
2671,12256,3.4486375,3.4489601813504973
2672,3707,3.2957919,3.298882994589604
2673,103,3.3252428,3.391522702048807
2674,171,2.7719297,2.9429997966300308
2675,89,3.252809,3.3518199611910813
2676,1825,3.128493,3.13914817237854
2677,2498,3.9523618,3.9440356361996995
2678,179,2.9888268,3.106563135005501
2679,49,2.7244897,3.1303329708600285
2680,23,2.826087,3.3068900043017244
2681,414,3.357488,3.375868463310702
2682,684,3.7923977,3.7743910378916063
2683,22938,3.202873,3.203580287532929
2684,26,2.4423077,3.156618024173536
2685,53,3.1698112,3.343718112093731
2686,5287,3.900889,3.8973960443138966
2687,5186,3.4596028,3.4602565432068406
2688,5234,3.0626671,3.0670709188556597
2689,208,3.1923077,3.257375865019569
2690,2646,3.749622,3.7455130056740624
2691,620,3.6508064,3.6416462001515857
2692,16629,3.9951892,3.993788836764106
2693,1664,3.648137,3.64463424237495
2694,8661,3.1091099,3.1115145938922777
2695,99,2.959596,3.1503554718606424
2696,1171,3.821947,3.8099123839957123
2697,349,3.6146133,3.603766940291364
2698,19,2.1578948,3.1507677029872285
2699,12473,2.7846148,2.787583118047442
2700,16194,3.6286588,3.6283491206151517
2701,10447,2.2999425,2.3057923405082086
2702,2848,3.0795295,3.087268134328396
2703,26,2.9615386,3.334249628217597
2704,425,3.46,3.4671641801532944
2705,109,3.293578,3.3673142232235125
2706,22022,3.3114612,3.311951873029389
2707,6224,3.457182,3.4577467811689053
2708,472,3.6959746,3.6798907568628305
2709,1701,3.1099353,3.121874864002012
2710,17859,2.8835602,2.8853595530649305
2711,275,3.5018182,3.505855288872352
2712,13957,3.23164,3.2326982117332412
2713,3488,2.5146215,2.5289436823368883
2714,523,3.201721,3.2301972561481738
2715,123,2.292683,2.649728117650644
2716,27878,3.7522779,3.751876428761751
2717,7577,2.9960406,2.999528315740315
2718,2766,3.1760666,3.1823165083134715
2719,4240,2.4442217,2.456853875469217
2720,3646,2.1232858,2.1422897425048797
2721,573,3.604712,3.598560113585397
2722,6721,2.686877,2.693088667657875
2723,7543,3.0601883,3.0632692304631552
2724,7685,2.8527,2.8570656019715086
2725,614,3.5700326,3.566871963351606
2726,1999,4.069785,4.056565846973306
2727,331,3.336858,3.3619500752196223
2728,4778,3.8456466,3.8423576053747386
2729,2893,3.8361561,3.8309217305398904
2730,2399,3.810963,3.8051870165186643
2731,2764,4.114508,4.1040879536285075
2732,1666,3.9690876,3.956237128286651
2733,276,2.4166667,2.587125740168285
2734,2474,3.3130558,3.3173149382066804
2735,3535,2.8685997,2.8777971390733494
2736,1316,3.4578269,3.46039758978267
2737,98,2.4591837,2.8202903464033797
2738,467,3.4089935,3.4205085604057093
2739,5106,3.7374656,3.735434915688354
2740,69,2.2826087,2.805907335601935
2741,296,2.9054055,2.995384403735916
2742,44,2.7727273,3.174499663900822
2743,80,3.31875,3.3992535517765927
2744,221,3.504525,3.508867093997688
2745,2166,3.812096,3.8056873479044393
2746,7694,3.2881465,3.2896955201694786
2747,2651,3.2270842,3.2326557116347834
2748,845,2.2195265,2.2926289236079382
2749,506,3.1551383,3.1886743272808817
2750,2065,3.7130752,3.708701265619156
2751,296,2.9729729,3.0531876845166863
2752,883,2.9218574,2.954344068181732
2753,293,3.2013652,3.248988287094383
2754,65,2.0076923,2.6687214892843496
2755,163,2.588957,2.8094036243331266
2756,197,2.9365482,3.056287333067612
2757,698,3.691977,3.6810199627901783
2758,184,2.9619565,3.08291865617801
2759,2597,3.2706969,3.27555827829673
2760,36,3.0694444,3.336081027984619
2761,8246,3.858113,3.8561238167141076
2762,38959,4.029865,4.029221596226805
2763,10899,3.50289,3.5030050487189066
2764,2476,3.5418012,3.541529206557587
2765,227,3.1696036,3.2343067993756236
2766,235,3.255319,3.3031682884484006
2767,235,2.93617,3.040010326787045
2768,62,2.967742,3.2178836720330373
2769,657,3.1210046,3.14979205003385
2770,8779,3.0787106,3.0812552883395767
2771,1444,2.9830332,3.0012736824781223
2772,1804,3.1277716,3.13856686331822
2773,87,3.0632184,3.2328683668679563
2774,616,3.3141234,3.3301846529986405
2775,146,3.2054794,3.2877702007488327
2776,111,3.463964,3.4838693897176234
2777,72,2.2152777,2.7533029650078444
2778,166,2.5,2.7379767100016275
2779,2114,3.5496688,3.549169495894596
2780,413,3.2445521,3.275168469348685
2781,331,3.1616313,3.2097190152315958
2782,607,3.4011533,3.410811321557566
2783,120,3.0416667,3.184723405277028
2784,444,3.3975224,3.410734690152682
2785,116,3.1724138,3.279535982982222
2786,357,2.5364146,2.658238304335011
2787,980,2.9642856,2.9916532710917947
2788,5419,3.9873593,3.9831601639599574
2789,1198,2.8843906,2.91017860518052
2790,507,2.642012,2.7215493590014197
2791,17879,3.7975,3.7967484853465674
2792,3916,3.054137,3.0601118073821727
2793,1987,2.6489682,2.6705463043778446
2794,2933,2.9454484,2.955213919686584
2795,5513,3.7707238,3.768542762456685
2796,1243,2.9070797,2.9310928324074683
2797,18116,3.6197283,3.619476017704701
2798,1537,2.0709174,2.1168260641945333
2799,1026,1.7675439,1.8493522518629477
2800,268,3.074627,3.1459213352803164
2801,777,3.388031,3.396497050680878
2802,1870,3.0149732,3.028334784011046
2803,4395,3.317975,3.3203381977145665
2804,12068,4.0133824,4.011379946614083
2805,4163,2.8349748,2.8432003131479826
2806,1582,2.4646018,2.4971831776932176
2807,1146,1.7923211,1.8648853961839325
2808,3754,2.5693927,2.5819934527580672
2809,240,2.50625,2.6824239533523033
2810,1199,3.8185987,3.8069678681482784
2811,33,2.8484848,3.257867063384458
2812,294,2.9642856,3.0462294747663097
2813,113,3.1902654,3.2938831993407267
2814,91,2.554945,2.9000210187113877
2815,1579,2.569981,2.5993880438175285
2816,885,1.838983,1.9293079962704909
2817,652,1.6886503,1.819662297213519
2818,416,1.59375,1.8012939256659906
2819,3226,3.9617174,3.955098655634311
2820,310,3.5951612,3.5858415034082203
2821,28,2.9642856,3.3256790576837
2822,1727,2.9965258,3.0114816908227238
2823,39,2.8076923,3.212392906124672
2824,117,3.5512822,3.544329239222818
2825,51,3.0294118,3.276267037533297
2826,6909,3.1154292,3.118393886532998
2827,2676,2.4736547,2.492994523975487
2828,886,2.0011287,2.0826954851802597
2829,1403,2.7965076,2.82168143696401
2830,126,3.4603174,3.4795622635971415
2831,72,2.6180556,2.9910079612106575
2832,32,3.0,3.3219874312237994
2833,147,3.2176871,3.296461814551184
2834,178,3.2837079,3.3372937189905265
2835,434,2.314516,2.4398821129286583
2836,1099,3.2424932,3.254919881712778
2837,173,3.3439307,3.3852151755260245
2838,21,2.8809524,3.3366615335706253
2839,162,3.7530863,3.7000139366905644
2840,4544,3.0201364,3.025664469445328
2841,4031,3.5243115,3.5243574607258363
2842,373,3.2010725,3.2397233921303537
2843,1353,4.0447154,4.0263028593464405
2844,495,3.0808082,3.1218403851220367
2845,39,2.3205128,2.9989097466629544
2846,1375,3.2472727,3.2571248932888635
2847,345,3.8144927,3.778235320803485
2848,366,3.7390711,3.7137091423456488
2849,186,2.8978496,3.0313685910176424
2850,55,2.7818182,3.137171120870681
2851,553,2.499096,2.5844162708491236
2852,965,3.783938,3.7713330766837587
2853,161,2.8850932,3.0374548649900897
2854,63,2.2539682,2.8177253841298873
2855,89,2.286517,2.7331149200741334
2856,435,2.7954023,2.8709339481039144
2857,3958,3.579712,3.5790675462125066
2858,45039,4.1343946,4.133722269658533
2859,2060,4.0995145,4.08597289442451
2860,1651,3.0599637,3.0737231294944802
2861,2095,3.102864,3.1127753407805114
2862,954,2.5854297,2.632373379521161
2863,3901,3.8324788,3.8286263271694816
2864,153,3.0392158,3.1596206268066256
2865,125,2.932,3.1023026262010847
2866,1286,3.62014,3.6166939421328244
2867,1885,3.3190982,3.324497747174837
2868,385,2.3701298,2.503225175813697
2869,45,3.0,3.2779259932668587
2870,1193,3.5725062,3.5707183051090134
2871,7766,3.8060133,3.8042352369766275
2872,5697,3.6060207,3.6053424107628076
2873,194,2.9664948,3.0815695094280557
2874,410,3.3768294,3.3932674293932705
2875,1845,3.098916,3.110239096870523
2876,421,2.7482185,2.831004189331314
2877,1532,3.0678852,3.082429225767307
2878,191,2.1753926,2.4560288848718668
2879,930,3.332258,3.342247853473741
2880,446,3.2432735,3.2719817517265195
2881,6786,3.1774979,3.1800619474693375
2882,880,2.8045454,2.8434440038537465
2883,1593,3.4296925,3.4326860211059516
2884,264,2.4943182,2.658926708683087
2885,474,3.25,3.27653238427548
2886,353,2.2875354,2.4414465900686184
2887,102,1.7107843,2.3085721684129616
2888,1034,2.7799807,2.814486135855812
2889,1724,3.299884,3.3063151774573085
2890,11148,3.6110065,3.610636132596795
2891,1211,3.384393,3.390089503741283
2892,146,2.4349315,2.7137906673003216
2893,430,2.9767442,3.034172842899958
2894,454,2.7687225,2.8440535711863686
2895,19,2.8157895,3.3319270887236665
2896,92,2.9347825,3.143682815659214
2897,167,3.502994,3.508769481412826
2898,628,2.7961783,2.8501518693997094
2899,621,3.326087,3.3411371015045574
2900,839,2.6966627,2.7434228850430125
2901,1659,3.1564195,3.167292537013992
2902,1011,2.5306628,2.5776654429080685
2903,680,2.0566177,2.1574014115006954
2904,131,3.576336,3.56299985179585
2905,1187,4.101938,4.078741393170245
2906,1500,2.4173334,2.4531632361873505
2907,1428,2.5164566,2.5506786196738362
2908,7279,3.8047123,3.8028249104297216
2909,17,1.5294118,3.0209398483162495
2910,50,2.88,3.204029750823975
2911,83,3.1024096,3.2624283177512035
2912,3041,3.626932,3.6253325443983617
2913,189,3.2804232,3.3322299055474573
2914,121,2.289256,2.6514792804829557
2915,7242,3.513463,3.5135631051223095
2916,19640,3.579837,3.5797056016006588
2917,3475,3.9379857,3.932171101603948
2918,22571,3.937619,3.936713706771984
2919,2561,3.9240532,3.9164700093556073
2920,964,4.1192946,4.090141031163684
2921,2363,3.833263,3.826938769257123
2922,1501,3.64024,3.6366235591917944
2923,123,3.402439,3.4387455537829097
2924,1838,3.8166485,3.809005763571141
2925,789,4.0145755,3.985581673655095
2926,3023,3.3403904,3.3434439573620027
2927,900,3.98,3.9562136700278834
2928,472,3.3315678,3.3503888009608476
2929,1277,3.5090055,3.5097234757573603
2930,79,3.7025316,3.6349066967187924
2931,366,4.01776,3.958901577270948
2932,1331,3.949662,3.934397575390848
2933,125,3.636,3.605159766333444
2934,37,3.2702703,3.418424968061776
2935,1285,4.1206226,4.098429254824749
2936,1311,4.0488176,4.029686178029416
2937,804,4.0839553,4.051408689530169
2938,245,3.867347,3.809840626635794
2939,462,3.4642856,3.4705135198310018
2940,946,3.9075053,3.888456785535238
2941,1834,3.5414395,3.5410844338168004
2942,3401,2.9408998,2.949406941639655
2943,978,3.6973414,3.689107879126582
2944,6542,3.8488994,3.846465808818641
2945,128,2.7617188,2.9769829739345592
2946,1886,3.7367444,3.731354811467415
2947,10608,3.7455223,3.7445020745453323
2948,6611,3.7063985,3.7050598059629754
2949,6665,3.6831207,3.6819661382588538
2950,3349,2.5097044,2.524684566720579
2951,6386,3.9383807,3.9351930136707276
2952,1670,3.7305388,3.7246528143106503
2953,6577,2.5349703,2.5424630336493808
2954,14,2.142857,3.225046381354332
2955,25,1.72,2.9253729343414308
2956,835,3.1634731,3.1840712229410806
2957,21,3.0714285,3.3929995583816313
2958,7,2.5714285,3.410578405647947
2959,43815,4.230469,4.229668577299224
2960,78,3.1858974,3.3195543959736824
2961,1658,2.8814838,2.9004116502243686
2962,409,3.3031785,3.3276753721673504
2963,110,3.3045454,3.3743935227394104
2964,221,3.1153846,3.191523842266125
2965,365,2.0068493,2.190127614032791
2966,3463,3.9483106,3.942329241209413
2967,769,3.720416,3.7086726818620357
2968,7821,3.5975578,3.597116299224406
2969,597,3.8458962,3.821333890351851
2970,1223,3.9403107,3.924118598427065
2971,2091,3.757054,3.751706245957775
2972,474,3.8881857,3.853822537960897
2973,3716,4.0239506,4.017366785099072
2974,564,1.7898936,1.931438070166771
2975,558,3.1487455,3.1799391100281165
2976,3314,3.1775799,3.1827891471127976
2977,380,2.6842105,2.782332497973775
2978,912,2.8908992,2.924015616180991
2979,289,2.3875432,2.555760927959881
2980,14,1.7857143,3.146921392530203
2981,54,3.4351852,3.479836248434507
2982,174,2.2528737,2.537513330578804
2983,667,3.8230884,3.802514556727815
2984,130,3.7615385,3.6966831949022083
2985,13369,3.3271375,3.3278861173761523
2986,4576,2.4497378,2.461392798054749
2987,20000,3.532975,3.5329627001374737
2988,660,3.6242423,3.617468860787405
2989,3729,3.449182,3.450225660869702
2990,3794,3.2037427,3.2079612212672317
2991,4494,3.481197,3.4817127687200693
2992,187,2.275401,2.5396750124194956
2993,3913,3.613468,3.612390357377762
2994,63,3.2063491,3.348698803808837
2995,2644,2.5425491,2.560839969490578
2996,674,3.338279,3.3513853885850855
2997,26170,3.943695,3.942902475527277
2998,69,3.3405797,3.4193527057391253
2999,77,3.2077923,3.333881693562185
3000,10287,4.1023135,4.099535855124165
3001,70,2.05,2.665858050187429
3002,360,3.838889,3.8009828474463485
3003,163,3.417178,3.443206430041174
3004,1518,2.5171278,2.5493640927027683
3005,6102,3.2921174,3.294034961528679
3006,8282,3.9261048,3.9237161294462815
3007,1913,3.906691,3.897046864306022
3008,656,3.7789633,3.7611939265437573
3009,20,2.675,3.284328120095389
3010,314,3.5764332,3.5697884297632907
3011,986,3.6713996,3.664481629736175
3012,86,3.5523255,3.5434041268685283
3013,431,2.9013922,2.9665343384732825
3014,215,2.8488371,2.976992278728845
3015,938,3.3384862,3.3480799796610228
3016,2501,3.1979208,3.2043915673453682
3017,632,2.700158,2.760854693102347
3018,1901,3.4881642,3.4891866160196745
3019,3435,3.8499272,3.845309284530377
3020,5982,3.5786526,3.578233246698936
3021,227,2.592511,2.7613824997567957
3022,2146,4.1232524,4.10970063852265
3023,30,3.15,3.3862871527671814
3024,902,2.3087583,2.3727971836298454
3025,51,2.77451,3.1475542040154485
3026,67,2.0,2.653016832139757
3028,837,3.6326165,3.626722656753179
3029,722,3.0768697,3.106091854485823
3030,3445,4.186357,4.176939315550317
3031,328,2.262195,2.4296374749885032
3032,1528,3.4136126,3.417238928066007
3033,10848,3.4080937,3.4086440932227835
3034,4410,3.6849205,3.683162016184341
3035,2306,4.045967,4.034975851735761
3036,1035,3.2599034,3.272260848278274
3037,3646,3.9694185,3.9634477581296648
3038,562,4.0435944,4.001475489996617
3039,8621,3.7428372,3.7415987071577423
3040,1864,3.1791844,3.1882982024827595
3041,432,1.78125,1.9624542932787377
3042,352,1.6079545,1.8467735176655784
3043,200,1.5925,1.9796118545532226
3044,3489,3.7533677,3.750184442943757
3045,738,3.2235773,3.2428971928388335
3046,527,3.4392788,3.4469721292499034
3047,82,3.5914633,3.5674466833923804
3048,299,2.5367892,2.678804968011413
3049,206,3.0946603,3.179308544844389
3050,115,2.6652174,2.926684668569854
3051,1109,3.0162308,3.038311432722419
3052,15072,3.6182988,3.6180003978102127
3053,2421,3.054523,3.064104868882294
3054,1407,2.0934613,2.1426925074996896
3055,563,3.4804618,3.4843441809954494
3056,101,2.9554455,3.1450527661683543
3057,50,3.02,3.2740296840667726
3058,59,2.118644,2.765164819332438
3059,18,2.7222223,3.3147495774661793
3060,4714,3.7635765,3.761104665415113
3061,1552,3.836018,3.8264063907770924
3062,2556,3.9074726,3.9001930014316795
3063,1059,2.605288,2.646891786989809
3064,403,2.137717,2.2911764322790353
3065,35,3.2,3.392976129756254
3066,1803,3.6719356,3.6680533086938336
3067,2572,3.8926904,3.8857371205141487
3068,2230,3.8630044,3.8556591596519736
3069,222,3.641892,3.620966851711273
3070,3397,3.3662055,3.368553204573788
3071,2346,3.7425406,3.7380647796621305
3072,6744,3.6543593,3.6534298443955677
3073,154,3.2792208,3.340210664506052
3074,1332,3.7642643,3.7557185796856363
3075,1117,3.854521,3.8405338189697917
3076,570,3.5701754,3.56677895592105
3077,1039,4.0572667,4.032968855210681
3078,712,3.5435393,3.5425235442914986
3079,1263,3.752969,3.744404303056088
3080,8,2.0,3.317292575178475
3081,12704,3.534005,3.5339816181529216
3082,8021,3.1962972,3.1983524420464913
3083,4102,3.9940274,3.9884160082923654
3084,18,2.1944444,3.1750436600516823
3085,31,2.7903225,3.245715656398255
3086,419,3.5620525,3.55842849033982
3087,4887,3.4633722,3.4640273566861275
3088,3333,4.00255,3.995537255806152
3089,3246,4.1232285,4.114199891541768
3090,1031,4.0649853,4.04015059034434
3091,1282,4.0390015,4.019821957424954
3092,122,3.6147542,3.5895522195239398
3093,1304,3.8167179,3.8060583920387256
3094,607,3.7520592,3.735012049725792
3095,3376,3.997038,3.9901934844739104
3096,596,3.9253356,3.8945867092616786
3097,1541,4.009085,3.9939680887722204
3098,4494,3.807855,3.8047761550881494
3099,1247,3.2514033,3.2620685613421907
3100,5069,3.6901755,3.688592058533126
3101,8820,3.4232993,3.423889842888145
3102,1349,3.5837657,3.58177481028248
3103,376,3.0824468,3.1347487588443665
3104,4861,3.81187,3.808980557176252
3105,6389,3.7757864,3.7738627547672734
3106,89,3.1910112,3.312251548972919
3107,7013,3.3193355,3.3208130475702764
3108,7030,3.6211948,3.620537103232691
3109,309,3.118123,3.1752172512596366
3110,179,3.3463688,3.3860392258156855
3111,1173,3.746803,3.737860132024021
3112,338,3.4600592,3.4688220810644403
3113,4843,2.6442287,2.6532602795983493
3114,22236,3.8277793,3.827106853174605
3115,602,3.2068107,3.2314463473536486
3116,38,2.6578948,3.152306518771432
3117,503,3.3170974,3.3361717438827156
3118,332,3.439759,3.4513166562424904
3119,77,3.012987,3.2157713428257018
3120,856,2.9503505,2.982232910644666
3121,142,3.5316901,3.5307446171840033
3122,135,3.2185185,3.302178196004919
3123,33,2.1969697,2.998830976256405
3124,131,3.2099237,3.297806518512536
3125,1112,3.6083634,3.604907968163285
3126,59,3.2372882,3.3706694983561105
3127,546,2.9926739,3.0375887659572114
3128,272,3.2371323,3.2823073227213038
3129,1614,3.6843247,3.679629267981419
3130,1004,2.4566734,2.5074981466868795
3131,15,2.9666667,3.398507228264442
3132,141,3.4503546,3.4706961496962303
3133,215,3.6093023,3.5939734341963283
3134,1484,4.1462264,4.126077546290033
3135,1347,3.8370452,3.8259862877252533
3136,39,2.8461537,3.2292467985260354
3137,112,3.1964285,3.2987837379361378
3138,319,3.1912227,3.236864499606414
3139,115,2.9130435,3.099411949966893
3140,105,3.5809524,3.563890141825522
3141,500,2.989,3.038005473396995
3142,1012,3.4110672,3.4165753519018716
3143,172,3.4825583,3.492806254206477
3144,237,3.0864978,3.1634248922926207
3145,1026,3.3245614,3.3340175856444914
3146,3257,2.6329443,2.6464779868672395
3147,22563,3.9949253,3.9938929652417032
3148,6329,3.6986885,3.6973510786440142
3149,50,2.34,2.9340296506881716
3150,295,3.5762713,3.569284062454666
3151,17,2.735294,3.326909986894522
3152,2532,3.9922986,3.98330868795618
3153,1403,3.584462,3.5825210278885824
3154,44,3.2045455,3.376627353911704
3155,3147,3.392755,3.3948711459995398
3156,3638,3.0750413,3.081183079525085
3157,4669,2.8850932,2.8919057378225292
3158,337,3.620178,3.6082763567143323
3159,3811,3.5359485,3.5358463506320694
3160,11102,3.8583589,3.8568779620925873
3161,162,3.351852,3.3934103003088034
3162,88,2.375,2.792775140292403
3163,1403,3.6585886,3.6540969320600474
3164,11,2.7272727,3.3836552393241006
3165,330,2.571212,2.6971130182868555
3166,82,1.7256098,2.4083558429371226
3167,1005,3.5522387,3.551092763647649
3168,5016,3.695574,3.6939207224614337
3169,1569,3.5579987,3.557074034928245
3170,8,1.9375,3.3086718855233026
3171,149,3.899329,3.806045138057153
3172,44,3.3295455,3.4351379922095764
3173,3740,3.1848931,3.1894203905694405
3174,7193,3.5243988,3.524424073512788
3175,13137,3.6071022,3.6068024561006884
3176,12721,3.4906847,3.4908310739018233
3177,1181,2.819221,2.84801218008046
3178,4104,3.7425683,3.7399862989187813
3179,1376,3.5069041,3.5076458945682307
3180,335,2.4402986,2.581566197531564
3181,1211,3.6345994,3.6303750198101072
3182,875,3.8942857,3.8744896630983097
3183,186,3.5026882,3.5080634274725186
3184,43,2.872093,3.224763083201583
3185,1869,3.3319957,3.337104210821274
3186,4532,3.5782216,3.5776741765878546
3187,26,2.4038463,3.1434601608075594
3188,284,3.6883802,3.664380113521736
3189,1624,3.4913793,3.4924748442363853
3190,950,2.3026316,2.3639030051231384
3191,6,2.8333333,3.4536244443484714
3192,129,3.7015505,3.653089283564903
3193,5,2.5,3.434599442915483
3194,1055,3.449289,3.452853350617767
3195,6,3.25,3.4982673100062778
3196,2618,4.0985484,4.087857088763854
3197,1115,3.125112,3.142405933576592
3198,4215,3.9651246,3.9600007475330847
3199,268,3.3880596,3.4100721587175093
3200,1073,3.888164,3.8721308886527166
3201,1977,3.908447,3.8990640069794997
3202,126,3.670635,3.6301305537874047
3203,2994,3.6017034,3.6004937467374565
3204,1282,3.548362,3.5475999059619845
3205,193,3.4067357,3.4316993888022966
3206,694,3.0223343,3.0563212357541567
3207,65,3.0,3.2295910379161006
3208,1694,2.7638724,2.785781416050885
3209,11,2.5454545,3.3508683423526953
3210,7340,3.6756132,3.6746148308171955
3211,343,3.4766765,3.483213731654121
3212,19,2.7105262,3.3029415607452393
3213,1657,3.4948702,3.4958423358624486
3214,363,3.3264463,3.3508546594846047
3215,63,3.2539682,3.3752475080236923
3216,106,2.9481132,3.1339933902789383
3217,393,3.5419848,3.540413079896845
3218,149,3.1577182,3.2507687357801887
3219,2116,3.229915,3.2367972786076513
3220,14,2.8214285,3.3734838888049126
3221,379,3.6029024,3.594179449103651
3222,147,3.7108843,3.664482062238122
3223,307,3.5456026,3.543145533035449
3224,625,4.024,3.987263813725224
3225,842,2.6638954,2.712335055719042
3227,11,1.9090909,3.23611424594629
3228,20,2.025,3.09861387525286
3229,24,3.3958333,3.4851752358513908
3230,470,3.6414893,3.6305825481047997
3231,18,2.8333333,3.3441612930858837
3232,175,3.8685715,3.7929021570417616
3233,12,2.8333333,3.3935962646238265
3235,424,3.14033,3.181229792566742
3236,20,2.85,3.3343281064714705
3237,8,2.5625,3.394878782075027
3238,1163,2.33319,2.3824426198143263
3239,185,2.2594595,2.5293743661109436
3240,174,3.1293104,3.2183168466602052
3241,309,3.618123,3.60557936825128
3242,48,3.28125,3.4071731567382812
3243,2280,2.5785089,2.5988854747985055
3244,1321,3.6514006,3.6469023465936328
3245,162,3.756173,3.702372539718196
3246,4085,3.7913096,3.7881264003329296
3247,6601,2.9765944,2.9807401775973235
3248,2395,2.5056367,2.5265451316209413
3249,2375,3.0722106,3.0816094953989244
3250,2516,3.4250796,3.4270862053821354
3251,1228,3.3583062,3.364947531704612
3252,7344,3.7608252,3.759251139245873
3253,12298,3.458733,3.459013800579327
3254,4722,2.9301143,2.9363794108947983
3255,9151,3.5015845,3.501728399332911
3256,8306,3.619853,3.619303751927691
3257,5698,2.7632504,2.7699031783378034
3258,3191,2.9025383,2.9121884243313967
3259,2739,3.271267,3.2758706025472035
3260,2606,3.7665005,3.762011747762381
3261,2507,3.428201,3.4301536083221436
3262,2130,3.480047,3.481148189360942
3263,5134,3.1165757,3.1205445033164674
3264,4336,2.9285054,2.9353402812242835
3265,2618,3.959129,3.951050577313825
3266,1419,3.7441862,3.7368299078178535
3267,4013,3.6300774,3.6288219107332824
3268,1711,1.7907656,1.8400925523783929
3269,2830,3.0717316,3.079653925365872
3270,1355,3.3656826,3.371461135212637
3271,3245,3.7186441,3.7157521124855704
3272,1213,3.3054411,3.3142542150033814
3273,5814,2.4299965,2.4393592368694477
3274,2515,3.0594432,3.068578053171407
3275,8212,3.9213347,3.918954718346689
3276,272,2.9264705,3.0198849387790845
3277,5,3.0,3.4800539883700283
3278,5,3.1,3.489144888791171
3279,20,2.0,3.0914709908621654
3280,23,2.652174,3.252095496817811
3281,308,3.6753247,3.654756900318508
3282,97,3.5,3.509544009254092
3283,98,3.357143,3.4148849732167013
3284,214,3.640187,3.61895073002035
3285,5478,3.036966,3.0414079568320522
3286,745,2.2241611,2.3061673266332856
3287,815,2.8748467,2.9126046558336025
3288,23,2.652174,3.252095496817811
3289,344,3.7412791,3.7142207828269997
3291,25,1.8,2.9520395755767823
3292,101,3.7326732,3.664920260574644
3293,24,2.7708333,3.282472533148688
3294,48,2.375,2.963295605717873
3295,87,3.724138,3.65257647611799
3296,1562,3.7989757,3.7905725944722555
3297,6,2.3333333,3.400053015777043
3298,4176,3.4905412,3.4909851166291426
3299,770,2.3155844,2.38951582152669
3300,7235,3.4216309,3.4223613228467364
3301,6445,3.3391001,3.340554774220491
3302,233,3.444206,3.459021085563902
3303,72,3.5069444,3.515598093877073
3304,288,3.7048612,3.678707055086215
3305,47,3.031915,3.2876595049789272
3306,363,3.9104683,3.864171856540745
3307,2637,4.131589,4.120358389729144
3308,1039,3.1588066,3.17576031930081
3309,149,3.5838926,3.569864142480208
3310,1061,3.927427,3.9094537111363037
3311,214,3.6752336,3.6473596981077483
3312,5,1.8,3.370963074944236
3313,93,2.2795699,2.7161046625017287
3314,33,3.0757575,3.3482285177851296
3315,14,2.7142856,3.3500463739037514
3316,2238,2.65773,2.676749536207506
3317,6005,3.740383,3.738629618919555
3318,174,3.2126436,3.283048927783966
3319,121,3.1859505,3.285982350856937
3320,386,3.5220208,3.5227133134089477
3321,9,2.4444444,3.3627621885073387
3322,61,2.3360655,2.8729997003400647
3323,75,3.0933332,3.2672237014770507
3324,970,2.6989691,2.739610805230982
3325,849,2.3592463,2.4242525461385727
3326,867,2.7341406,2.7774295523486456
3327,675,3.5933332,3.588831599005337
3328,4052,3.7337117,3.7312049870372457
3329,218,3.8600917,3.798145361800692
3330,655,3.7709923,3.7537629959431102
3331,174,2.347701,2.6111739107540677
3332,5,3.1,3.489144888791171
3333,77,3.331169,3.4086848337819258
3334,2649,4.0011325,3.9923686293947913
3335,58,2.4051723,2.9250274587560585
3336,20,3.125,3.4128995622907365
3337,15,2.9,3.383122627551739
3338,247,3.9595141,3.886878660632304
3339,595,3.717647,3.702950355618499
3340,267,2.5636704,2.715782224943961
3341,853,3.8798358,3.860357634912958
3342,1256,3.8069267,3.7962503360205004
3343,190,2.3289473,2.578762322664261
3344,139,2.8093526,2.999486697413934
3345,108,3.2407408,3.3316643871838534
3346,27,2.5,3.1675710306539164
3347,1192,3.9299498,3.913770598873808
3348,22,3.2727273,3.4500412344932556
3349,84,3.2857144,3.376141626443436
3350,784,3.882653,3.8613943882125743
3351,103,2.8398058,3.064725300844978
3352,23,2.4782608,3.197300914215715
3353,30,3.1333334,3.380037158727646
3354,5935,2.6410277,2.648438145941063
3355,3428,3.2036173,3.2082815386907613
3357,465,3.7333333,3.713403838352092
3358,1994,3.609328,3.607340051003398
3359,2907,4.003956,3.99590889392449
3360,4327,3.8633003,3.859470749162827
3361,6369,3.7031717,3.701807714284887
3362,6883,3.9728317,3.9696240790320494
3363,6831,3.7962232,3.794274582174728
3364,974,3.8850102,3.867581001482904
3365,2044,3.9755383,3.964853467094181
3367,182,3.4065933,3.432771353886045
3368,331,3.7356496,3.7084067775195666
3369,15,3.1,3.4292764296898475
3370,295,3.3033898,3.335950599200484
3371,220,3.6363637,3.6163073822304055
3372,303,3.4389439,3.45156645842382
3373,39,3.025641,3.307898505350177
3374,82,3.1158535,3.271992123488224
3375,187,3.2406416,3.3012782591807692
3376,5,2.1,3.39823579788208
3377,43,3.3488371,3.445193185601183
3378,55,3.3454545,3.4324091843196323
3379,515,3.776699,3.7546955547501555
3380,29,3.1034484,3.3721895278254643
3381,6,3.1666667,3.489338747092656
3382,5,3.4,3.516417633403431
3384,1560,3.8041666,3.795591798628339
3385,580,2.625,2.696671379937066
3386,6810,3.6665933,3.6655835907243777
3387,981,2.7237513,2.7627575180116613
3388,1828,2.685722,2.708148557664995
3389,110,2.459091,2.7931435853242874
3390,212,1.5330188,1.9137517586919188
3391,630,2.211111,2.307945503908045
3392,933,2.1998928,2.2674495562653334
3393,197,2.3705583,2.604870230562774
3394,1074,2.6550279,2.693863788109233
3395,248,2.659274,2.8050434445374766
3396,6172,3.6800876,3.678865867732461
3397,2210,3.6042986,3.6026118835516736
3398,2255,3.4543238,3.45592323973484
3399,515,3.076699,3.1166424139411046
3400,263,2.648289,2.788827371292602
3401,532,2.2283835,2.3400395416312203
3402,114,3.491228,3.5024571535063953
3403,175,2.5942857,2.801790984471639
3404,1574,3.2563531,3.2647184800044657
3405,676,3.8254437,3.804962728305953
3406,390,3.7,3.680461336265911
3407,20,2.5,3.234328133719308
3408,15452,3.5784688,3.5783062095627325
3409,5292,3.100151,3.1041561942205855
3410,45,3.5333333,3.5305575571562113
3412,924,3.45184,3.455752627315952
3413,37,3.0405405,3.3207237501254028
3414,207,3.3019323,3.3459259248429234
3415,529,3.9773157,3.9385197854412652
3417,338,3.5976331,3.588667435744374
3418,11154,3.5812263,3.580989081107987
3419,46,3.4347825,3.4833642144997916
3420,1048,3.629771,3.6251393180944445
3421,10530,3.8141975,3.8128452805805746
3422,852,3.4225352,3.428384638149828
3423,321,2.8613708,2.95122101557544
3424,5591,3.849848,3.846995801499625
3425,414,3.294686,3.319834064820717
3426,1013,3.180158,3.1965220337865046
3427,310,3.2790322,3.313619335492452
3428,280,3.0714285,3.1406150297685103
3429,2379,4.1176963,4.105558843954251
3430,1022,3.1883562,3.2042005280060555
3431,426,2.4166667,2.533409670621407
3432,397,2.209068,2.3566062397071446
3433,248,1.8689516,2.1473253557346013
3434,196,1.8877552,2.221150324596622
3435,4727,4.206791,4.199686763125382
3436,717,2.7691772,2.818648006023919
3437,130,1.6653847,2.182794299390581
3438,4558,2.8184512,2.8261509081348777
3439,2406,2.476517,2.497924584713355
3440,1787,2.1522105,2.189658729680933
3441,2574,3.1874514,3.1939416069809985
3442,148,2.412162,2.693954318460792
3443,54,2.425926,2.955797805235936
3444,1611,3.1502173,3.1615912288445296
3445,546,3.1694138,3.1995015216353755
3446,252,3.5396826,3.5377582493207314
3447,323,3.7151704,3.690088480471286
3448,10786,3.6634526,3.6628278871883366
3449,142,3.0457747,3.1713696693380675
3450,5098,3.328266,3.3302064015129877
3451,2435,3.864887,3.8581097835985947
3452,3816,3.0039308,3.01070950059649
3453,581,2.566265,2.6424770143632843
3454,345,2.7507246,2.8491213683840595
3455,17,2.8823528,3.3642233948209395
3456,356,3.872191,3.8298102176835385
3457,520,3.148077,3.1814087984854713
3458,20,2.6,3.262899535042899
3459,344,2.7456396,2.844931418520545
3460,5,2.5,3.434599442915483
3461,2468,3.536872,3.536696919569238
3462,4111,4.0921917,4.085412889282109
3463,60,1.7833333,2.5763906132091177
3465,74,2.7364864,3.0556690769810833
3466,1002,3.4520957,3.455706186167641
3467,1423,3.9624033,3.9476597838392085
3468,3783,4.0888186,4.081503664081911
3469,1793,4.076966,4.06207415337027
3470,958,4.039144,4.013792617926522
3471,13318,3.7789083,3.7779700089043162
3472,70,3.1571429,3.311691423257192
3473,103,3.5533981,3.545117496665007
3474,99,2.9242425,3.126865614180597
3475,710,3.9211268,3.8952671414927433
3476,4695,3.6789138,3.677324216910986
3477,2531,3.3713946,3.3744295965281164
3478,1763,3.2379467,3.2459476488568937
3479,3393,3.5775125,3.5767943336975425
3480,914,3.4425602,3.446994801279915
3481,15074,3.8247313,3.823750551337762
3483,2014,3.210278,3.21797622590102
3484,2126,2.7445908,2.762593255323522
3485,22,2.6136363,3.2486523191134133
3486,57,2.3947368,2.924326776344085
3487,453,3.6280353,3.6180973427433143
3488,63,2.047619,2.702681176430356
3489,8025,3.1798754,3.1820313120035935
3490,121,2.9834712,3.1427074803246393
3491,183,2.6967213,2.8751200432429496
3492,71,3.2676055,3.375231098537603
3493,35,2.8428571,3.245917278177598
3494,1667,3.6286743,3.62574430711754
3495,52,3.1153846,3.3176761515000286
3496,221,3.260181,3.3096050160397463
3497,377,3.1339521,3.1801005303161762
3498,2797,3.890597,3.8842300920684085
3499,8513,3.758076,3.756732868532927
3500,653,2.6454823,2.7082544984044254
3501,840,3.4720237,3.4751717963915194
3502,515,3.399029,3.410447633371944
3503,2154,3.8182452,3.8116620104022987
3504,5000,4.0236,4.018693757765364
3505,2455,3.7757638,3.770819551216628
3506,628,3.245223,3.266081182654277
3507,2917,3.906582,3.9002032372378563
3508,3077,3.9221644,3.9158627923624487
3509,371,2.866577,2.9451377742930434
3510,7293,3.5734265,3.573117571144618
3511,465,2.4311829,2.53767572791831
3512,2424,3.541254,3.5409873771204907
3513,2282,3.287029,3.292196917288504
3514,220,3.2772727,3.323714680141873
3515,1029,3.1355686,3.15375632815498
3516,850,3.6735294,3.665447719891866
3517,21,2.952381,3.357788284059981
3518,233,2.9055793,3.015558137489292
3519,935,3.2882352,3.3004090047729804
3520,128,2.265625,2.6202414009008517
3521,1348,3.8957715,3.8826201402066602
3522,41,3.4634147,3.498933744954539
3523,41,2.9146342,3.251681018661667
3524,2729,3.307622,3.3115880845390064
3525,1755,3.0566952,3.0697524019225484
3526,4470,3.5925057,3.5917927918180954
3527,13986,3.636136,3.6357510568885663
3528,1551,3.0860734,3.0998768335874938
3529,929,3.3519914,3.3609836505796378
3530,38,3.2236843,3.3966246951710093
3531,121,3.0495868,3.1894910461024235
3533,65,3.5076923,3.516547576240871
3534,4335,3.0845444,3.0896016034460123
3535,9100,3.5494506,3.5493337438406187
3536,3776,3.4291577,3.4304502280794136
3537,246,3.1158535,3.1854829127724105
3538,1093,3.5539799,3.552845994109974
3539,410,3.7463415,3.7226151538931807
3540,134,2.988806,3.1353422532910886
3541,8,2.1875,3.3431546441439925
3542,15,2.4666667,3.2831226128798265
3543,3316,3.8923402,3.8869290009043573
3544,390,2.8064103,2.888415889306502
3545,2960,3.8761823,3.870399544801427
3546,1389,3.7912166,3.7820728583995296
3547,416,3.7079327,3.688632997832073
3548,1230,3.8947155,3.8803930412977934
3549,1503,3.748503,3.74140562323394
3550,934,3.361349,3.369820156717688
3551,3326,3.8613951,3.856458276227752
3552,8228,3.694701,3.6936944235520364
3553,581,2.8089502,2.865931897458108
3554,956,3.413703,3.4193866835910804
3555,6333,3.328833,3.330393703869475
3556,5937,3.642412,3.6414569400677763
3557,617,2.952188,2.995356783516582
3558,10,2.55,3.3650494813919067
3559,339,3.7359881,3.7092620793222464
3560,37,3.3648648,3.458654803791265
3562,147,2.7176871,2.9233653678506766
3563,404,2.2425742,2.3841474717934226
3564,1426,1.826087,1.88374188921962
3565,1715,3.284548,3.2914463825333895
3566,1309,3.290298,3.2990456451994254
3567,164,3.445122,3.464499896931871
3568,89,3.1404495,3.2798775323003317
3569,814,3.5362408,3.535767353795193
3570,34,3.1323528,3.367892446972075
3571,566,3.1590106,3.188965903474139
3572,342,1.6549708,1.8938851301767388
3573,157,1.4299363,1.9367293084877124
3574,129,1.2054263,1.8542065174219995
3575,49,3.489796,3.509120905038082
3576,1096,3.5761862,3.5740864073002734
3577,265,2.471698,2.6393744491395497
3578,34776,3.9475932,3.9469908836591268
3579,274,2.4927008,2.6524783726091736
3580,171,2.9766083,3.101370971127333
3581,830,3.6686747,3.660685200582851
3584,491,2.7973523,2.864885315216403
3585,74,3.2702703,3.3742175409870763
3586,102,3.3970587,3.4401510483340214
3587,251,3.0697212,3.145857129778181
3588,202,3.339109,3.376599111254253
3589,26,2.75,3.2618811757940995
3590,263,2.8897338,2.9917027363761926
3591,2650,3.2637737,3.268667859501309
3592,66,3.3257575,3.4129565913101723
3593,3807,1.5840557,1.609256643812552
3594,1220,3.2590163,3.269608523901992
3595,53,2.2358491,2.8631356688379084
3596,298,2.5100672,2.6563304662704468
3597,378,2.5489419,2.6633247404455025
3598,1073,3.421249,3.426004499382773
3599,479,3.605428,3.5981152589469865
3600,406,2.7413793,2.8276380467833135
3601,30,3.0,3.3300371170043945
3602,167,2.7155688,2.902778598020703
3603,19,2.2894738,3.186999580134516
3604,487,3.6355236,3.625517582760177
3605,191,2.9397905,3.06183797689889
3606,845,3.9029586,3.8820145396546946
3607,13,3.0384614,3.4270312407660106
3608,5187,3.2777135,3.280103701909626
3609,64,3.5625,3.5473944680732594
3610,93,2.5752687,2.9084123264659536
3611,118,2.8474576,3.0500176889555797
3612,127,3.456693,3.4768529490562483
3613,315,3.6253967,3.612062846144585
3614,1909,3.1254582,3.135733920618732
3615,2296,3.0718641,3.081586959721792
3616,1302,2.6386328,2.6715257703905273
3617,7115,3.1562192,3.1588140810109984
3618,1925,3.3140259,3.3194444487366495
3619,248,3.1008065,3.1724932049744883
3620,222,3.0743244,3.157731541815926
3621,167,3.5598803,3.5525482590846753
3622,314,3.5509553,3.5478102532061904
3623,15797,2.9738243,2.9755729693918713
3624,7491,3.2937524,3.2953059854786932
3625,61,3.409836,3.4630898076134757
3626,260,2.8076923,2.923880530941871
3627,590,3.4754238,3.4795359671115875
3628,294,3.3554423,3.380531980547794
3629,2024,4.0595355,4.046722675128521
3630,48,2.625,3.0857445853097096
3631,35,3.057143,3.3341526283937344
3632,360,3.7597222,3.731470666280607
3633,2506,3.4136074,3.415846248374485
3634,834,4.014988,3.9874467375051923
3635,3877,3.5390766,3.5389362919382203
3636,46,2.8913043,3.2229475528001785
3637,152,3.7598684,3.702489919001513
3638,4325,3.147052,3.1514064192090716
3639,3559,3.4817364,3.482378191682367
3640,100,3.295,3.372686513264974
3641,69,3.4202898,3.4655711129933846
3642,42,2.8452382,3.216336675312208
3643,259,3.2876449,3.32654688967856
3644,58,3.1293104,3.313916396211695
3645,239,3.8033473,3.755719674087313
3646,2443,2.3726976,2.3958697096200723
3647,7,2.5,3.401806480006168
3648,78,2.8141026,3.0929920002818108
3649,1282,3.0573323,3.0750022138561213
3650,28,3.0,3.3384996071839943
3651,26,2.1346154,3.051354872552972
3652,147,3.0544217,3.1746342835692585
3653,658,3.8047113,3.7851737744390626
3654,3165,3.7993681,3.79514872230601
3655,310,3.5580645,3.553897089428372
3656,16,3.25,3.4606510509144175
3657,32,3.328125,3.4500362117116046
3658,368,3.638587,3.6253659919118197
3659,150,3.3333333,3.382014787197113
3662,305,2.1540983,2.3476139223071892
3663,208,1.9326923,2.24187195947928
3664,199,1.7763819,2.1281243275447066
3665,151,1.8609271,2.2756366278994737
3666,94,1.7340425,2.3569650467899113
3667,115,1.8478261,2.356987718379859
3668,2565,3.648733,3.6464255676670696
3669,358,2.543296,2.663977874260323
3670,91,3.4175825,3.4567587088185845
3671,9925,3.8666499,3.864952670721183
3672,762,2.8805773,2.920446910881644
3673,218,2.3417432,2.563070871936741
3674,189,2.5767195,2.7757445987797182
3675,1781,3.7975857,3.790225640077659
3676,2544,3.6189072,3.617156098600342
3677,1506,4.054449,4.037534245488576
3678,388,3.6829896,3.6653035002756336
3679,393,3.927481,3.88239949712904
3680,288,3.7465277,3.7142098782330577
3681,4702,3.9759676,3.9712548062255486
3682,1368,3.5869882,3.584910325506342
3683,4747,4.0119023,4.006859149638628
3684,1669,3.3454163,3.3507287879542185
3685,2078,3.592156,3.5906499055095185
3686,3459,3.252096,3.256028161289414
3687,61,3.2295082,3.363990695626886
3688,2140,2.706542,2.725298119462244
3689,840,2.0690477,2.1510146387507407
3690,712,2.0582864,2.154728223645468
3691,185,2.545946,2.7549062028844307
3692,285,2.3947368,2.563889396724416
3693,1046,2.8078394,2.840696145148173
3694,356,2.266854,2.4221749023850916
3695,290,2.012069,2.235008751644808
3696,391,2.9130435,2.982773191534202
3697,4978,2.8495378,2.856285279197359
3698,6183,3.2001455,3.202775949118284
3699,3732,3.4141212,3.41562747350135
3700,968,3.5552685,3.5539321243645867
3701,2085,3.154916,3.16365476793651
3702,8438,3.5350795,3.535038126177882
3703,8385,3.6536672,3.652922648258582
3704,5165,3.099032,3.1031453236866087
3705,1914,2.6969697,2.718127834092818
3706,2534,3.577348,3.576394266941968
3707,1615,2.970898,2.987629488781766
3708,1263,2.9790182,2.999926100772297
3709,603,2.3706467,2.459269431247098
3710,712,2.2507021,2.334518234873694
3711,131,3.1068702,3.223220785678421
3712,1340,3.2473881,3.2574842130537514
3713,347,3.757925,3.7289747002743354
3714,201,3.0447762,3.1410477522359903
3715,272,2.4007354,2.575785690212842
3716,196,2.2959185,2.5463536115196663
3717,9555,3.0727367,3.0751069777338285
3718,366,3.3169398,3.342314777465967
3719,279,2.9731183,3.057455855662337
3720,553,3.631103,3.622558789071357
3721,101,2.5693069,2.8867745778418534
3722,53,2.2452831,2.8679900493436645
3723,1819,3.5940077,3.592243462338557
3724,759,3.7009223,3.690238513816862
3725,355,3.1014085,3.15408143290767
3726,928,3.5409484,3.5402894439385224
3727,1049,3.6277406,3.623205533561325
3728,734,3.8419619,3.82194257025816
3729,1098,3.2786884,3.2895495351598654
3730,3832,4.0591073,4.052267428343595
3731,204,3.4803922,3.489775518732747
3732,371,3.0835578,3.136349001293228
3733,1424,3.8332162,3.8228648740853837
3734,274,3.6149635,3.6015523981165
3735,3920,3.9168367,3.9119402983927305
3736,523,3.9627151,3.924787071986972
3737,175,3.8485715,3.77734661632114
3738,371,3.4555256,3.4641400963563536
3739,362,3.9792817,3.924521678859748
3740,4709,3.4565725,3.457323602779394
3741,2102,4.0187917,4.0073899030685425
3742,1728,3.883102,3.873117616393837
3743,557,2.6615798,2.7329537797799026
3744,3815,2.9673657,2.974619217091668
3745,5170,3.264797,3.267318642915894
3746,327,3.7461774,3.7172493118822416
3747,737,3.6336498,3.626941411892068
3748,29,3.310345,3.448138891896115
3749,111,3.2027028,3.3037451912897713
3751,15950,3.5474608,3.5474001650512217
3752,8311,2.9648056,2.96817394284423
3753,12775,3.449902,3.450206764585558
3754,1464,2.2329235,2.275695498427438
3755,9461,3.0696015,3.0720116811625378
3756,223,3.0224216,3.1150292520558005
3757,85,3.0,3.195577550817419
3758,358,2.8617318,2.9433895641682195
3759,164,3.2042682,3.2799203596382496
3760,1370,3.39927,3.403804893225012
3761,392,3.6632652,3.6479704498705283
3762,11,2.5,3.3426716288582226
3763,3017,3.4408352,3.4422572158158
3764,905,2.7127073,2.755395873054784
3765,283,3.0583038,3.1288377000046923
3766,691,2.4811866,2.5518258158494587
3767,411,2.107056,2.2611777554882324
3768,330,2.1333334,2.3168500159916126
3769,630,3.4063492,3.4152984619140625
3770,1156,3.3581314,3.365176515595039
3771,532,3.4445488,3.4517232904729154
3772,32,2.515625,3.132963040979897
3773,622,2.8030546,2.8569983818701337
3774,295,2.09661,2.3040664921636167
3775,110,3.2136364,3.311893582344055
3776,127,3.2007873,3.2932370463333562
3777,145,2.8068964,2.9918100222563133
3778,25,3.12,3.3920395533243815
3779,8,2.4375,3.377637402764682
3780,115,2.6,2.881230050867254
3781,96,2.6979167,2.9822121711626446
3782,135,2.6888888,2.9156916528134733
3783,1858,3.8046286,3.797380989452578
3784,1392,3.1390085,3.152498496554265
3785,9053,2.7316358,2.7360103205247435
3786,1732,3.3801963,3.3843451279448606
3787,448,3.8069196,3.7789215639413123
3788,1721,3.8466008,3.8376075077164584
3789,592,3.9923987,3.9562352379534476
3790,263,3.3117871,3.3463354125952187
3791,3166,3.0930195,3.099783165537896
3792,241,3.340249,3.3725188769835377
3793,26853,3.5856888,3.585581723444569
3794,746,3.2573726,3.2743755555033083
3795,239,3.4769874,3.4858233524441307
3796,138,3.094203,3.2095903335733618
3797,236,2.2902544,2.50665383572345
3798,5710,3.215762,3.2184728156361313
3799,1026,1.927388,2.0017685956671336
3800,47,2.8723404,3.2103398976866733
3801,1701,4.0338035,4.019361884576263
3802,1359,2.5298014,2.56522571287568
3803,36,3.125,3.3593368530273438
3804,132,2.2045455,2.568148214738448
3805,111,3.0225224,3.1795214984727944
3806,160,3.075,3.182871318998791
3807,402,3.164179,3.2044313323181286
3808,232,3.911638,3.8436276253233563
3809,5304,3.3903658,3.391651733178989
3810,291,2.95189,3.0363723078081684
3811,1615,4.0427246,4.027269197297884
3812,1948,3.5492814,3.548750278350708
3813,526,3.5171103,3.518060785200861
3814,1648,3.9775486,3.9643127567214878
3816,256,3.8144531,3.767656762615528
3817,70,3.1142857,3.28669140736262
3818,37,2.5135136,3.096585876640232
3819,1625,4.0744615,4.058150950474525
3820,186,1.8467742,2.2029787049455156
3821,2761,2.2042737,2.227820226621136
3822,565,3.8035398,3.781142975256695
3823,367,3.579019,3.5729087959948203
3824,1356,2.3591444,2.400713259261499
3825,4192,2.7030058,2.712730609151003
3826,6810,2.5291483,2.5364290329874777
3827,4878,3.088971,3.093425936996937
3828,6,3.0,3.471481595720564
3829,40,2.85,3.226699617173937
3830,312,2.7964745,2.897522099110303
3831,1423,3.657414,3.653023105046414
3832,161,3.4285715,3.4521468002084306
3833,293,2.4163823,2.578434364441185
3834,464,2.8168104,2.885998017129267
3835,809,2.6229913,2.675672817285735
3836,1965,3.7870228,3.780596937198497
3837,373,2.7453084,2.837832156648027
3838,197,2.4010153,2.629161861744004
3839,180,2.4472222,2.6821868315986963
3840,501,2.6087825,2.6922014824058964
3841,1531,2.7736773,2.7975350985566245
3843,292,2.880137,2.9748624667786716
3844,2964,3.5281713,3.52816944432401
3845,173,3.213873,3.284318308124628
3846,380,2.9776316,3.041634803594545
3847,150,2.6833334,2.8945148944854737
3848,95,2.9368422,3.1407101976460425
3849,245,3.7367346,3.701365943682396
3850,35,2.7714286,3.216505527496338
3851,378,3.7433863,3.7182312591053615
3852,1642,3.4911692,3.492259349383361
3853,47,3.1489363,3.3443605580280735
3854,269,3.6226766,3.60784632509405
3855,329,3.6337385,3.6197966799572465
3856,5,2.2,3.407326719977639
3857,680,2.594853,2.658771175227753
3858,720,2.9770834,3.012861103206486
3859,392,3.6454082,3.6321334062118877
3860,61,2.9918032,3.233360024185868
3861,2500,3.1248,3.1327070142708573
3862,259,3.1003861,3.169588933099049
3863,7594,3.031933,3.0351782701578145
3864,1245,2.490763,2.5308130045194885
3865,889,3.269404,3.283176855284312
3866,27,2.5555556,3.1870515594234714
3867,78,2.8012822,3.0851795189082623
3868,7024,3.5973804,3.596890429301824
3869,4366,3.161475,3.1656255822466766
3870,187,3.4438503,3.461615913527927
3871,1621,3.779457,3.771934719302567
3872,453,3.7737308,3.7493101417662844
3873,1192,3.57802,3.576008795156187
3874,96,3.1666667,3.290431349244836
3875,111,3.373874,3.4217576254969058
3876,49,3.1122448,3.3222521892701735
3877,1085,2.1004608,2.163350574770688
3878,56,2.919643,3.206631822406121
3879,1293,2.890178,2.9139263427532702
3880,99,3.5,3.509415901747326
3881,58,3.75,3.6472497162995516
3882,4491,3.036406,3.041819532231018
3883,54,2.6666667,3.0807978235758267
3884,228,2.377193,2.584183336161881
3885,185,3.235135,3.297459399446528
3886,182,3.1153846,3.204323115019963
3887,25,3.16,3.405372953414917
3888,51,3.235294,3.3802274123276814
3889,1169,2.4461079,2.490486515849413
3890,7,2.0714285,3.349174896876017
3891,26,1.9038461,2.972407488446487
3892,298,2.9580536,3.0399509736861305
3893,4222,3.1935103,3.1974258966436993
3894,145,3.5586207,3.5507844594808726
3895,721,2.5048544,2.5712101440949198
3896,1431,3.2795248,3.2879155723731475
3897,17511,3.8468392,3.8459315538528562
3898,398,2.8015075,2.8825958562748775
3899,53,2.6509433,3.07672779768416
3900,136,2.8382354,3.0236719398088354
3901,687,2.8668122,2.911672959010669
3902,84,2.9166667,3.1447983286274015
3903,227,3.2797356,3.3245593597742626
3904,8,1.375,3.231085678626751
3905,126,3.2261906,3.3119487545707007
3906,395,3.1734178,3.2132651752300476
3907,18,3.1388888,3.425043653039371
3908,1025,2.1658537,2.2292121410369874
3909,598,2.8110368,2.866362640151271
3910,3764,3.8310308,3.8270590121544776
3911,9598,3.829652,3.8280890906726937
3912,245,2.4836736,2.660688117399054
3913,113,3.199115,3.3000182125466
3914,311,3.3906753,3.4097035723709994
3915,718,3.5153203,3.516149668643872
3916,7596,3.772512,3.770913393997005
3917,2346,3.3416452,3.3455353523534606
3918,1170,2.9444444,2.968363064234374
3919,671,2.476155,2.549102639358351
3920,313,3.654952,3.637473721149539
3921,138,2.6231885,2.863845647649562
3922,108,2.5,2.825335249116149
3923,315,2.5428572,2.6778163779271793
3924,75,2.8866668,3.143223819732666
3925,1074,3.9031658,3.8864795881658263
3926,491,3.2668025,3.2909482829892482
3927,1495,3.493311,3.494435473938976
3928,877,3.4161916,3.4222254403329333
3929,657,3.8873668,3.8619560655812393
3930,957,3.2669802,3.2799433894758785
3931,161,1.8975155,2.2839003343717748
3932,1352,3.5654585,3.5641247576551667
3933,124,2.1491935,2.545419347697291
3934,79,2.9050634,3.146534707195075
3936,501,3.49002,3.493471883386103
3937,559,2.9248657,2.9743890120282352
3938,161,2.220497,2.5303458252224313
3939,136,1.8382353,2.292489056946129
3940,99,1.5707071,2.227536715117077
3941,105,1.8619047,2.399373981260484
3942,110,1.65,2.23689354211092
3943,685,3.1357665,3.1624530967400997
3944,72,2.5694444,2.962319405352483
3945,426,1.8755869,2.0491659135377707
3946,1047,2.374403,2.426985332937597
3947,660,3.5636363,3.5611308863465214
3948,15839,3.4254372,3.4257601466470895
3949,16043,4.018139,4.016616237457622
3950,1217,3.5308135,3.5307047709575676
3951,190,3.7210526,3.6808457175890603
3952,2319,3.6213884,3.6194186369645136
3953,1247,2.2618284,2.310642260813952
3954,44,2.8181818,3.1957762393545597
3955,907,2.5214994,2.5740887366367606
3956,541,2.374307,2.4719171092393233
3957,561,2.9607842,3.007206061858007
3958,128,1.9492188,2.392713311013211
3959,2629,3.69399,3.690893116349736
3960,134,2.966418,3.11903796247814
3961,470,2.2297873,2.35462119946113
3962,254,1.6043307,1.9207334102768647
3963,450,3.3233333,3.343805875778198
3964,611,3.5163667,3.517251188203174
3965,208,3.6682692,3.6410967213238856
3966,374,3.764706,3.73679946840934
3967,7610,3.7941525,3.79241559804264
3968,3853,2.8726966,2.8810922664585648
3969,5220,3.3555555,3.357192193308184
3970,217,3.361751,3.392894957395975
3971,142,3.2147887,3.2963695898652077
3972,2728,3.7259898,3.722427355805432
3973,1331,1.985725,2.041566259614114
3974,245,2.4204082,2.608145729970124
3975,447,2.3333333,2.453527029851073
3976,60,2.6833334,3.0672997561368076
3977,15478,2.7835639,2.785961120261291
3978,2716,3.173969,3.180369796049569
3979,3176,2.4565492,2.473156579591736
3980,3216,3.6024566,3.601317604845167
3981,3275,2.7464123,2.7581663691011586
3982,185,3.4405406,3.459161580877101
3983,2656,4.0376506,4.0282346354708
3984,4069,3.50811,3.508352208814739
3985,663,3.6010559,3.5959368932464515
3986,4589,2.9615386,2.9676446195665322
3987,1661,2.937688,2.9549403412170676
3988,5820,2.871306,2.876900094534307
3989,527,3.9743834,3.935707100549232
3990,648,2.5694444,2.6381131120260943
3991,1551,2.3723404,2.408434099290313
3992,851,3.6216216,3.6164294765739147
3993,2446,3.5484464,3.5480380228314643
3994,13374,3.4871767,3.4873289314938956
3995,27,3.1111112,3.381856763517702
3996,24303,3.8794594,3.8787379094287804
3997,1937,2.060919,2.097837525033207
3998,2176,3.157169,3.165499972525954
3999,2987,2.8004687,2.8124474567687154
4000,561,3.4973261,3.499841131672336
4001,136,2.7095587,2.929585784994146
4002,6536,3.5878978,3.5874434927839873
4003,759,2.8636363,2.9047007257180986
4004,20,2.9,3.34861387525286
4005,1894,3.2571278,3.2640961678430376
4006,2548,3.2515697,3.256890949604601
4007,4497,3.7302647,3.7280411616456046
4008,3628,3.4403253,3.441517948131966
4009,729,3.5116599,3.512712461804548
4010,1602,3.053995,3.0683430929738154
4011,18871,4.0510573,4.049675281869011
4012,508,2.7716537,2.8394319438592506
4013,35,2.057143,2.922387922511381
4014,10394,3.7084374,3.707573894064621
4015,5063,2.497136,2.507217509252741
4016,5780,3.5865052,3.5860039243158304
4017,1889,3.5815246,3.5801459301864442
4018,9004,3.1121168,3.11441382367484
4019,5581,3.6819565,3.68059001263622
4020,2409,3.4026568,3.405206663330283
4021,889,3.7125983,3.702771969369679
4022,19392,3.6281457,3.6278882975833873
4023,4380,3.3444064,3.3464791995408034
4024,591,3.427242,3.4351061082295433
4025,9565,3.0334554,3.036027415618262
4026,54,3.0833333,3.2971438948924723
4027,19280,3.8798497,3.878939712966469
4028,320,3.61875,3.606494594264675
4029,2661,3.522548,3.5226496096160393
4030,1104,2.5683877,2.609967973864471
4031,953,2.8824763,2.91465893485848
4032,74,2.9864864,3.20486262536818
4033,3150,3.682381,3.6799696408212186
4034,15347,3.818629,3.8176854346768923
4035,292,3.2534246,3.293575922648112
4036,2210,3.4400454,3.441992569813686
4037,1818,3.9617712,3.9501622598737924
4038,112,3.169643,3.280265290060161
4039,2151,3.2022314,3.2096332240678787
4040,1726,2.692642,2.7161616078905158
4041,3218,3.5271907,3.527203976305491
4042,559,3.3255813,3.3422051278632656
4043,340,3.539706,3.538212837317051
4044,56,1.9553572,2.6971978511450425
4045,118,3.2754238,3.3506129384040833
4046,287,3.827526,3.783094830612047
4047,1460,3.7917807,3.7830482160808234
4048,58,3.1034484,3.3000275558895535
4049,80,3.375,3.4338689950796275
4050,44,2.1704545,2.892584760138329
4051,59,1.4322034,2.3936052355197592
4052,1781,3.0847838,3.096888532930225
4053,294,2.702381,2.822392304276311
4054,2914,3.1863418,3.1921062298953613
4055,693,3.512987,3.5140011978021057
4056,1442,3.3321776,3.33874204075688
4057,15,2.4333334,3.275430312523475
4058,19,3.131579,3.418883607007455
4059,18,2.5,3.25592602000517
4060,80,3.2,3.326176716731145
4061,1091,3.5233731,3.523578484574501
4062,1843,3.3152468,3.3208678602479593
4063,582,2.7920961,2.850321078602272
4064,151,3.4072847,3.4373281820496517
4065,215,3.211628,3.2713320030356354
4066,998,3.3962927,3.402579265696402
4067,780,3.2108974,3.2300035867346337
4068,678,2.7743363,2.8261030309802884
4069,4002,2.7904797,2.799581088059511
4070,30,3.1,3.3675370812416077
4072,130,3.396154,3.4327943325042725
4073,89,2.7191012,3.01009334763177
4074,72,3.3541667,3.4254342219868645
4075,7,1.8571428,3.322859105310942
4076,32,3.09375,3.358572797077458
4077,657,3.591324,3.586849925204416
4078,116,3.1206896,3.2433913644537866
4079,797,3.2979925,3.311573750012881
4080,661,3.1036308,3.1334780811760496
4081,213,2.4671361,2.6688325785865348
4082,706,3.427054,3.4337341835889865
4083,122,3.2418032,3.3250171860983206
4084,3948,3.071682,3.0773895477401787
4085,9978,3.5619864,3.5618172847373484
4086,1302,3.5733488,3.5716738577425127
4087,55,2.7,3.0943140188852944
4088,33,3.1363637,3.3723249751401236
4089,471,2.7791932,2.8510613226387185
4090,1270,3.4188976,3.4230325438759546
4091,1248,3.2576122,3.2680300696421476
4092,415,2.7036145,2.792264464080975
4093,87,3.0,3.192722404090157
4094,79,2.221519,2.727929998737897
4095,585,3.8136752,3.7911857338402215
4096,39,2.0769231,2.8921682191698737
4097,119,2.9915967,3.1503134704905853
4098,238,3.7058823,3.6750102755096226
4099,49,2.5306122,3.0343734206575337
4100,207,2.10628,2.382890846942649
4101,34,3.1470587,3.3738448336010887
4102,2044,3.6619375,3.658740768232227
4103,3131,3.8268924,3.822195221140339
4104,961,2.176899,2.243721925186474
4105,4998,3.6930773,3.691442837522449
4106,127,2.940945,3.1067964572690974
4107,43,3.3488371,3.445193185601183
4108,89,3.264045,3.3590142040801565
4109,400,2.53625,2.646451144748264
4110,174,3.2155173,3.285281145146915
4111,204,3.3284314,3.3677282220735325
4112,34,2.6764705,3.183368654478164
4113,213,3.5234742,3.524345921926172
4114,42,3.1190476,3.3413366338481074
4115,152,2.9013157,3.056450267829517
4116,458,3.639738,3.6287460852795697
4117,1154,3.9081457,3.8923613522139893
4118,79,2.835443,3.103898976200311
4119,188,3.75,3.703373820841813
4120,44,2.3636363,2.9830102616168084
4121,2736,3.256579,3.2614511488498925
4122,207,3.183575,3.250595240277539
4123,482,2.045643,2.1849679310518995
4124,1144,1.8592657,1.9291481684200729
4125,410,1.5182927,1.7367455700169439
4126,554,3.0081227,3.0511638005048236
4127,285,2.3333333,2.511650587195781
4128,5175,3.574203,3.5737614485635714
4129,151,3.062914,3.178621728621905
4130,419,2.4045346,2.524313342596676
4131,271,2.6531365,2.7894173166090828
4132,1622,2.638101,2.6647146860378212
4133,1220,2.3676229,2.4133093300766832
4134,16,2.34375,3.2409540812174478
4135,481,3.1257796,3.16365907870219
4136,63,3.7142856,3.6318846276376098
4137,75,2.46,2.887223777770996
4138,101,2.0544555,2.5424038195452154
4139,69,3.3768115,3.4403610349703238
4140,77,3.1818182,3.318133656434187
4141,499,2.8767536,2.9360710384632935
4142,429,2.402098,2.519630450545373
4143,622,2.1575563,2.259528251630919
4144,2142,4.022876,4.011588915421145
4145,20,2.65,3.2771853038242886
4146,490,2.9204082,2.9766722431889288
4147,130,3.373077,3.416127602259318
4148,7148,3.1606743,3.16322632755429
4149,1924,2.8006756,2.8190997378804403
4150,24,2.8125,3.2959860724371834
4151,336,3.575893,3.5696968711101946
4152,173,3.4277456,3.45023746554627
4153,775,2.7451613,2.7926096641656124
4154,327,2.9036698,2.986480119690022
4155,1434,2.973152,2.991848265385692
4156,59,2.3644068,2.8981924035133573
4157,64,3.1328125,3.3061663978978206
4158,887,2.2604284,2.3280714894053522
4159,1408,2.743963,2.7708524539146895
4160,307,3.6579804,3.6397842158790397
4161,4139,3.0414352,3.047243598652045
4162,181,2.3425415,2.5991470689897413
4163,37,2.0405405,2.8954363938035637
4164,225,2.9377778,3.045101690292358
4165,69,3.2753623,3.381537519583181
4166,587,3.5945485,3.5893295410102355
4167,1535,2.9863193,3.0034088960581395
4168,512,3.0283203,3.0727810842710883
4169,275,3.2272727,3.273547616371742
4170,13,2.6538463,3.347666203029572
4171,28,3.482143,3.511576554714105
4172,19,2.8157895,3.3319270887236665
4173,45,3.2666667,3.404241775211535
4174,649,3.7010787,3.6887024540416844
4175,229,3.537118,3.535494558272823
4176,90,3.511111,3.517164008957999
4177,140,3.0785713,3.1968576531661186
4178,898,3.7800667,3.7667752021475684
4179,168,3.9047618,3.818362157279198
4180,61,2.6065574,3.0216483683199495
4181,227,3.2180617,3.274017949396953
4182,63,2.5714285,2.9947165240228704
4183,233,3.8476396,3.791176632520588
4184,556,3.7796762,3.7589157359434826
4185,102,3.3970587,3.4401510483340214
4186,357,3.6330533,3.620154787340094
4187,761,3.9448094,3.9191158455779314
4188,340,3.5441177,3.5420589324755545
4189,217,3.248848,3.3011347452799478
4190,503,3.8926442,3.8596799011471905
4191,666,3.5990992,3.594138281305409
4192,69,2.9347825,3.18405850594785
4193,80,2.96875,3.1838689950796275
4194,220,3.9136364,3.8422332869635687
4195,432,3.4699075,3.4759398733431865
4196,54,2.648148,3.0711823518459616
4197,162,3.6635802,3.631617728269325
4198,265,2.6962264,2.828263347111051
4199,139,2.4568346,2.7402273675121327
4200,570,2.345614,2.4409724589317077
4201,156,3.0641026,3.17671350830967
4202,19,2.7368422,3.3101879755655923
4203,596,2.636745,2.7057321595702746
4204,129,2.2480621,2.6056032660287185
4205,1080,3.1796296,3.1950468130871257
4206,194,3.128866,3.2106678896262997
4207,956,2.714435,2.7548736833909873
4208,87,3.2931035,3.378853796172316
4209,122,2.7827868,2.999435840651046
4210,1801,3.5777347,3.576392857851949
4211,1101,3.8042688,3.7922701640920367
4212,548,3.533759,3.5332825510796892
4213,340,2.475,2.6100075306036534
4214,2957,3.166554,3.172565038552267
4215,971,2.222966,2.2868784646212648
4216,418,3.7787082,3.7519294981263642
4217,298,3.840604,3.795698222072645
4218,785,3.655414,3.6477880734883383
4219,438,3.0684931,3.11557983472699
4220,1099,3.5236578,3.523849338734015
4221,490,2.8377552,2.901672257317437
4222,262,2.3645039,2.5509710923219338
4223,7210,3.7067268,3.705496297723334
4224,739,2.6197565,2.677316848467209
4225,1621,3.7393584,3.733035892587019
4226,31834,4.1642113,4.163213669558329
4227,151,3.1490066,3.243298341978842
4228,1516,3.0244064,3.040487306480359
4229,472,2.440678,2.5448331979042726
4230,14,2.857143,3.3812964111566544
4231,965,3.083938,3.1058157899696837
4232,3956,2.757457,2.7670751203612216
4233,619,2.4523425,2.532739885184797
4234,1427,2.969166,2.988085923520955
4235,5508,4.0025415,3.998273080782566
4236,125,3.436,3.462302759715489
4237,231,3.7142856,3.6811492731562714
4238,2737,3.2415054,3.2466462886928014
4239,7328,3.7312365,3.729859546259122
4240,376,2.7619681,2.8518849493752065
4241,566,1.6236749,1.7782515349326196
4242,195,3.074359,3.1669508681005363
4243,89,3.4662921,3.4885105760835056
4244,63,3.2222223,3.3575484604962105
4245,74,3.5405405,3.5355077674311977
4246,12110,3.4328654,3.4332568039627454
4247,2057,2.6324744,2.653727031964853
4248,1255,2.5179284,2.5566307000273487
4249,76,2.3618422,2.8246267712305464
4250,142,2.9929578,3.132307194173336
4251,734,3.6001363,3.595539539444203
4252,119,3.4033613,3.4402542396409976
4253,46,3.1086957,3.327114308873812
4254,1550,2.1729033,2.2152519270777704
4255,1508,2.125663,2.1706693432603474
4256,216,3.0925925,3.1744471600181177
4257,14,2.2857144,3.256296418607235
4258,20,2.45,3.2200424330575124
4259,268,3.341418,3.370764153558503
4260,35,2.9571428,3.292976098902085
4261,48,3.6145833,3.570438423935248
4262,11166,3.9390113,3.9371793455897315
4263,576,3.9045138,3.8744455892057084
4265,1125,2.2924445,2.3450238258280653
4266,239,2.6422594,2.7955119593333206
4267,949,2.845627,2.8797828411316133
4268,208,2.0528846,2.3387711694998337
4269,14,2.9285715,3.3969214037060738
4270,8189,2.9336915,2.9372985406123924
4271,91,3.6758242,3.6234253078487746
4272,136,3.5882354,3.572059036583029
4273,326,3.5674846,3.562241900474467
4274,521,3.3973129,3.4087617856608587
4275,1118,2.8814847,2.9091634558488244
4276,660,3.584091,3.580145063534589
4277,329,3.1899695,3.234572421906806
4278,541,3.8012938,3.778177567141512
4279,233,3.446352,3.460787938256146
4280,2508,3.5364833,3.536318629863581
4281,57,2.9385965,3.214046440391897
4282,334,3.1946108,3.238028614471356
4283,215,3.7209303,3.684539592491006
4284,142,2.915493,3.0750155051549277
4285,777,3.1666667,3.188516361681697
4286,102,3.245098,3.338177480195698
4287,105,3.0666666,3.215502985062138
4288,64,2.8984375,3.1745874505294
4289,103,3.1893203,3.3000193655101304
4290,326,2.8435583,2.9345823906837625
4291,1855,3.2760108,3.2826262014744474
4292,1066,3.6862102,3.67912454758921
4293,539,2.9397032,2.9896485708362985
4294,319,3.5642633,3.5593576586343407
4295,46,2.576087,3.07190595070521
4296,901,3.165372,3.1844406378632715
4297,314,3.7834394,3.748359726025508
4298,749,4.066088,4.032419312731346
4299,5900,3.2671187,3.269311471346046
4300,165,3.5181818,3.520478913950366
4301,75,3.3533332,3.423223695755005
4302,61,3.147541,3.3189457042797192
4303,54,3.324074,3.422143913232363
4304,948,3.674578,3.667237342001202
4305,863,2.681344,2.7277139860071724
4306,33054,3.8077993,3.807376822450416
4307,48,2.9583333,3.2490098525066764
4308,11641,3.5565672,3.556445270065531
4309,9,2.3888888,3.3542876081951594
4310,8579,2.8181605,2.8222739818903233
4311,14,1.8214285,3.1547338888049126
4312,285,3.863158,3.813143271118847
4313,252,3.0079365,3.0940495421554868
4314,54,3.2962964,3.4077208913289585
4315,21,2.2857144,3.1606052324805463
4316,263,2.8726237,2.977325871348762
4317,910,2.7076924,2.750419832766056
4318,706,3.2195468,3.2399510668699074
4319,57,3.1140351,3.307504408827452
4320,96,2.8697917,3.0952258697927815
4321,6365,3.3192458,3.3208733567574575
4322,1652,3.7557507,3.7490617234334263
4323,197,3.5456853,3.542117294512297
4324,59,3.161017,3.3293850356285724
4325,225,3.9644444,3.8851016694849188
4326,3676,3.8522851,3.8479342911106507
4327,3672,3.9271514,3.9217901834552484
4328,137,2.919708,3.0823688086341408
4329,1242,3.8703704,3.857123058277756
4330,121,3.7727273,3.7011869399868256
4331,212,3.087264,3.1713853064384168
4332,333,3.3948948,3.4122792441913417
4333,2135,2.9325526,2.9461797342147653
4334,596,3.9127517,3.88297672980341
4335,82,3.304878,3.3894164020364936
4336,475,3.56,3.5569579851059685
4337,409,3.722494,3.701313658217719
4338,587,3.899489,3.8703343310573226
4339,607,3.6112027,3.6048752183783543
4340,1614,2.2320323,2.2709754206813297
4341,356,2.5421348,2.6635540506522646
4342,176,3.5511363,3.5460307534817046
4343,4686,2.8731327,2.880047049876806
4344,5935,3.0631845,3.067068166302559
4345,906,3.442053,3.4465513174503917
4346,25,2.22,3.0920396010080973
4347,200,3.76,3.7136118698120115
4348,31,3.3709676,3.467937849186085
4349,1305,3.6950192,3.6888583647808906
4350,358,3.7569833,3.7289288815330055
4351,3602,3.3246808,3.3274652874352246
4352,195,3.1205127,3.2036855123480974
4353,317,3.159306,3.2095449237147857
4354,490,2.989796,3.0396351328602544
4355,393,2.875318,2.9489908874976716
4356,1303,3.7026093,3.6961588233995686
4357,752,3.6283245,3.6220735659325807
4358,28,2.4464285,3.139781646239452
4359,1353,3.7339246,3.7265880186049665
4360,205,3.3731706,3.4035409618826473
4361,7393,3.6412823,3.640521719909621
4362,37,2.9189188,3.268999617675255
4363,57,3.131579,3.316850167568599
4364,7,2.2142856,3.3667187481595757
4365,15,2.6666667,3.329276470037607
4366,2663,3.2254975,3.2310736342808704
4367,7420,2.7565365,2.761700626357971
4368,1781,2.4334643,2.4633549249347997
4369,7251,2.8907738,2.8951381452931653
4370,11336,3.2378263,3.239100864476737
4371,295,2.8644068,2.960588354995285
4372,1205,3.1112034,3.1278112390601778
4373,471,2.5403397,2.6351304644586486
4374,17,2.5,3.267208497915695
4375,55,3.2181818,3.3657425812312534
4376,67,3.6940298,3.6231022777720394
4377,28,2.9642856,3.3256790576837
4378,2500,3.6042,3.6027069353589827
4379,23,1.826087,2.9918215111510396
4380,940,3.8260639,3.8110131398595946
4381,658,3.756079,3.7399758814418385
4382,33,3.0,3.318108064582549
4383,850,3.464706,3.468225579791599
4384,110,3.5681818,3.5556435137987137
4385,15,3.1,3.4292764296898475
4386,2008,2.6456673,2.667105411533248
4387,1512,3.2450397,3.2540992304549174
4388,3805,2.3709593,2.3859670653881264
4389,333,3.3828828,3.4018353861866046
4390,333,2.5690691,2.694263695425527
4391,137,3.5875912,3.57167358194443
4392,360,3.4152777,3.4290315814134553
4393,224,3.703125,3.6711787202932538
4394,229,2.720524,2.8652436630700224
4395,139,3.823741,3.7455183210827054
4396,1519,2.9025674,2.9225002101001047
4397,535,2.2560747,2.3647913097316384
4398,230,1.85,2.1496534815856387
4399,155,3.548387,3.5434290839404596
4400,57,2.9210527,3.20470068165075
4401,237,3.421941,3.440428558542338
4402,63,2.5,2.9548935341624034
4403,271,3.3616235,3.3875481146518314
4404,278,3.778777,3.7405577534582557
4405,253,3.8853755,3.8264124448543333
4406,1758,3.9712741,3.959017092411497
4407,706,3.7450426,3.7306918233790727
4408,124,3.112903,3.2322008966029374
4409,313,3.0623002,3.1264543625277263
4410,750,3.58,3.5767536401748656
4411,336,3.455357,3.4647744727258236
4412,135,1.9740741,2.394070142024272
4413,43,2.2209303,2.9236878912935973
4414,216,3.2777777,3.3248231070382253
4415,447,2.9697986,3.025961625504062
4416,135,3.4074075,3.4400161343651847
4417,93,2.8924732,3.1147061461335297
4418,61,2.827869,3.1432700414915344
4419,283,3.819788,3.775984887246255
4420,170,3.3558824,3.395013538273898
4421,32,2.421875,3.0963776751262384
4422,619,3.9862683,3.952022475155658
4423,127,3.7598426,3.6943671406999146
4424,1039,3.906641,3.8892589302868665
4425,188,1.6728723,2.06261749027156
4426,458,3.8810043,3.846265657680241
4427,1521,4.0401053,4.023808526962445
4428,283,3.6272085,3.612321221434676
4429,397,3.604534,3.5959797134868783
4430,78,2.4358974,2.8625231459736824
4431,46,3.3804348,3.457322582602501
4432,763,4.07405,4.040471194268446
4433,191,3.7853403,3.731962524509034
4434,95,3.2263157,3.330365271403872
4435,46,3.423913,3.4781559109687805
4436,152,3.4078948,3.4376385471608377
4437,966,3.6195652,3.61506200728454
4438,401,3.7568579,3.7314921863327535
4439,236,3.625,3.6080523404208096
4440,457,3.609409,3.601386440341054
4441,248,3.25,3.2966542595984953
4442,262,3.1221373,3.1871889233589172
4443,961,3.3792925,3.386649901506101
4444,597,3.701005,3.68763978919806
4445,107,2.3925233,2.754158988879744
4446,6174,3.1077096,3.111086491830551
4447,9437,3.1564057,3.1583644398349198
4448,3970,3.470655,3.471368949804733
4449,25,3.08,3.3787062327067057
4450,810,3.4388888,3.4440731253734853
4451,92,3.4782608,3.495795484999536
4452,940,3.2510638,3.265053498624551
4453,145,3.0551724,3.176425505907108
4454,197,3.85533,3.789080880431511
4455,9,3.2222223,3.4814062765089133
4456,16,2.84375,3.3621662024295693
4457,5,3.4,3.516417633403431
4458,178,3.8202248,3.7561534078497636
4459,77,3.461039,3.487425019421915
4460,27,2.4814816,3.1610775489311713
4461,29,2.0344827,2.9797844071931476
4462,273,2.470696,2.6343745196197794
4463,120,2.7458334,2.9758998646455654
4464,1199,3.4491243,3.452284266225236
4465,1569,3.7319949,3.7256966746096407
4466,589,2.8089983,2.8652629035179604
4467,3148,3.6045108,3.6033154840093617
4468,176,3.5852273,3.572579493564842
4469,58,3.2068965,3.3555830452177258
4470,219,3.694064,3.6632080441513915
4471,404,1.960396,2.1330461985214164
4472,75,2.36,2.8272236919403078
4473,294,3.2551022,3.2947761735250785
4474,1223,3.1651676,3.1794209800549407
4475,166,3.503012,3.5088099616545216
4476,313,3.0063899,3.0782451636206676
4477,762,2.444882,2.5115800361915177
4478,1000,3.353,3.361336090451195
4479,317,3.6056783,3.595103533456371
4480,716,2.7101955,2.763580909908285
4481,71,3.190141,3.329776675247949
4482,305,2.7606556,2.868740676154553
4483,670,2.1007462,2.1998651292588978
4484,223,3.6434977,3.6223551563290886
4485,255,2.362745,2.5537801844174743
4486,269,3.3605947,3.3868431252745625
4487,2102,2.7840152,2.8013024511833615
4488,987,3.3490374,3.357669133919299
4489,4287,3.4969676,3.4973260027102837
4490,127,2.6496062,2.8977568378556247
4491,54,2.9537036,3.2298362117547255
4492,766,2.7336814,2.782356559645896
4493,343,2.2346938,2.399244099172927
4494,248,1.9778225,2.237929395381236
4495,508,3.6781497,3.664700747390802
4496,528,3.2130682,3.2403166153851677
4497,160,2.53125,2.7685855683826266
4498,870,3.1436782,3.164568470871967
4499,3764,3.6782677,3.676298546803579
4500,317,3.7728708,3.739517728379377
4501,393,2.6882951,2.783076645289264
4502,688,2.0828488,2.1807627845908892
4503,136,2.9632354,3.115069789271201
4504,197,2.5152285,2.7202550032843464
4505,149,2.785235,2.9718742394567137
4506,1000,3.372,3.3794313794090636
4507,46,1.9130435,2.7541976074377694
4508,1312,3.4916158,3.4929536435747637
4509,793,3.2736444,3.2887343014120916
4510,58,2.6810346,3.0731756863770663
4511,162,2.5709877,2.79671215561201
4512,139,2.1402879,2.5074231965201244
4513,66,3.0454545,3.2534738491321433
4514,121,1.8719008,2.356157694643701
4515,407,3.7542996,3.7295468776961647
4516,256,2.3066406,2.5062188541187957
4517,283,3.3957598,3.4156246206781886
4518,488,2.9067624,2.9645037207904803
4519,1878,3.2712994,3.277958076524537
4520,453,2.6523178,2.7393696137498433
4521,169,3.118343,3.2118856427876374
4522,142,3.2464788,3.3198070749640465
4523,460,3.6282609,3.618437177994672
4524,317,2.9432178,3.022896450936632
4525,123,2.8536584,3.0485720069422197
4526,899,2.471635,2.527294970664134
4527,150,2.2633333,2.5795148372650147
4528,52,2.9903846,3.2539506613039504
4529,617,3.6726093,3.6617735014862562
4530,57,3.0350878,3.2654483674842623
4531,853,2.810082,2.8498370766243664
4532,349,2.7765043,2.870684116406548
4533,1043,3.4002876,3.4061326308743407
4534,249,3.2309237,3.28061190257503
4535,1003,3.7238286,3.714532772247155
4536,48,3.3333333,3.4326833218944315
4537,475,3.7063158,3.6893389588310606
4538,45,3.288889,3.4147681186073706
4539,36,1.9722222,2.876778707947842
4540,118,2.4152544,2.746446328503745
4541,730,3.210274,3.230644840460557
4542,44,2.6818182,3.1319465129933457
4543,260,3.2826922,3.3222675477304766
4544,1422,2.507384,2.542053739985694
4545,3017,3.1531322,3.1592444791286978
4546,1336,3.946482,3.9313873343309456
4547,80,3.16875,3.3069459475003757
4548,53,2.6603773,3.0815821781899166
4549,35,2.9571428,3.292976098902085
4550,77,2.642857,2.991361922166479
4551,36,1.8333334,2.8186391952425933
4552,479,3.4457202,3.45350272804217
4553,1707,3.6001759,3.5981235960090303
4554,17,3.1176472,3.4239249442940327
4555,398,3.8190954,3.786613678293569
4556,49,2.8265307,3.18083811528755
4557,837,3.4528077,3.4570495883399768
4558,2809,2.8063369,2.8189588193503154
4559,329,2.5151975,2.6488204537092224
4560,126,2.4325397,2.743766884912144
4561,192,2.8645833,3.0016650995932337
4562,298,3.5016778,3.5054682164356628
4563,773,2.6054335,2.6614860717754896
4564,998,3.2735472,3.2856899308794327
4565,539,2.3719852,2.4701239228855774
4566,252,2.0218253,2.2712018158262137
4567,175,1.94,2.292902130550808
4568,278,2.9622302,3.048484653961368
4569,126,2.4126985,2.7295623936436395
4570,271,3.3505535,3.3782024027031157
4571,7865,3.3706293,3.3716238151979234
4572,1084,3.11393,3.132189660686244
4573,176,3.127841,3.2163848876953125
4574,315,3.0031745,3.0750765767815995
4575,62,3.25,3.374133655003139
4576,68,1.9632353,2.6262963303064897
4577,676,3.3764794,3.3869187812174646
4578,404,3.246287,3.2773192968662617
4579,60,2.7,3.07639065655795
4580,509,2.3123772,2.421114439188048
4581,111,3.1711712,3.282006032718635
4582,73,2.4863014,2.909780269715844
4583,87,3.0287356,3.2109705827532022
4584,235,2.6957448,2.841764864168669
4585,419,3.2231503,3.2556565575508167
4586,108,3.4907408,3.5025504631332205
4587,1385,2.735379,2.7629985069979357
4588,129,2.2480621,2.6056032660287185
4589,478,3.1956067,3.2270889697652874
4590,123,3.5772357,3.56302289191009
4591,500,3.273,3.2961872187527743
4592,67,2.2537313,2.798315924456996
4593,260,2.823077,2.9367838059702227
4594,59,2.8474576,3.1596602802976554
4595,278,3.3866906,3.4082407340770815
4596,35,2.6714287,3.175329096177045
4597,281,2.7935944,2.904540739030636
4598,109,2.1513762,2.5842954737585297
4599,545,3.027523,3.069584918623211
4600,304,3.0460527,3.1141327356888078
4601,54,3.3888888,3.4557977548012366
4602,430,2.7209303,2.80500628054142
4603,380,2.5486841,2.6625649651815726
4604,17,2.4117646,3.244820416863285
4605,394,3.568528,3.563970667821867
4606,51,3.0686274,3.2960689563562373
4607,75,3.2533333,3.363223752975464
4608,122,3.0655737,3.200017208276793
4609,115,3.247826,3.332745277520382
4610,234,2.8247864,2.94860208706117
4611,136,2.6985295,2.921521391919864
4612,516,3.7974806,3.7736801241817406
4613,722,2.5554016,2.6183975366730765
4614,595,2.8033614,2.859539553176525
4615,181,3.3950276,3.4238223885044907
4616,1524,3.7329397,3.726431450365156
4617,212,3.2382076,3.293522809297984
4618,569,2.6309314,2.7033972909646966
4619,359,2.7785516,2.870178449999149
4620,213,2.7042253,2.8608477514506294
4621,3279,2.6602623,2.673296245951379
4622,273,2.7564104,2.8758606740933823
4623,3362,3.4928615,3.493377304720012
4624,778,3.3785348,3.3875640567374115
4625,310,2.7370968,2.8469527032640247
4626,259,3.4749036,3.4835048462580707
4627,178,3.255618,3.315363992724502
4628,598,3.3160536,3.332412097925021
4629,290,2.4206896,2.5835380834691666
4630,188,2.0265958,2.342029351146281
4631,49,2.7142856,3.125282468217792
4632,180,3.2333333,3.2974042270494546
4633,214,3.1915889,3.2553143537405766
4634,220,3.1840909,3.2477887294910572
4635,357,2.340336,2.4862480380318384
4636,592,2.366554,2.4570139412567995
4637,183,2.15847,2.4523732355224217
4638,7011,2.659749,2.6658976669268304
4639,3633,2.831957,2.8414073093345946
4640,568,3.5669014,3.5637588840472274
4641,5894,3.763658,3.761676227581132
4642,2348,3.7847104,3.7793590515429423
4643,8537,2.7309945,2.7356355770011573
4644,537,3.7495344,3.730669378625067
4645,206,3.4781554,3.4879022520035505
4646,360,3.6805556,3.661958485114865
4647,27,2.7037036,3.2389995804080716
4648,15,2.6333334,3.321584169681256
4649,847,3.3825266,3.3906388296065653
4650,55,2.6636364,3.075266418002901
4651,55,2.3272727,2.8990758600689115
4652,199,1.9698492,2.2827428349529404
4653,98,2.9744897,3.1615064788509057
4654,1101,2.7579472,2.7914012543125635
4655,160,3.6625,3.630490257626488
4656,35,3.2285714,3.404740810394287
4657,76,2.4144738,2.8563728256831094
4658,350,3.7,3.67850746512413
4659,170,3.1852942,3.263195341283625
4660,82,3.0060976,3.2038103703296548
4661,1011,3.4920871,3.4937823313120737
4662,716,3.1431565,3.1682807359620733
4663,180,2.4944444,2.7191432869952656
4664,421,3.6128266,3.6038279447332817
4665,272,2.4301472,2.6006304344035085
4666,155,2.5193548,2.765380324386969
4667,41,2.7195122,3.1637689071697195
4668,37,3.4729729,3.5046317878810838
4669,130,2.1153846,2.507794247733222
4670,332,3.1716866,3.2183322956424734
4671,99,3.368687,3.422167610002044
4672,301,3.3787374,3.400008380922497
4673,1859,2.7383,2.758985242274121
4674,78,2.9487178,3.175023127347231
4675,429,2.8263404,2.899588761598432
4676,730,2.3671234,2.4415423411589403
4677,2292,2.8717277,2.885739910001942
4678,1702,3.4797297,3.481108925658274
4679,2496,3.2728364,3.2778486804707447
4680,237,3.0084388,3.0989650558511554
4681,2035,3.1643734,3.173094884383021
4682,606,2.830033,2.883236289751239
4683,359,2.834262,2.919078213661399
4684,50,2.45,2.9890297174453737
4685,174,2.3678162,2.626799061894417
4686,912,1.9928728,2.072664235089276
4687,160,3.678125,3.64239501953125
4688,507,3.6469429,3.636271088512838
4689,86,3.0465117,3.223551259321325
4690,535,3.1869159,3.216073439671443
4691,94,2.3297873,2.745853967136807
4692,313,2.9696486,3.04656468606849
4693,27,3.1851852,3.407830774010002
4694,51,3.1470587,3.335672914391697
4695,107,3.5841122,3.5662609634885363
4696,377,2.9098144,2.9822083893090277
4697,298,2.8355706,2.935066092973468
4698,49,3.2346938,3.3828582209770124
4699,763,2.8951507,2.934074937344184
4700,3217,3.152005,3.1577603050718843
4701,5793,3.2115483,3.2142567920211484
4702,57,3.2192984,3.3635792152903905
4703,1610,3.7096274,3.7041584741638367
4704,305,3.5459015,3.5433885581056837
4705,807,3.7905824,3.7752660222203756
4706,146,3.0308218,3.1576681234398665
4707,52,2.8942308,3.2049311095593023
4708,175,3.7514286,3.701791000366211
4709,518,3.2036679,3.2322234696065877
4710,637,3.6852434,3.6738034859841915
4711,231,3.8030303,3.7541030522343104
4712,136,3.7169118,3.666145017070155
4713,1431,3.4783368,3.4800154935822625
4714,511,2.8072407,2.871484812143227
4715,104,2.8173077,3.0480712419980533
4716,95,3.2526317,3.34760674114885
4717,106,3.0801888,3.223737031985552
4718,8475,2.9352803,2.938757033082397
4719,1114,2.865799,2.8942465634690118
4720,10247,3.708061,3.7071869311268335
4721,400,2.8725,2.945339881049262
4722,170,3.4029412,3.4313771724700928
4723,724,3.5186465,3.5192545476809953
4724,40,3.4625,3.498921924167209
4725,1003,3.3529413,3.361256474669729
4726,13,3.3076923,3.4825868114592535
4727,988,2.8360324,2.8693670243426785
4728,3318,3.0993068,3.1056719133519786
4729,128,3.5351562,3.533162749215458
4731,130,3.4846153,3.496683120727539
4732,844,2.5781991,2.6313233226204344
4733,1148,3.227352,3.2399022997122175
4734,6098,3.2846014,3.2865814266843927
4735,1262,2.3189383,2.365017566739059
4736,503,2.4821074,2.576678104900753
4737,157,3.566879,3.557502307753632
4738,454,3.657489,3.6446488159043446
4739,38,2.6973684,3.1693519082936374
4740,106,2.981132,3.156429260205
4741,911,3.842481,3.82612181826263
4742,8,3.0625,3.4638442993164062
4743,473,3.4418604,3.450101254775009
4744,1923,2.6352055,2.6578323161970583
4745,827,3.0707376,3.0968106782558706
4746,64,2.578125,2.994762889125891
4747,19,3.0263157,3.389898079029028
4748,929,2.318622,2.3803911252942345
4749,564,1.9326241,2.062545541831647
4750,422,1.785545,1.9701333808696877
4751,73,3.0958905,3.2715689224925466
4752,119,2.9243698,3.1029761952055983
4753,116,2.5818965,2.8668853518474533
4754,1592,3.7264447,3.720403754899911
4755,79,3.3481014,3.4178525440452634
4756,677,2.5878878,2.6525488109667332
4757,1229,2.9690804,2.9909326349784844
4758,239,2.3933055,2.5896297350886783
4759,120,2.8833334,3.0729587218340706
4760,19,3.0526316,3.3971444938493813
4761,122,3.5409837,3.5372266159501184
4763,52,3.2980769,3.4108133970522414
4764,54,3.3055556,3.41252856529676
4765,456,3.6107457,3.6025750872645923
4766,115,3.0826087,3.2175937565890225
4767,355,3.0915494,3.145439518822564
4768,136,3.6691177,3.631198790765578
4769,213,3.8802817,3.813319272414813
4770,858,2.8234265,2.8622278563251577
4771,429,3.072261,3.119839204875811
4772,234,3.6581197,3.6352217398898703
4773,165,3.0151515,3.134432404540306
4774,551,3.2250454,3.250254589388652
4775,632,1.1115507,1.2887140830590929
4776,8418,3.6960084,3.6950167748631877
4777,108,3.3333333,3.3949554479574857
4778,57,3.8070176,3.6766632761910696
4779,108,3.5046296,3.512044097803816
4780,118,3.3728814,3.4190653335480463
4781,73,1.6986301,2.4423005387065855
4782,424,3.1827831,3.2192046732842168
4783,589,3.9541595,3.920818331469206
4784,705,3.612766,3.6071563161761557
4785,135,3.651852,3.618394458616102
4786,252,3.2619047,3.3059700593253636
4787,1252,3.4932108,3.494549064226048
4788,276,3.780797,3.742033566433959
4789,308,3.2597404,3.297215078130115
4790,121,2.8884296,3.0754558830930474
4791,65,3.3153846,3.407851913700933
4792,689,2.8381712,2.884848384637794
4793,86,3.5523255,3.5434041268685283
4794,172,3.4680233,3.481544941395253
4795,570,3.740351,3.723230673420814
4796,92,3.423913,3.460584264406016
4797,56,3.044643,3.2726695582551777
4798,322,3.7996895,3.7631801033532746
4799,1480,3.5513513,3.5505901349136253
4800,157,3.1687899,3.2555699417556543
4801,286,3.8776224,3.8256040655431294
4802,622,3.643087,3.6345283147834597
4803,821,3.5517662,3.5504052633532974
4804,145,3.389655,3.42514338860145
4805,91,3.3901098,3.439028078782643
4806,177,3.9915254,3.8894403842052174
4807,127,2.3582678,2.68871738951085
4808,566,3.1113074,3.145134655686168
4809,1054,3.6740987,3.667484629413356
4810,85,3.2764707,3.3696516708091453
4811,372,3.5336022,3.532945501860849
4812,705,2.8234043,2.870070211145262
4813,318,3.4669812,3.4752798430297687
4814,1503,3.0994678,3.1132665834961135
4815,1143,3.300525,3.3100611795823514
4816,8034,3.2446477,3.2464006584744123
4817,51,3.1764705,3.350524413703692
4818,41,2.512195,3.070362295423235
4819,104,3.2163463,3.317551823405476
4821,1147,3.195728,3.209609906675423
4822,198,2.3914142,2.6205765085835613
4823,3401,3.3268156,3.329731336575389
4824,105,3.7142856,3.654212636332358
4825,49,3.2346938,3.3828582209770124
4826,565,3.538938,3.538053601737914
4827,68,2.4191177,2.8890082391641907
4828,93,3.1451614,3.279041808801931
4829,75,3.0866666,3.263223705291748
4830,438,3.5296803,3.5295141798550964
4831,110,2.1227272,2.561893478035927
4832,54,3.0370371,3.2731055250534644
4833,543,3.611418,3.604389457236253
4834,442,2.8246605,2.8961441623486155
4835,1092,3.6593406,3.6535927552057856
4836,167,3.4161677,3.4419492224943804
4837,200,2.8425,2.9796118545532226
4838,77,3.1948051,3.3260076027216874
4839,61,1.9508197,2.6612880444741465
4840,216,3.699074,3.6669284203895054
4841,84,3.375,3.432111711644415
4842,231,3.448052,3.4622881319174987
4843,9,2.5,3.371236768819518
4844,2323,3.3562205,3.3598411939237574
4845,713,2.0953717,2.1892568911981147
4846,1215,3.719753,3.712176203256539
4847,257,3.2237353,3.2732995107818503
4848,9504,3.8247054,3.823152892280628
4849,313,3.5415335,3.539677535863619
4850,226,3.1570797,3.22428616233494
4851,46,3.5434783,3.5354475925366082
4852,187,2.0882354,2.3919957177045474
4853,74,2.7567568,3.0677658973201627
4854,73,2.589041,2.9707557883689075
4855,5432,3.7708948,3.768679922925691
4856,68,3.5735295,3.554262492616298
4857,2798,3.8920658,3.8856752020924277
4858,44,3.409091,3.472372055053711
4859,29,2.5172415,3.1569996483718294
4860,47,2.4468086,3.004154355255599
4861,46,3.3369565,3.4364892542362213
4862,467,2.996788,3.04816823402272
4863,230,3.6608696,3.6371534892490933
4864,104,3.1682692,3.2850841670841366
4865,4325,3.3283236,3.330606297356742
4866,1435,3.3937283,3.398251189928665
4867,1423,2.998243,3.016227353290887
4868,106,2.9481132,3.1339933902789383
4869,70,3.3428571,3.4200247327486673
4870,133,2.537594,2.808213016374515
4871,217,3.3824885,3.4097489569517556
4872,177,3.220339,3.288118867622073
4873,3084,3.8542478,3.8490437813145992
4874,6436,3.5076134,3.5077710366344657
4875,84,1.8809524,2.495544533231365
4876,1879,2.6439595,2.666875537409567
4877,96,3.2395833,3.3383764502120346
4878,20371,3.9832606,3.9821460895595306
4879,87,2.902299,3.1306786571976044
4880,2199,3.7114596,3.7073822634227542
4881,3964,3.7579465,3.7550829249231388
4882,5,1.9,3.380053986202587
4883,33,3.2121212,3.402445428342704
4884,106,3.4339623,3.4641216534834642
4885,483,2.7908902,2.860043047069385
4886,25372,3.8677676,3.867099434205338
4887,2336,2.927654,2.9402358669846973
4888,607,3.6004941,3.5949816075997085
4889,1741,3.3905802,3.394418234534932
4890,4867,2.8515513,2.8584305712525526
4891,10,2.3,3.32338281472524
4892,48,3.21875,3.376560911840322
4893,208,3.1947114,3.259313760801803
4894,114,2.6491227,2.9170912126215494
4895,116,2.512931,2.818692638213376
4896,18473,3.6312726,3.6309939462693355
4897,107,2.7056074,2.9675347941696266
4898,541,2.977819,3.0243706089994427
4899,923,2.330444,2.3919865070609614
4900,260,3.103846,3.1722675754177954
4901,5251,3.6215007,3.6206193747014015
4902,1363,3.7516508,3.7437388702900125
4903,2347,3.690882,3.68748558497598
4904,9,2.6111112,3.3881859294438765
4905,12,2.9583333,3.4177898130109234
4906,6,1.75,3.337553024291992
4907,71,3.3239436,3.4082889753924914
4908,60,3.3166666,3.4127542322332207
4909,286,2.7744756,2.8866160228138877
4910,16,2.90625,3.3773177175810845
4911,645,3.0565891,3.090507850372534
4912,768,3.5345051,3.534111134871877
4913,42,2.547619,3.080467084179754
4914,1738,3.9792864,3.966668226308204
4915,815,2.8595092,2.898153747437317
4916,478,3.5104601,3.5121267338593802
4917,100,3.1,3.242686398824056
4918,147,3.6496599,3.6187968048347434
4919,244,3.3155737,3.3517107152614463
4920,439,3.972665,3.927204367573276
4921,535,3.6028037,3.5964153037111983
4922,61,3.2459016,3.3729996938963196
4923,76,3.4473684,3.4793886230105446
4924,41,3.0243902,3.3011315209524974
4925,107,3.0093458,3.1745411894124027
4926,64,3.2109375,3.3500260470206276
4927,204,3.6838236,3.653161341749777
4928,627,3.9800637,3.9466807898601717
4929,645,2.7403102,2.7969827960721023
4930,141,3.7021277,3.656560075220637
4931,31,2.419355,3.1037403919078685
4932,609,3.4885058,3.491506868139565
4933,40,3.25,3.4044774373372397
4934,109,2.6146789,2.9019054406843847
4935,40,3.5625,3.5433663262261286
4936,1117,3.2681289,3.279265569230891
4937,53,2.7452831,3.125271602741723
4938,39,3.5641026,3.543853625822603
4939,494,3.4018219,3.41342456638813
4940,36,2.9583333,3.28956937789917
4941,1539,3.0734243,3.087730036207983
4942,81,2.6975307,3.01452641086724
4943,63,2.5555556,2.9858670002591294
4944,124,2.064516,2.4850744927066497
4945,580,3.4594827,3.4649252664475214
4946,82,2.7804878,3.063658840728529
4947,394,3.2284265,3.26216890360858
4948,25,2.62,3.225372886657715
4949,176,2.252841,2.5349689584917727
4950,181,2.7403314,2.9108353022373086
4951,1151,3.258471,3.2696945081642528
4952,87,2.4712644,2.85695597725193
4953,77,2.961039,3.1842754131227027
4954,1749,3.5371642,3.536911158908931
4955,59,2.5932202,3.022045533591454
4956,632,3.744462,3.728596718080582
4957,583,3.2246997,3.2486617934270683
4958,2817,3.2137024,3.2191847727861727
4959,141,2.886525,3.0544658768239445
4960,64,3.2578125,3.376341836494312
4961,247,3.1983805,3.2538819714427394
4962,105,2.547619,2.8638901633601033
4963,24467,3.7968898,3.796341528913717
4964,106,3.5424528,3.537839534955147
4965,322,3.2934783,3.3250079731787405
4966,547,3.61883,3.6112277395960874
4967,1827,3.9477286,3.936549378508383
4968,55,2.7363636,3.1133616197676885
4969,729,3.8813443,3.8586687772356654
4970,955,3.8921466,3.8740327963188514
4971,625,3.1216,3.1517080218703657
4972,154,3.0,3.1294263203938804
4973,26372,4.1488132,4.147638556399774
4974,2456,2.6473942,2.664965313715832
4975,8662,3.3817825,3.382622045371596
4976,728,3.5542583,3.55257460881015
4977,224,3.4732144,3.483222599447209
4978,1288,3.8125,3.8018706796415183
4979,12680,3.7577682,3.756865920181454
4980,3311,2.9711568,2.97944161020124
4981,365,3.3931506,3.409404642610665
4982,83,2.626506,2.965435901082548
4983,51,2.8137255,3.1673561228383886
4984,54,3.4351852,3.479836248434507
4985,179,1.9078212,2.261584979477928
4986,78,2.3269231,2.7961169816553593
4987,175,2.4742856,2.7084575547112357
4988,95,2.8947368,3.1131238772951324
4989,577,2.8682842,2.9208978747256826
4990,1046,2.9029636,2.931480780135106
4991,364,2.7664835,2.8584613039873648
4992,2943,3.1364255,3.1429679925092042
4993,41850,4.108925,4.108231708827053
4994,1800,3.1930556,3.202109785337706
4995,23591,3.9417362,3.9408613073206116
4996,203,3.6576355,3.632027532743371
4997,77,2.9935064,3.2039603511179524
4998,292,3.80137,3.7614122273629174
4999,182,3.9230769,3.837943790287807
5000,121,3.5413222,3.5374442067062644
5001,202,3.6138613,3.5968371289116994
5002,417,3.1115108,3.156109108404123
5003,161,2.7763975,2.954516405177907
5004,773,3.7723157,3.757476350951166
5005,142,3.6830986,3.6427237714330354
5006,57,2.868421,3.1766632784192805
5007,303,3.660066,3.641368084521199
5008,1691,4.0819044,4.065998465764255
5009,1793,3.1795874,3.1890412986246193
5010,10512,3.6779394,3.6772298901353317
5011,308,3.2353897,3.276265362787513
5012,523,2.91109,2.964926676392347
5013,5747,3.6185837,3.6178028935170365
5014,3251,3.5661335,3.565556793420902
5015,4709,3.5046718,3.5049175314854164
5016,1277,3.3743148,3.380107724046743
5017,607,3.9827018,3.9481019008468095
5018,41,3.109756,3.3395930227342543
5019,18,2.75,3.322102490593405
5020,26,2.7307692,3.255302203328986
5021,893,3.6864502,3.6780520003774893
5022,223,3.9753363,3.893417462324485
5023,214,3.5514019,3.5469809319033767
5024,67,3.4104478,3.460709182625143
5025,2150,3.0816278,3.091774017160589
5026,2729,3.4714181,3.472437236325352
5027,1155,2.739827,2.772533659123781
5028,122,3.192623,3.2901335067527238
5029,118,2.9067798,3.091684415226891
5030,31,2.419355,3.1037403919078685
5031,33,3.2727273,3.426541790904769
5032,28,2.357143,3.1077304008679514
5033,367,3.2288828,3.264755283328269
5034,863,3.7572422,3.7446911175697553
5035,103,3.1796117,3.293483481687658
5036,212,3.0801888,3.165660246637941
5037,47,3.3723404,3.4526079389237867
5038,201,3.6840796,3.6529999140249307
5039,826,3.3105326,3.322948484115949
5040,1690,2.8156805,2.836151161413083
5041,144,3.125,3.228881285362637
5042,85,3.2941177,3.3807627624935574
5043,30,2.6,3.1800370812416077
5044,77,2.831169,3.1055352274827133
5045,59,1.9915254,2.6963575105054662
5046,605,3.1710744,3.1983251535255492
5047,1293,2.759474,2.7880885345405018
5048,619,2.2899837,2.382515560885716
5049,3655,3.4859097,3.4864785220780674
5050,17,1.2352941,2.946312971969149
5051,914,3.5743983,3.571994809688869
5052,25,1.92,2.9920395771662394
5053,452,2.2289822,2.358372367235769
5054,590,3.4440677,3.4506295658648014
5055,1686,3.4584816,3.4604855201760745
5056,421,3.9346793,3.891513677159692
5057,56,2.875,3.1830468807580337
5058,79,3.2974684,3.3868447662323944
5059,323,3.9102168,3.8589892719769927
5060,11437,3.901023,3.8993994953676565
5061,113,3.0707965,3.211061182197618
5062,401,3.8154614,3.783598646620689
5063,151,3.3907285,3.4248903924552954
5064,5291,3.7849178,3.782513240106408
5065,2568,3.0905373,3.0988933462692274
5066,1749,3.3639224,3.368484253880711
5067,10,2.2,3.3067161639531455
5068,137,3.3613138,3.4058981961744994
5069,415,3.4469879,3.4557052350813344
5070,5,2.0,3.3891448974609375
5071,126,3.702381,3.6528577398170126
5072,1413,3.584218,3.5822987279416107
5073,387,3.5943153,3.5867345234894916
5074,837,3.4498208,3.4542310517428287
5075,179,3.472067,3.4842925040482435
5076,422,3.07109,3.1194977588572743
5077,246,3.121951,3.190550475507169
5078,139,3.0107913,3.147634710584368
5079,63,3.484127,3.5035661342924675
5080,444,2.7578828,2.8358359259632433
5081,618,3.1051779,3.13683068680906
5082,22,3.4545455,3.505596809917026
5083,66,3.560606,3.546577289186675
5084,47,2.43617,2.9989996300530186
5085,114,3.4605262,3.4811156057729953
5086,62,3.25,3.374133655003139
5087,95,3.5157895,3.520020501366977
5088,80,3.2875,3.380022782545823
5089,24,2.2291667,3.1067969090229757
5090,153,3.3169935,3.368980152853604
5091,39,3.5,3.5157637006781073
5092,750,2.7253335,2.775503823161125
5093,1534,2.5850718,2.6148378243952086
5094,845,1.8597633,1.952964165357238
5095,391,3.4910486,3.4952448117219403
5096,508,2.3188977,2.4272455434218103
5097,75,3.52,3.5232237434387206
5098,51,3.5,3.5138907857460553
5099,360,3.3541667,3.375373165781905
5100,90,2.6944444,2.9921640498297557
5101,272,3.6433823,3.6254750245846576
5102,741,2.748988,2.798233897586538
5103,3349,3.6637802,3.661783730713681
5104,48,3.5625,3.544928258779098
5105,808,3.7060645,3.6956912065163636
5106,877,1.8249714,1.9168316289187763
5107,1042,3.1477928,3.1652042891953016
5108,1724,3.3430974,3.3483105807858093
5109,356,2.7345505,2.8322732483812154
5110,2878,3.5430856,3.542828980365086
5111,726,2.8794765,2.921266678682308
5112,282,3.5602837,3.5554306076233644
5113,75,3.1266668,3.2872238254547117
5114,243,3.866255,3.808542475358618
5115,33,2.969697,3.3060598833015167
5116,51,3.3137255,3.419831370363141
5117,209,2.944976,3.0575404342076955
5118,195,3.4615386,3.4751142336397756
5119,176,3.909091,3.82479196734133
5120,1313,3.9520183,3.936465844457323
5121,309,3.9902914,3.925913645364448
5122,347,3.5475504,3.5450956473122317
5123,107,3.4158878,3.451611257662439
5124,44,3.4318182,3.48301034278058
5125,348,3.2600574,3.293726034499892
5126,64,2.296875,2.8368681522837855
5127,716,2.9608939,2.9979151172986542
5128,1482,2.567139,2.598500544657595
5129,33,2.378788,3.071120158735528
5130,30,2.9666667,3.3175371289253235
5131,124,3.2741935,3.3471434856283255
5132,12,2.875,3.4016607961347027
5133,26,2.8846154,3.3079338199213932
5134,323,3.2306502,3.2705173716148805
5135,2541,3.8264463,3.8206881529941654
5136,136,2.3235295,2.6473278435327674
5137,377,3.8938992,3.8510608164990536
5138,9,1.8888888,3.2780164217544816
5139,1228,3.3916938,3.397028946167613
5140,212,2.0801888,2.35649994129443
5141,202,2.4826732,2.6900910687825035
5142,150,3.7666667,3.707014834880829
5143,70,3.2428572,3.3616914550463357
5144,22,3.0227273,3.3736523456043668
5145,149,3.6979866,3.6552913224876824
5146,1387,3.6589763,3.6544210997072457
5147,1684,4.0893707,4.073185279432603
5148,38,3.118421,3.3511701172048394
5149,16,2.625,3.309135899399266
5150,37,3.0675676,3.332218046846061
5151,2553,2.800235,2.8142155238952813
5152,3258,3.563536,3.562999705305411
5153,97,3.0876288,3.2374351494977263
5154,21,2.0238094,3.0831403866620133
5155,80,3.175,3.3107920426588793
5156,27,2.9444444,3.3234151772090366
5157,67,3.1567163,3.3154099537776065
5158,85,3.6294117,3.59187380472819
5159,1048,3.086355,3.106469015388975
5160,51,2.3137255,2.914880875313636
5161,150,2.6733334,2.887014901638031
5162,65,2.6615384,3.0382866341134775
5163,59,3.1864407,3.3431465232044184
5164,129,2.3992248,2.714541693639489
5165,292,3.3099315,3.3418215562028495
5166,18,3.1388888,3.425043653039371
5167,108,3.5138888,3.518373187584213
5168,209,3.4736843,3.4841814298887512
5169,238,3.802521,3.7548714064889483
5170,190,2.6052632,2.797512431939443
5171,3468,2.8275664,2.837522226683859
5172,362,2.665746,2.770395659705968
5173,46,3.0543478,3.301072562734286
5174,71,3.2676055,3.375231098537603
5175,47,3.3297873,3.431989384680679
5176,14,2.5714285,3.3187963888049126
5177,644,3.8540373,3.8305518455395435
5178,35,3.2142856,3.3988584209890926
5179,134,3.3022387,3.3636030191960544
5180,92,3.4456522,3.474668845324449
5181,77,3.051948,3.239393470794197
5182,63,2.6984127,3.065512979980064
5183,41,2.0487804,2.8615710709121203
5184,178,2.738764,2.911855130864863
5185,49,2.6734693,3.1050804576488455
5186,50,2.86,3.1940296411514284
5187,288,3.7760417,3.7393579652323528
5188,42,2.5714285,3.0913366079330444
5189,83,2.5361445,2.9090448304226526
5190,50,3.67,3.5990297317504885
5192,97,2.8865979,3.10478206070102
5193,204,2.877451,3.0055234713817205
5194,25,4.04,3.6987062454223634
5195,49,1.8469387,2.69598956661995
5196,47,3.3723404,3.4526079389237867
5197,139,2.8165467,3.0047775538510115
5198,381,3.7900262,3.7596356077703135
5199,205,3.502439,3.5074626230726054
5200,45,2.8888888,3.2252943892227974
5201,31,1.983871,2.937073701693688
5202,125,3.776,3.7051598412649973
5203,53,3.0,3.256339508352928
5204,37,3.2432432,3.406930671341118
5205,166,2.8433735,3.001865632004208
5206,55,2.290909,2.880028259186518
5207,39,2.7051282,3.1674490885788136
5208,73,3.4794521,3.4992111795316867
5210,56,2.1607144,2.805688444173561
5211,159,2.355346,2.635899414856468
5212,132,2.378788,2.694521893511762
5213,281,2.311388,2.495175231979693
5214,822,3.173966,3.1942694548073165
5215,99,2.5505052,2.8785434921315853
5216,57,3.0263157,3.2607753611056602
5217,60,2.5,2.9672997214577417
5218,12961,3.5749943,3.5748139592615558
5219,5037,3.1669645,3.1705137235560117
5220,1220,2.7163935,2.748348821805218
5221,124,3.298387,3.3643848484960097
5222,1363,3.436537,3.439775610510036
5223,102,3.259804,3.3480459106595895
5224,123,3.886179,3.7826762006461965
5225,4783,3.879887,3.876247255939789
5226,440,3.1261363,3.167148862566267
5227,89,3.241573,3.3446257183020065
5228,66,3.2651515,3.378473865574804
5229,26,3.0576923,3.367144327414663
5230,152,3.319079,3.3708067601270013
5231,198,3.4444444,3.461302274657834
5232,152,3.2960527,3.353480093549974
5233,95,3.5736842,3.557951516118543
5234,100,3.21,3.316019821166992
5235,145,3.0172415,3.1482204290536733
5236,66,3.6363637,3.5896808320078355
5237,700,3.4614286,3.4658706919352213
5238,220,3.6977272,3.6663072374131946
5239,45,3.3555555,3.4463470358597603
5240,145,3.2413793,3.314886985680996
5241,261,3.4386973,3.453064227027525
5242,38,3.0263157,3.3113973357460718
5243,112,3.267857,3.3481664304380065
5244,302,3.7218542,3.6943265362219377
5245,60,3.3333333,3.4218451326543633
5246,526,2.4096959,2.506776030692789
5247,1269,3.2017336,3.214103786216892
5248,331,1.836858,2.05880046892041
5249,73,3.0479453,3.2431136049875398
5250,575,3.335652,3.3510446949005126
5251,65,3.176923,3.329591015110845
5252,18,3.25,3.454455431769876
5253,24,2.7291667,3.268959071185138
5254,5206,3.1150596,3.118988455249113
5255,486,2.531893,2.62481898247306
5256,94,3.005319,3.1868261562453375
5257,5,2.6,3.4436903433366255
5258,263,3.6958175,3.6690190546809673
5259,33,2.9848485,3.3120839739420327
5260,17,2.8529413,3.356760761631069
5261,5,2.5,3.434599442915483
5262,51,3.0980392,3.3109204556682323
5263,57,3.2105262,3.358906208911789
5264,675,2.6896296,2.747452301814638
5265,1798,3.185484,3.1947527489104828
5266,7089,3.2295105,3.2316015167452736
5267,2031,3.5113244,3.511726495567736
5268,144,3.125,3.228881285362637
5269,842,3.523159,3.523433710962133
5270,22,1.8863636,3.026430126693514
5271,10,2.8,3.4067161480585733
5272,212,3.4669812,3.4786373203947343
5273,28,3.0357144,3.3513201566842885
5274,35,2.8142858,3.2341525975395653
5275,85,2.9058824,3.136318295090287
5276,118,3.1991525,3.2970414331981113
5277,44,2.4318182,3.0149252363976013
5278,47,2.180851,2.875288304594374
5279,290,3.7,3.6747146564371445
5280,34,2.8088236,3.236940134139288
5281,21,2.1904762,3.1324361848159574
5282,757,3.168428,3.1907099418923757
5283,1975,3.195696,3.2039026160299042
5284,213,2.8755867,2.9996309760858804
5285,55,3.0,3.251456851050967
5286,42,2.6309524,3.118510526159535
5287,163,3.51227,3.5159764088375467
5288,510,3.9098039,3.8757195387567793
5289,111,3.8603604,3.7571613166643227
5290,112,3.3125,3.3790306750638983
5291,3869,4.135048,4.127303736463558
5292,1864,3.6899142,3.685686043686503
5293,2358,3.2765055,3.28172876589322
5294,2356,3.6434636,3.64106535257544
5295,65,2.6,3.0035040274910303
5296,1326,2.7379336,2.766644600518914
5297,416,3.2908654,3.316315417637641
5298,726,3.2520661,3.269849205754467
5299,10278,3.429996,3.430470758865823
5300,514,3.63035,3.6212817861678754
5301,73,3.0753424,3.259373705561568
5302,43,2.8372092,3.208634043252596
5303,1731,2.8466206,2.865751352154894
5304,465,3.9688172,3.926025210075008
5305,282,2.29078,2.4771173143961343
5306,56,1.9285715,2.6830468987518885
5307,147,2.9047618,3.062959150614472
5308,2894,2.8488252,2.86036112272869
5309,1323,2.3628118,2.4052461659222386
5310,329,2.331307,2.4891898437037003
5311,202,3.220297,3.281361044399322
5312,1346,2.9985142,3.01748069446203
5313,2755,2.614882,2.63115966426285
5314,102,3.4215686,3.4565984857709786
5315,74,2.4729729,2.898410981701266
5316,1005,3.4199004,3.425026434857698
5317,37,2.5810812,3.1253215170454705
5318,40,3.0875,3.3322552575005426
5319,1299,3.947652,3.93210011062311
5320,6,3.3333333,3.5071958729199
5321,68,2.8382354,3.1305336871389615
5322,36,2.6527777,3.1616623900657475
5323,952,2.0955882,2.167068805047376
5324,594,2.946128,2.991308908284821
5325,919,3.7230685,3.7130060872549366
5326,16,1.8125,3.1121662024295693
5327,54,3.1111112,3.3115670405901394
5328,59,3.2118645,3.3569080107802645
5329,955,3.5816753,3.5790078331581987
5331,61,2.2950819,2.85047713915507
5332,73,3.0684931,3.255308680418061
5333,328,3.882622,3.835722186578014
5334,434,2.799539,2.874799450566946
5335,166,3.1475904,3.2356619238853455
5336,39,2.871795,3.240482831269168
5337,248,2.9314516,3.031553543654064
5338,16,2.75,3.3394389297022964
5339,971,3.8027806,3.7893270904473764
5340,107,3.4252336,3.457980667709545
5341,592,3.795608,3.7747709208931135
5342,44,2.5681818,3.078754962758815
5343,130,2.4692307,2.7633497450086804
5344,75,2.6733334,3.015223798751831
5345,41,3.3292682,3.4384941347352753
5346,345,2.4449275,2.5820327619963055
5347,114,2.4868422,2.8042864334292528
5348,543,2.976059,3.022601997671401
5349,23879,3.5255246,3.5255299126829396
5350,48,2.9479167,3.2439078895413145
5351,64,3.0859375,3.2798506084241366
5352,218,3.5550458,3.5500110565726435
5353,192,3.2630208,3.3177808020725723
5354,186,3.4112904,3.4360295978643127
5355,76,2.9671052,3.189706037914942
5356,63,1.4761904,2.3840970581611702
5357,313,3.2891374,3.322046733099567
5358,161,3.7080746,3.6654169435184714
5359,262,3.465649,3.4756505718598
5360,106,3.037736,3.194890890365992
5361,402,3.113184,3.159077273005933
5362,68,2.4411764,2.9017200469970703
5363,743,2.8102288,2.855489263618729
5364,1760,3.3471591,3.352156391459934
5365,77,3.0844157,3.2590785533424436
5366,97,2.3762887,2.768047405748951
5367,633,3.748815,3.732654322293283
5368,130,3.9153845,3.807794213294983
5369,67,2.1567163,2.742760381128034
5370,37,1.527027,2.6770456179805184
5371,14,2.5714285,3.3187963888049126
5372,235,3.3297873,3.3645718390481516
5373,219,3.913242,3.841646801583386
5374,52,1.6923077,2.592185983470842
5375,129,3.3449612,3.3961059208022815
5376,123,2.7398374,2.9676472286268467
5377,9269,3.667278,3.666531089984727
5378,16570,3.0891974,3.090517679993713
5379,758,3.7183378,3.706563121611529
5380,1814,3.6127343,3.6104629945345703
5381,83,3.5,3.5105486418071545
5382,551,2.7486389,2.81348250550954
5383,359,3.5097494,3.511987795748163
5384,85,3.535294,3.532614549001058
5385,906,3.9988964,3.9742709956907327
5386,41,3.0,3.290142520443424
5387,687,2.6826782,2.74003108320922
5388,6216,3.4717665,3.4722156652504745
5389,817,3.0838432,3.1094612332776346
5390,204,3.3014705,3.3460746262017196
5391,946,3.6099365,3.6058261801440072
5392,246,3.390244,3.4135236321268856
5393,27,2.925926,3.3169216954862915
5394,54,3.2407408,3.3788747237278867
5395,100,3.445,3.4726864178975423
5396,89,2.988764,3.1827551769695694
5397,233,3.2639484,3.310611151974951
5398,263,3.8821292,3.8255685206038503
5399,113,3.0265486,3.180386281452296
5400,3478,3.192927,3.197676494008019
5401,1293,2.9350348,2.9571131076372477
5402,10,2.55,3.3650494813919067
5403,12,2.6666667,3.361338230871385
5404,475,3.805263,3.7788626943315777
5405,17,2.735294,3.326909986894522
5406,91,3.2912087,3.3751983338213982
5407,29,2.7586207,3.245607225200798
5408,39,2.7948718,3.2067749419908846
5409,142,2.7605634,2.9604321271181107
5410,766,3.502611,3.5041702640991583
5411,33,2.8636363,3.263891154024974
5412,80,2.6375,2.9800228705772986
5413,61,2.7540984,3.1027294837676727
5414,817,2.8280294,2.868400212665193
5415,1285,2.914397,2.9373806112268
5416,116,3.400862,3.4391744510236992
5417,586,3.7935154,3.772646256962662
5418,21781,3.911735,3.910856317345666
5419,2338,2.3406758,2.3655372955890956
5420,1595,2.8724139,2.892342308734326
5421,940,3.5957446,3.5923261642456055
5422,229,3.2139738,3.2702615073077568
5423,211,3.1800947,3.2467546170698727
5424,124,2.346774,2.6862238960704583
5425,161,3.5093167,3.513758081960452
5426,66,3.280303,3.3870945470086458
5427,192,2.7317708,2.896293198766787
5428,303,2.4636965,2.614456098410631
5429,50,3.11,3.3190296411514284
5430,26,3.3269231,3.4592496156692505
5431,142,3.059859,3.1817862118283906
5432,50,2.16,2.84402973651886
5433,400,2.8525,2.9275621202256943
5434,354,3.7584746,3.7299578555739754
5435,234,3.6517093,3.629939964119817
5436,97,3.4226804,3.4585235783842956
5437,327,3.2415903,3.2795835142110326
5438,702,2.6773505,2.7339136105902653
5439,173,2.8786128,3.0242285931591497
5440,376,3.6529255,3.638269845308832
5441,28,2.3035715,3.0884996194105883
5442,375,2.288,2.4338894339168773
5443,231,1.8896104,2.1811493736993377
5444,4889,3.4824095,3.4828716144071317
5445,24222,3.674449,3.674147406375636
5446,2169,3.8473952,3.8401996928219755
5447,434,3.517281,3.5183945194748807
5448,183,2.3715847,2.6197551974922804
5449,3386,2.8344655,2.844558546235037
5450,583,3.490566,3.4935275770099996
5451,446,3.058296,3.1056511488653
5452,2027,1.948446,1.9864723558430495
5453,222,3.4572072,3.470231501495137
5454,319,2.4655173,2.6094931774346164
5455,80,2.95,3.172330562884991
5456,185,2.191892,2.4761828615310346
5457,70,3.1785715,3.324191431204478
5458,379,2.3153033,2.45665018597405
5459,10624,2.9504423,2.9531480339955185
5460,509,2.8005893,2.8656582017704073
5461,103,3.5873787,3.567993330799676
5462,353,2.3399434,2.487352339268914
5463,2944,2.9842052,2.993287646459912
5464,8132,3.6896212,3.6886339097872716
5465,117,3.5128205,3.517383028647143
5466,173,3.3468208,3.387457278811878
5467,42,3.0238094,3.2978583211484165
5468,147,3.207483,3.288847604983954
5469,56,2.607143,3.0415374827834794
5470,628,3.8471339,3.823603307954681
5471,128,2.0390625,2.457320052586245
5472,408,3.4693627,3.4757706671302495
5473,72,3.4652777,3.4910078830406315
5474,55,2.290909,2.880028259186518
5475,630,4.0079365,3.9726513974806843
5476,563,2.0435169,2.164605170634209
5477,834,3.6498802,3.642989855006809
5478,1372,2.5138483,2.549509735214727
5479,1482,3.2219973,3.2319862338332532
5480,890,2.5421348,2.594577561033533
5481,8748,2.9715936,2.9747560744557657
5482,188,2.0132978,2.3315250212404908
5483,528,3.6089015,3.601908238288853
5484,83,3.4578314,3.4842328881858884
5485,450,3.298889,3.321805968284607
5486,127,3.1062992,3.2254404684918074
5487,29,2.3448277,3.093708497059496
5488,63,3.3888888,3.4504687258627564
5489,734,3.705041,3.6937538434048087
5490,86,2.75,3.0360512452967026
5491,36,3.4583333,3.498871703480565
5492,29,2.6206896,3.1949742866467825
5493,325,3.3446155,3.369074649810791
5494,42,3.4166667,3.4772062249805615
5495,75,2.8066666,3.095223722457886
5496,85,3.7588236,3.673355393939548
5497,418,3.326555,3.3480832586940537
5498,433,4.030023,3.978059980933464
5499,318,3.2421384,3.280986347924108
5500,2383,3.589593,3.5883283724865205
5501,718,1.8279945,1.9386757758135598
5502,10851,3.2499309,3.251206560513698
5503,124,3.314516,3.375879090407799
5504,1254,2.4573364,2.4983917540567786
5505,2223,3.3733692,3.3767719923322335
5506,977,3.0481064,3.0714731775913404
5507,4740,2.7839663,2.7917334540651835
5508,1360,3.5683823,3.5669523739645665
5509,112,2.825893,3.042610969072507
5510,37,2.391892,3.0448617441900847
5511,26,2.3269231,3.117144352511356
5512,54,2.8888888,3.196182370185852
5513,117,2.3547008,2.7060057688615995
5514,19,2.7631578,3.3174343247344527
5515,327,3.8379204,3.7968247986598738
5516,299,3.6822743,3.6601805085780628
5517,68,3.0367646,3.24494036981615
5518,39,3.4615386,3.4989098082767445
5519,42,2.547619,3.080467084179754
5520,26,3.0384614,3.3605653549495496
5521,235,2.7787235,2.9101859184733607
5522,802,3.152743,3.1747687047636006
5523,671,2.037258,2.1406422008588475
5524,1265,2.935573,2.9581010967153105
5525,591,3.8781726,3.850862710226717
5526,192,3.5338542,3.5326569612361185
5527,558,3.3378136,3.3534588272634305
5528,4520,3.3111725,3.3135454273849922
5529,424,2.4740567,2.585238436606363
5530,1354,2.7799113,2.806554730801161
5531,172,2.8197675,2.97929268055134
5532,123,2.6788619,2.9242946688150395
5533,7,3.142857,3.4807538400616562
5534,32,2.75,3.2244264556140436
5535,25,2.76,3.2720395882924396
5536,16,3.125,3.430348020611387
5537,34,2.985294,3.308368677184695
5538,352,2.387784,2.529609300603914
5539,176,2.0994318,2.41549981378876
5540,1526,3.286042,3.2937201924130397
5541,2738,3.2350256,3.2402809122884633
5542,52,2.4230769,2.964734965679692
5543,162,2.0154321,2.3721838334821306
5544,739,3.5947225,3.5904979769267964
5545,26,1.7115384,2.906618008488103
5546,152,1.9769737,2.3609057653068315
5547,14,2.2857144,3.256296418607235
5548,816,3.0349264,3.0633982951316217
5549,47,2.893617,3.220649117047025
5550,126,2.5515873,2.828994173895229
5551,37,2.554054,3.1138272203248123
5552,89,3.016854,3.200740860520507
5553,927,3.1208198,3.141661136640863
5554,20,2.475,3.2271852493286133
5555,253,3.0454545,3.1250922719244123
5556,555,1.8342342,1.9742197872193392
5557,70,2.2857144,2.8033581376075745
5558,16,2.59375,3.3015601418235083
5559,50,2.8,3.164029669761658
5560,157,3.6624203,3.6299659526290524
5561,153,3.2156863,3.2926255000635907
5562,22,2.5681818,3.234763443470001
5563,578,2.9922144,3.034877255464056
5564,624,2.2956731,2.3870964446478147
5566,7,2.0714285,3.349174896876017
5567,40,2.45,3.0489219029744468
5568,610,3.227049,3.249852921023513
5569,375,3.056,3.1115363934460807
5570,629,3.7456279,3.7296066361428712
5571,16,2.65625,3.3167116569750235
5572,1484,3.125337,3.138463433749362
5573,472,2.4004238,2.50843484008906
5574,3816,3.3352988,3.337791800560633
5575,63,3.2063491,3.348698803808837
5576,21,2.2857144,3.1606052324805463
5577,2314,3.5525064,3.551989377049222
5579,16,2.375,3.2485298387932056
5580,145,2.5517242,2.8020665523333426
5581,206,2.7961166,2.939074167981744
5582,641,2.5468018,2.617804524867476
5583,53,2.45283,2.9747860524260883
5584,473,2.1997886,2.3267743081481234
5585,448,2.1651785,2.3020139640593626
5586,15,3.1333334,3.4369687850658712
5587,77,1.8831168,2.5307320168637855
5588,319,2.96395,3.040387516099263
5589,283,3.1007068,3.1648738684954942
5590,37,3.2027028,3.3896893276565376
5591,126,2.329365,2.669903188943863
5592,43,2.3139534,2.9666985542543474
5593,90,3.411111,3.4528783559799194
5595,45,2.6888888,3.130557524530511
5596,209,2.430622,2.6424825808256287
5597,273,1.9981685,2.23499368809325
5598,179,2.1927373,2.4842923728659683
5599,69,3.7246377,3.642041797397517
5600,143,3.458042,3.4761811501003916
5601,211,3.5995262,3.5858352129486786
5602,972,3.771605,3.7596898666799885
5603,622,3.9348874,3.9046174670968736
5604,402,3.8196518,3.787396039582987
5605,196,3.7755103,3.7252154078910023
5606,113,3.2345133,3.3245581000860485
5607,283,3.8127208,3.769978825394456
5608,1954,3.8641248,3.855739909969642
5609,624,2.0152245,2.1274525673523854
5610,702,2.707265,2.7618390017367425
5611,650,3.093846,3.1248613187244962
5612,356,2.9845505,3.0514850710413137
5613,794,3.4181361,3.424648161748009
5614,87,3.3965516,3.4445471485165786
5615,102,3.0441177,3.2033090371834603
5616,5,3.0,3.4800539883700283
5617,4222,3.7470393,3.7444763507289385
5618,15699,4.188324,4.186227763461358
5619,163,3.7269938,3.68029558042965
5620,3479,3.1565106,3.161774813605287
5621,1637,2.5503972,2.579373513019926
5622,45,3.5555556,3.541083900552047
5623,12,2.3333333,3.2968220710754395
5624,33,2.6666667,3.1855779756982643
5625,520,3.3807693,3.3936894400077953
5626,19,3.4473684,3.5058401252912437
5627,31,3.6451614,3.572876203207322
5628,604,3.375,3.38670178801277
5629,310,3.033871,3.1025082204076977
5630,5517,3.5651622,3.564828943174104
5631,20,2.3,3.177185262952532
5632,571,3.7556918,3.737363877887695
5633,473,3.5930233,3.5868126010347736
5634,28,3.0535715,3.3577303886413574
5635,184,3.3179348,3.3628331779414773
5636,254,3.03937,3.119746594052566
5637,429,3.7727273,3.747187808062687
5638,403,2.9156327,2.983229486621242
5639,109,2.4816513,2.8107104511380947
5640,297,3.2626262,3.300873032220846
5641,64,3.46875,3.494762889125891
5642,343,3.7565598,3.7274885432410785
5643,338,3.7011833,3.6788735340551004
5644,423,3.8463356,3.8126912243018443
5645,64,3.0390625,3.2535348189504525
5646,479,3.5835073,3.5782664759623306
5647,206,1.4174757,1.8296990767121315
5649,670,3.4708955,3.474865241183175
5650,1432,3.6064944,3.603848170333224
5651,397,3.1448362,3.1877023170991765
5652,48,2.28125,2.917377238370934
5653,208,3.5528846,3.548073495081229
5654,12,2.625,3.3532736993605092
5655,148,2.6925676,2.9035503647544165
5656,42,3.3095238,3.428293150404225
5657,143,2.972028,3.116077594806493
5658,47,2.5425532,3.0505460734219896
5659,49,3.2755103,3.4030603495511142
5660,124,3.7540324,3.689097607272795
5661,22,2.5227273,3.220874567826589
5662,104,3.5432692,3.53833092033089
5663,315,3.0555556,3.120282130698635
5664,171,3.1052632,3.2009184716513794
5665,459,2.9052289,2.9664106345598262
5666,1243,3.2896218,3.298842153158284
5667,642,3.2250779,3.2469695958098925
5668,979,3.4959142,3.497476182248085
5669,11957,3.7531571,3.752219778319685
5670,562,3.5818505,3.577455827613282
5671,26,3.3461537,3.4658285065701135
5672,444,1.3412162,1.5625566094510468
5673,5355,3.5398693,3.5397600585062343
5674,24,2.8125,3.2959860724371834
5675,230,1.7347826,2.055010578462056
5677,269,2.6003718,2.7457774096521836
5678,568,2.9445422,2.9917523004476307
5679,9806,3.3917499,3.3924413641745392
5680,599,3.233723,3.2563990778842213
5681,41,3.2682927,3.4110216334625916
5682,254,3.5964568,3.585207197226976
5683,13,2.4230769,3.3000471213507274
5684,208,3.2548077,3.307763461918794
5685,676,3.5473373,3.5460096141195168
5686,437,3.2871854,3.3119158162228626
5687,50,3.38,3.454029750823975
5688,113,3.6106195,3.585294343211168
5689,275,2.9218183,3.0150861226595365
5690,3514,4.0745587,4.0668917967949385
5691,466,2.061159,2.2033004160075222
5692,227,3.4229076,3.441888059519689
5693,2499,3.257703,3.263006249892099
5694,432,2.1863425,2.325524729811799
5695,36,2.6805556,3.173290352488673
5696,465,3.1053762,3.1464134420006022
5697,89,2.5955057,2.930956675851945
5698,15,3.4333334,3.506199543292706
5699,89,3.241573,3.3446257183020065
5700,60,1.4916667,2.4172997257926245
5701,48,1.6875,2.626560911840322
5702,7,1.7142857,3.3053152540273834
5703,65,2.3846154,2.8817649716916294
5704,14,2.5357144,3.310983918607235
5705,456,2.4572368,2.563049278711613
5706,47,2.393617,2.9783810758099114
5707,601,3.6039934,3.598161309179256
5708,32,2.609375,3.1695484068335555
5709,43,3.1860466,3.3699244427424606
5710,62,2.7903225,3.11966934800148
5711,17,3.2058823,3.4463129648521766
5712,644,3.546584,3.5452492724921587
5713,13,2.5,3.315920148577009
5714,43,2.8837209,3.2301394298512447
5715,78,2.8846154,3.1359607204794884
5716,22,2.4318182,3.1930968165397644
5717,87,2.6149426,2.9481968705671546
5718,65,2.2923076,2.829590994378795
5719,27,2.4814816,3.1610775489311713
5721,218,3.8142202,3.7608319805629216
5722,86,3.5232558,3.525021840544308
5723,216,3.136574,3.210161503096272
5724,30,1.7333333,2.855037122964859
5725,42,3.3333333,3.4391626741575156
5726,93,3.1666667,3.2930278094498426
5727,21,2.7619047,3.301450259248975
5728,50,3.14,3.334029746055603
5729,136,2.110294,2.4914138035107682
5730,65,2.523077,2.9600258702817173
5731,167,2.9940119,3.117064300220683
5732,351,3.7150998,3.691778062882269
5733,67,3.216418,3.3495980959672194
5734,189,1.568783,1.97867349301422
5735,252,1.9246032,2.1900760985368133
5736,182,1.4697802,1.9133748576558869
5737,167,1.3892215,1.882041327414974
5738,146,1.3390411,1.8974641427701833
5739,160,1.25625,1.7971570151192802
5740,119,1.3865546,2.020135897151112
5741,84,3.4047618,3.4507683568926
5742,67,3.0,3.2256664047893295
5743,181,3.1906078,3.2636492582626673
5744,24,3.5,3.5189590454101562
5745,227,3.469163,3.4797940684569872
5746,56,2.3660715,2.914178974223587
5747,1774,3.8472378,3.8384884164521567
5748,22,3.4772727,3.5125412477387323
5749,252,3.1527777,3.2149104061505653
5750,15,2.2333333,3.2292764553656945
5751,17,3.3235295,3.4761637395887233
5752,429,3.7843823,3.757626293596495
5753,43,2.7441862,3.1656233802918465
5754,123,2.3536584,2.693080677462451
5755,74,2.4527028,2.886314303644242
5756,43,2.2441862,2.9344405845929216
5758,11,2.2272727,3.2934913048978713
5759,45,3.5444446,3.5358207853216874
5760,86,2.8255813,3.083845310351428
5761,56,2.4464285,2.9566317684245558
5762,54,3.25,3.3836823976956882
5763,115,3.6608696,3.6206240798487808
5764,149,3.033557,3.1578037846627547
5765,319,3.3025079,3.3330704125608532
5766,15,2.1,3.1985071989206166
5767,72,3.8819444,3.7369095692869094
5768,148,2.587838,2.825267594270032
5769,131,3.576336,3.56299985179585
5770,78,3.1987178,3.327366877347231
5771,154,2.564935,2.800994875384312
5772,727,3.8314993,3.8119729577804624
5773,202,2.6955445,2.860726010231745
5774,45,2.2555556,2.9252944494548596
5775,31,2.387097,3.09139472466928
5776,26,3.0,3.347407491583573
5777,250,3.2,3.254676604270935
5778,43,2.9302325,3.2516448164498932
5779,175,1.7428571,2.1395687182744343
5780,349,3.6074498,3.5975011004541155
5781,62,2.5,2.9589550835745677
5782,4208,4.0625,4.056224276505485
5783,69,3.4130435,3.461369502444227
5784,1393,2.562814,2.5962597834758268
5785,3109,2.9231265,2.9327012126526526
5786,40,3.5,3.515588548448351
5787,392,2.6377552,2.738468303939336
5788,291,3.6408935,3.6243488739662504
5789,44,2.6477273,3.1159890256029494
5790,30,2.6333334,3.192537158727646
5791,2752,3.759266,3.75514015889355
5792,840,3.557143,3.5555090636349798
5793,22,2.590909,3.2417078812917075
5794,103,3.485437,3.499365828395669
5795,36,3.6111112,3.5628252472988393
5796,775,2.868387,2.9083671295281612
5797,372,3.435484,3.446452588266671
5798,45,3.1111112,3.3305575973109196
5799,371,3.667116,3.6506008982941545
5800,147,3.4353743,3.4588984039229187
5801,470,3.5765958,3.5719288220772376
5802,155,3.564516,3.5556241942615046
5803,1029,2.7643342,2.799724618188754
5804,946,2.6511629,2.69518377263862
5806,44,3.1022727,3.3287550033407007
5807,20,2.2,3.148613861628941
5808,187,2.9117646,3.041784614450318
5809,777,3.1576576,3.1800519258252367
5810,5431,3.2492175,3.2517612237517928
5811,7,3.357143,3.5070696462664688
5812,1958,3.7037795,3.6994039592040013
5813,51,2.5980392,3.0584452081434796
5815,179,2.2988827,2.567261907211037
5816,15567,3.5941415,3.593929912274997
5817,196,3.492347,3.4996056169029175
5818,264,3.3863637,3.408926745129239
5819,49,3.2142856,3.3727572156925394
5820,437,3.854691,3.8211559524771124
5821,75,3.5066667,3.515223751068115
5822,66,2.6818182,3.0465773590679825
5823,18,2.8888888,3.358867182451136
5824,137,2.8029196,2.9968072628592424
5825,300,3.9866667,3.921151351928711
5826,358,3.583799,3.5769680644951616
5827,36,2.5833333,3.1325926337131236
5828,23,3.2826087,3.4507256240060884
5829,203,3.1256158,3.20515013400745
5830,171,3.4444444,3.463361831811758
5831,10,2.7,3.3900494972864785
5832,124,2.3508065,2.6890975415021523
5833,970,3.3453608,3.354316571179558
5834,48,3.2916667,3.41227523648009
5835,21,3.1666667,3.42116860604622
5836,257,3.3832686,3.406850157032572
5837,20,1.75,3.0200424194335938
5838,94,3.2393618,3.33960399362776
5839,318,3.9103773,3.8584319003250287
5840,315,3.8666666,3.820282011815946
5841,459,2.0272331,2.1746620298134554
5842,76,2.9407895,3.1738330825926764
5843,652,3.0076687,3.044733594965052
5844,17,3.0294118,3.4015368632416227
5845,50,2.96,3.244029712677002
5846,63,3.3968253,3.4548934877446267
5847,330,3.6515152,3.6352710535651758
5848,47,2.9787233,3.2618862255332397
5849,14,3.2857144,3.475046418607235
5850,25,3.28,3.4453729152679444
5851,27,2.5185184,3.1740645123766615
5852,148,2.412162,2.693954318460792
5853,999,3.2817817,3.2935203633158405
5854,138,2.9275362,3.087249849704986
5855,93,2.655914,2.9608599839510616
5856,45,3.4333334,3.4831891812776266
5857,47,1.9468085,2.7618862562572835
5858,78,3.121795,3.28049198910594
5859,176,3.3210227,3.3668273149338446
5860,22,2.7954545,3.3042078945371838
5861,26,3.0961537,3.3803021907806396
5862,86,2.6976745,3.0029630696072296
5863,62,2.5,2.9589550835745677
5864,152,2.0131578,2.388133473915629
5865,23,2.673913,3.2589447726942087
5866,30,3.1666667,3.392537146806717
5867,380,3.636842,3.6241928699404693
5868,77,3.3701298,3.432306817197424
5869,126,3.4285715,3.456835077567534
5870,23,2.673913,3.2589447726942087
5871,5,1.4,3.3345994407480415
5872,5464,3.1103587,3.1141463526358066
5873,580,3.4241378,3.4323855733114574
5874,372,2.6962366,2.7947938114545923
5875,279,3.455197,3.466270392426604
5876,1654,3.7457678,3.739379673216824
5878,3358,3.9833233,3.9766439936810256
5879,652,2.4325154,2.5105455825131844
5880,82,1.9512196,2.5485073725382485
5881,2837,3.1397603,3.146485214791663
5882,1500,3.386,3.390582481507332
5883,228,2.493421,2.6795071046129406
5884,61,2.5245903,2.9766033769727827
5885,69,3.326087,3.4109493463981053
5886,11,2.090909,3.2689011214209382
5887,46,2.3152175,2.9469059805075326
5888,254,3.7440944,3.708562301961999
5889,38,3.5657895,3.5443519191308455
5890,699,3.8505008,3.828976026682733
5891,301,2.6362126,2.7632562910389695
5892,31,2.8709676,3.276579824494727
5893,862,3.7848027,3.770726837087096
5894,21,1.6428572,2.970464372299087
5895,11,2.409091,3.3262782018692767
5896,171,3.6842105,3.6488822240095873
5897,10,2.3,3.32338281472524
5898,207,2.9227054,3.040478558855762
5899,976,3.824283,3.8098470416450128
5900,1874,2.7828176,2.802184592413555
5901,171,2.7894738,2.9565745899580183
5902,9161,3.8376815,3.8360008124147638
5903,7502,3.73767,3.7362821629997027
5904,8,2.4375,3.377637402764682
5906,31,2.935484,3.301271250218521
5907,51,3.6470587,3.5881481619164495
5908,39,2.7564104,3.1899210495895214
5909,313,3.5814695,3.574112766045184
5910,36,2.7222223,3.190732246221498
5911,56,3.4464285,3.484933655217009
5912,53,3.95283,3.746630712620263
5913,42,2.8690476,3.2272061990654985
5914,198,3.8232324,3.7637217217876064
5915,189,3.2698412,3.32386173663279
5916,99,3.5656567,3.553040126826139
5917,40,3.2125,3.387810813056098
5918,53,2.2547169,2.872844307168016
5919,68,2.9485295,3.194093001090874
5920,21,2.7619047,3.301450259248975
5921,18,2.1666667,3.1676907469244564
5922,24,3.0416667,3.3703104225364893
5923,138,2.923913,3.0845902321186474
5924,71,3.056338,3.2512642352049017
5925,46,2.2608695,2.9208642343680062
5926,64,2.671875,3.0473944680732594
5927,481,2.6933472,2.7719453485672085
5928,83,3.126506,3.277465976270518
5929,35,2.8285713,3.2400348887724033
5930,82,3.182927,3.313658898526972
5931,38,3.0263157,3.3113973357460718
5932,281,3.960854,3.8954772156891146
5933,138,3.4492753,3.470228481799998
5934,6,3.6666667,3.542910175664084
5935,101,2.910891,3.1152514306125263
5936,132,3.590909,3.5736426259135152
5937,144,3.7569444,3.6979534306477024
5938,540,3.6305556,3.6218695074824963
5939,41,2.3658535,3.0044281849494348
5940,394,3.398477,3.413069679930403
5941,1030,3.0572815,3.0790767669677734
5942,1107,2.5130985,2.55696022891751
5943,2187,2.6310015,2.6510519399459627
5944,3213,3.1297853,3.1358881814327115
5945,5240,3.460687,3.4613237128591265
5946,47,2.9468086,3.2464223964927124
5947,201,3.4303482,3.449812546194312
5948,24,3.25,3.437877964329075
5949,327,3.5856268,3.577991899824269
5950,8,2.5,3.3862580924198546
5951,241,3.1887968,3.2470893065134683
5952,37909,4.0851645,4.084430722103201
5953,58,3.086207,3.2907682436483876
5954,4602,3.8273578,3.8241408904461847
5955,1278,3.6111112,3.607984214662069
5956,7639,3.4903784,3.4906234117335035
5957,2582,3.2025561,3.20873970572347
5958,297,2.7407408,2.854187261817778
5959,1519,3.5131667,3.5136412588025903
5960,155,3.1935484,3.275136476609765
5961,280,2.744643,2.8633424296523584
5962,365,2.0657535,2.2419348969516983
5963,251,3.750996,3.713963434149657
5964,43,2.7906976,3.1871286566539476
5965,367,3.7111716,3.689215722987406
5966,70,3.2357142,3.3575246930122375
5967,11,2.5454545,3.3508683423526953
5968,299,3.2909698,3.3249368312365686
5969,613,2.4477978,2.5292654684765847
5970,1680,3.2410715,3.2493659113183875
5971,6682,4.1336427,4.129144877248482
5972,48,3.0625,3.300030299595424
5973,15,3.3333333,3.4831225872039795
5974,273,3.6465201,3.6281825602977267
5975,142,3.3204226,3.374494716525078
5976,16,2.3125,3.2333783236416904
5977,88,3.596591,3.571760702824247
5978,44,3.1818182,3.3659890661848353
5979,50,2.35,2.9390296459198
5980,267,3.3108613,3.3451197147369385
5981,350,3.2242856,3.2622573256492613
5982,30,2.8833334,3.286287158727646
5983,170,3.3,3.351831642064181
5984,105,3.0285714,3.189696534987419
5985,86,2.9941862,3.190463083631852
5986,114,3.6842105,3.6366034804320915
5987,66,2.9015152,3.171577375510643
5988,113,2.8938053,3.088361744500377
5989,19422,3.875399,3.8745072173504136
5990,206,2.657767,2.8277460280805826
5991,8539,3.5538704,3.5537201830832528
5992,3885,3.687516,3.6854898420646505
5993,196,3.3418367,3.3796868324279785
5994,429,3.567599,3.563471743856442
5995,12326,4.0429173,4.040837185877558
5996,44,2.784091,3.1798188635643494
5997,28,3.482143,3.511576554714105
5998,88,2.1363637,2.640601296355759
5999,422,2.6232228,2.7190741583452387
6000,33,2.7575758,3.2217225195413612
6001,1675,3.8474627,3.838204588406328
6002,303,3.321782,3.350999856467963
6003,2873,3.5938044,3.5926797447896273
6004,15,2.7666667,3.3523533711066613
6005,559,3.3166368,3.3339949769926776
6006,1330,2.6845865,2.715147135914236
6007,13,2.2692308,3.2683011160956488
6008,224,3.6607144,3.636507270980055
6009,45,2.9777777,3.267399649871023
6010,83,2.753012,3.044383161946347
6011,45,2.7666667,3.1673996699483773
6012,419,2.8353221,2.909174726461805
6013,717,1.902371,2.00834812443446
6014,623,2.6532905,2.718280768500749
6015,21,3.1190476,3.4070840822139257
6016,14953,4.2013307,4.199086872949557
6017,80,3.18125,3.3146382845365086
6018,14,2.9285715,3.3969214037060738
6019,45,2.9,3.2305576173882735
6020,94,3.468085,3.4889094730218253
6021,241,3.7157676,3.6835153479756357
6022,194,3.420103,3.4422252686297306
6023,489,3.8957055,3.8616010019199747
6024,53,2.7641509,3.1349802410718306
6025,240,3.03125,3.116906790897764
6026,22,3.3636363,3.4778189857800803
6027,459,3.7102396,3.69234374885709
6028,23,2.326087,3.149355757726382
6029,46,2.75,3.1552392641703286
6030,66,2.8030303,3.1155428105387193
6031,290,3.6931036,3.668832351179684
6032,217,3.7442396,3.70375638865353
6033,67,2.925373,3.1829313294500365
6034,19,2.5,3.244970570439878
6035,156,3.7788463,3.717975662749948
6036,101,3.09901,3.241079327286474
6037,102,2.8480392,3.0717300176620483
6038,63,3.2142856,3.3531235656907072
6039,393,2.7709923,2.8564400339234224
6040,586,2.3984642,2.4872688557366907
6041,189,3.6666667,3.637669390714318
6042,120,3.5291667,3.528841018676758
6043,20,2.65,3.2771853038242886
6044,104,2.3701923,2.74612316527924
6045,105,3.2380953,3.3316320911530526
6046,25,3.26,3.4387062549591065
6047,109,3.6055045,3.5811506997114457
6048,19,3.2105262,3.4406227201655293
6049,79,2.886076,3.13490675401318
6050,59,2.9915254,3.237641914175191
6051,234,3.681624,3.654587923640936
6052,19,2.7105262,3.3029415607452393
6053,43,2.9186046,3.2462684698002313
6054,81,3.3024693,3.3885723579930893
6055,45,2.6111112,3.0937154920477616
6056,82,3.6158535,3.5825981840942847
6057,189,2.1587303,2.445200795409071
6058,1894,2.8690603,2.8860098435064403
6059,2699,3.378103,3.3808304890583716
6060,487,2.7392197,2.8126684291846704
6061,18,2.1388888,3.16033777068643
6062,953,3.6930745,3.6848483891453845
6063,573,3.3420594,3.3569871437874883
6064,156,3.6185896,3.596616277416933
6065,91,3.445055,3.4744891849815422
6066,125,3.384,3.425159869875227
6067,218,3.1811926,3.2459065825191895
6068,32,3.125,3.3707679190286775
6069,14,3.6785715,3.5609839037060738
6070,64,3.1953125,3.3412541171960664
6071,15,2.8333333,3.367737971819364
6072,60,3.5833333,3.558208769018
6073,40,3.6625,3.5878107282850475
6074,15,2.8,3.3600456714630127
6075,38,3.5526316,3.5386701226234436
6076,54,3.1666667,3.3404132081912112
6077,184,3.6413043,3.617106633308606
6078,588,2.947279,2.992794682613361
6079,7,2.9285715,3.454438063136318
6080,24,2.0,3.03247255892367
6081,41,2.792683,3.19673590869694
6082,167,3.721557,3.6769722211196125
6083,52,3.3365386,3.430421314987482
6084,90,2.9166667,3.1350212608064925
6085,8,2.4375,3.377637402764682
6086,35,3.2,3.392976129756254
6087,45,3.2555556,3.3989786599811755
6088,34,2.3529413,3.052416341645377
6089,27,2.425926,3.1415970201616163
6090,44,3.1363637,3.3447124907310974
6091,57,3.3508773,3.4336726598650498
6092,133,2.7142856,2.936628173609249
6093,1048,3.6378818,3.6328807372213063
6094,181,3.1325967,3.2181947086796616
6095,23,2.673913,3.2589447726942087
6096,49,2.9183674,3.2262926390676787
6097,14,2.5,3.303171396255493
6098,19,3.6578948,3.563811181248098
6099,63,2.0714285,2.715955462075968
6100,419,3.3031027,3.3270853175791597
6101,415,3.772289,3.746027784962808
6102,89,3.2303371,3.3374314754129313
6103,25,2.66,3.23870628674825
6104,2309,3.914032,3.9058511304673424
6105,129,3.488372,3.4994579253915967
6106,8,2.625,3.4034994717301994
6107,139,3.741007,3.684671718607504
6108,30,3.35,3.4612870812416077
6109,96,3.0052083,3.1842668611709386
6110,18,2.8055556,3.336808379958658
6111,41,2.8292682,3.21321940946055
6112,15,2.3666666,3.2600456567911
6113,26,2.9615386,3.334249628217597
6114,88,3.25,3.3507461547851562
6115,136,2.9485295,3.1043170908445954
6116,146,2.6952055,2.907668189126618
6117,18,2.75,3.322102490593405
6118,101,3.7623763,3.684787923926549
6119,102,3.5686274,3.555282630418476
6120,103,2.7669902,3.015705610412398
6121,78,2.9935896,3.2023668847978115
6122,520,3.8163462,3.791057854367976
6123,226,4.006637,3.9199382360430732
6124,128,3.3125,3.3730503896648965
6125,274,3.6551094,3.635502921210395
6126,143,3.8321679,3.7533832844057233
6127,104,3.6298077,3.596772540699352
6128,69,2.6231885,3.0033863492372657
6129,39,2.4230769,3.043853564208813
6130,37,2.6216216,3.1425628607300506
6131,36,2.6805556,3.173290352488673
6132,78,2.9807692,3.194554403424263
6133,36,3.3194444,3.440732190775317
6134,69,3.2753623,3.381537519583181
6135,66,3.2727273,3.382784206291725
6136,28,3.4464285,3.498756005213811
6137,22,2.3863637,3.1792079408963523
6138,16,2.9375,3.384893475156842
6139,55,3.2,3.3562187807900563
6140,235,3.4914894,3.4979051958050644
6141,136,2.5036764,2.779048181349231
6142,17,1.7058823,3.0657159499268034
6143,304,2.7582238,2.8669576159978316
6144,67,3.835821,3.7042988936106362
6145,24,2.4791667,3.187877990104057
6146,16,3.125,3.430348020611387
6147,56,3.5892856,3.5604053173425063
6148,107,3.411215,3.4484266338834337
6149,16,2.78125,3.347014687278054
6150,19,2.631579,3.281202447587165
6151,38,3.7368422,3.6182155825875024
6152,79,1.9556962,2.5651393112286116
6153,250,2.194,2.4163432359695434
6154,118,2.7754238,2.999422462213607
6155,4079,3.1577592,3.162243328593377
6156,2702,3.0745745,3.0828136586865713
6157,5247,2.5639412,2.5730418458128055
6158,262,2.3625953,2.5493684074817557
6159,374,3.5508022,3.548120291727894
6160,68,3.5514705,3.5415505473896607
6161,46,3.1630435,3.353155940771103
6162,267,3.0674157,3.1400724450120414
6163,453,3.639073,3.628037755105415
6164,16,2.8125,3.3545904448538115
6166,1087,2.3449862,2.3970122859471705
6167,12,3.125,3.4500478929088962
6168,90,2.6833334,2.985021250588553
6169,104,3.0096154,3.1779413842535638
6170,832,3.6177886,3.6127018658211982
6171,11,3.0,3.432835563284452
6172,32,2.34375,3.06588987024819
6173,94,3.5531914,3.5444650219546423
6174,44,2.3068182,2.956414598099729
6175,12,1.9166666,3.2161769174760386
6176,100,2.995,3.1726863861083983
6177,70,2.9214287,3.174191474914551
6178,227,3.876652,3.813729147618428
6179,50,3.21,3.369029712677002
6180,105,3.147619,3.270341711659585
6181,138,3.4891305,3.4994839252309595
6182,83,3.5421686,3.536864395428421
6183,741,3.7327936,3.719852091539675
6184,1142,3.351576,3.3589789127343455
6185,409,3.1784842,3.216564287027762
6186,318,2.8726416,2.9616928981698076
6187,2039,3.6466405,3.6438023115014735
6188,5590,3.610465,3.609734503089959
6190,78,3.352564,3.4211169444024563
6191,28,3.482143,3.511576554714105
6192,152,3.6447368,3.6158562273082167
6193,300,3.4683332,3.4768655504499164
6194,36,3.1388888,3.3651507843372435
6195,134,3.783582,3.7141464870908987
6196,512,2.7871094,2.8530301945913727
6197,995,3.40201,3.408041036870491
6198,59,3.3983052,3.4578254572842098
6199,9,2.2222223,3.3288639036275574
6200,73,3.5684931,3.552056647897736
6201,237,3.550633,3.5467002765642226
6202,111,3.5,3.50871409540591
6203,182,2.662088,2.848719699629422
6204,197,2.2614212,2.5178256942193036
6205,44,2.7954545,3.1851379516276905
6206,46,3.5543478,3.5406558960676193
6207,45,2.8222222,3.1937154719704077
6208,83,1.939759,2.5368644187324927
6209,5,1.8,3.370963074944236
6210,95,3.1105263,3.25450324190074
6211,93,3.5591397,3.5482724763296702
6212,1098,2.7504554,2.7843231498572054
6213,1495,3.1742475,3.185697726061429
6214,1347,3.5790646,3.5772390807622148
6215,539,3.3970315,3.4081544523935365
6216,601,3.877704,3.8508494874482513
6217,143,3.339161,3.388098346137012
6218,7348,3.5108192,3.5109357159664323
6219,604,2.8948677,2.9432768121771855
6220,485,2.828866,2.8942111808562947
6221,54,2.9629629,3.234643885722527
6222,260,3.0903847,3.160977409731957
6223,659,3.3846738,3.394785650021939
6224,12,2.7916667,3.385531779258482
6225,69,3.0507247,3.2512855189187184
6226,123,3.7276423,3.6699593756240225
6227,18,3.0,3.3882789611816406
6228,208,3.7475963,3.705050357552462
6229,181,3.6243093,3.6034759866210804
6230,301,3.6893687,3.6663901867010655
6231,115,3.3565218,3.4085029183012066
6232,321,3.394081,3.412137486542653
6233,201,2.8208954,2.96176474692812
6234,154,3.4675324,3.482367443103416
6235,856,3.957944,3.9342196045595554
6236,59,3.5508475,3.5403942536870274
6237,297,3.675084,3.653898994929509
6238,1204,2.9638705,2.986366094014291
6239,623,3.4012842,3.4107028782633404
6240,112,2.825893,3.042610969072507
6241,147,3.5986395,3.5807257569985946
6242,2502,3.5989208,3.597532471145582
6243,371,3.04717,3.1042826866593893
6244,316,3.835443,3.7934507203232397
6245,153,3.2810457,3.3418864910238484
6246,17,2.9705882,3.3866114758733494
6247,185,3.6783783,3.6463955869065954
6248,49,3.0510204,3.291949173416754
6249,343,2.303207,2.4590405677717757
6250,1598,2.6426783,2.6695405522596487
6251,198,2.5656567,2.7596894694912817
6252,556,2.6978416,2.7663414580593804
6254,579,3.8903282,3.8615309684189403
6255,59,2.6949153,3.077091483894838
6256,34,3.1764705,3.3857496068591164
6257,95,3.0684211,3.2269170777551057
6258,71,3.3380282,3.41655347958084
6259,87,3.0747128,3.240167729175874
6260,155,3.0774193,3.1873315020305353
6261,83,3.2108433,3.3300974835130503
6262,31,3.2096775,3.4062095129931413
6263,971,3.1699278,3.1874661093010377
6264,1767,2.5964913,2.622126120817681
6265,478,2.7290795,2.8047404605330843
6266,974,3.112423,3.132717691361904
6267,86,2.8837209,3.120610033764559
6268,404,3.6868813,3.669389903282804
6269,325,3.8784616,3.831741304397583
6270,673,3.8967311,3.8712351665127493
6271,480,3.925,3.8875527291927696
6272,44,3.3863637,3.461733767326842
6273,394,3.9733503,3.923204914943592
6274,19,2.3947368,3.2159850424614507
6275,18,2.4166667,3.233867217512692
6276,39,3.3205128,3.4371119938539656
6277,35,3.3142858,3.4400349504807415
6278,18,3.3055556,3.4691613211351284
6279,410,3.3658535,3.383484617523525
6280,478,2.8514645,2.9155359945513983
6281,5534,3.3466752,3.348299300004555
6282,7,2.142857,3.3579468225177966
6283,2733,3.8721185,3.865937030619526
6284,37,2.2837837,2.998884658703859
6285,106,3.2452831,3.3359165436182265
6286,1178,3.86163,3.8480480990891346
6287,4457,2.9422257,2.9487248481126698
6288,447,3.5111856,3.5128832055289503
6289,143,3.2167833,3.2974247623601727
6290,897,2.863991,2.8990527098131027
6291,969,3.8137255,3.7997084899318345
6292,22,3.340909,3.470874547958374
6293,99,2.9494948,3.143644016061053
6294,1556,2.8223007,2.844273235254537
6295,73,2.4178083,2.869129876780316
6296,2848,3.6753862,3.672844320103742
6297,2479,3.531061,3.5310015915033137
6298,393,2.3727736,2.5031670716761467
6299,1196,3.9180603,3.9024101857388955
6300,268,3.8059702,3.762273524542275
6301,1048,3.716126,3.70756191330095
6302,29,2.224138,3.049404708645012
6303,1737,3.6470926,3.643762049357452
6304,156,2.8044872,2.980111538785175
6305,1503,3.604125,3.6016760326859574
6306,263,3.826996,3.7792426214431423
6307,38,3.4210527,3.48185195164247
6308,446,2.8015695,2.874804333333046
6309,16,2.34375,3.2409540812174478
6310,26,2.6923077,3.2421443399630094
6311,117,3.4230769,3.454508760018263
6312,73,3.4041095,3.454495619952194
6313,78,2.6153846,2.971898175776005
6314,191,3.052356,3.1510496525348963
6315,343,2.8629737,2.9475901909456907
6316,478,2.5209205,2.616293514316732
6317,15,3.0333333,3.4138918289771447
6318,127,2.940945,3.1067964572690974
6319,264,2.8049242,2.920073156903504
6320,193,2.5336788,2.7382838353208063
6321,59,2.661017,3.05874283379371
6322,991,3.4500504,3.4537971855698584
6323,4852,3.5921268,3.5914733634584537
6324,84,2.5892856,2.9395743341588263
6325,206,1.9077669,2.2242303071543574
6326,101,3.079208,3.227834218385204
6327,241,3.607884,3.59416837298993
6328,41,3.121951,3.345087522988791
6329,171,3.4883041,3.4972985384151407
6330,125,2.856,3.0480169296264648
6331,2715,3.962615,3.954756864371826
6332,549,2.6275046,2.7026761063749283
6333,15898,3.6471255,3.646752187803272
6334,159,3.3144655,3.3655645333979116
6335,319,3.6285267,3.614913232281279
6336,24,3.1041667,3.3905806928067594
6337,492,3.484756,3.488750770962986
6338,1052,2.690114,2.7281333210247616
6339,387,3.7248063,3.7022952193253644
6340,7,2.0714285,3.349174896876017
6341,381,3.410761,3.4243688057857433
6342,50,3.47,3.4990297079086305
6343,14,3.2142856,3.4594213739037514
6344,420,3.5785713,3.5731977097531584
6345,443,3.2302482,3.260452185876471
6346,105,2.7714286,3.0155030373604066
6347,74,3.0472972,3.241152944103364
6348,171,2.1666667,2.4746741309964277
6349,167,2.6197605,2.829045968121647
6350,3937,4.042037,4.035591341482238
6351,121,2.9338844,3.107619763814915
6352,110,1.7681818,2.3181435465812683
6353,25,1.78,2.9453729152679444
6354,47,2.968085,3.256731615853064
6355,49,2.867347,3.2010401258564958
6356,358,3.5307262,3.5303993797769735
6357,434,3.672811,3.657857349096251
6358,310,3.548387,3.5455637640423245
6365,17717,3.3107185,3.3113301783278453
6366,92,3.1304348,3.2704434260516098
6367,1647,3.1745598,3.1849752575352253
6368,227,3.6938326,3.663909666805061
6369,28,2.4464285,3.139781646239452
6370,1093,3.8032937,3.791253708583268
6371,318,1.2122642,1.5269102680942286
6373,10445,3.2022498,3.2038019789349983
6374,414,2.884058,2.9534547000095763
6375,198,3.881313,3.8100925818566354
6376,74,3.4256756,3.466959403407189
6377,25529,3.8685808,3.867915191234307
6378,10244,3.563647,3.563474175534898
6379,796,2.7255025,2.7729349316716476
6380,1656,3.9456522,3.9334132998378166
6381,8,2.25,3.3517753337991647
6382,141,3.7021277,3.656560075220637
6383,3913,2.5241504,2.536816394963771
6384,42,3.0,3.2869887973951255
6385,3338,3.8590474,3.8541627017497455
6386,79,3.1455696,3.2938214327937874
6387,214,3.4088786,3.4314506902839197
6388,43,3.5232558,3.5258383853461153
6390,97,3.2628865,3.353081375563226
6391,46,3.1956522,3.3687809656063714
6392,238,3.2857144,3.32778817249669
6393,7,2.857143,3.445666137494539
6394,183,3.4508197,3.4673947643312775
6395,129,3.2364342,3.3178937648261724
6396,98,2.9132652,3.1209659576416016
6397,14,3.5,3.521921396255493
6398,89,3.1966293,3.3158487467457065
6400,156,3.8237178,3.7519560739832016
6401,161,3.2857144,3.343142112849448
6402,23,3.1086957,3.395931116522175
6403,140,3.5714285,3.560015603115684
6404,91,3.5054946,3.513496294089243
6405,356,3.5519662,3.5490220027604127
6406,58,2.939655,3.212064473717301
6407,71,3.330986,3.4124212974359183
6408,64,3.5625,3.5473944680732594
6409,100,3.565,3.5526865005493162
6410,198,2.8762627,3.0076732943134923
6411,28,3.232143,3.4218329649705153
6412,307,3.747557,3.7168149727733195
6413,291,3.1323025,3.1903313884287634
6414,52,3.0769231,3.2980683551115146
6415,41,3.695122,3.6033293572100966
6416,159,3.663522,3.631114680230903
6417,42,2.9642856,3.2706844029219253
6419,157,3.5031848,3.5091931508935015
6420,10,3.15,3.4650495052337646
6421,31,2.983871,3.319789751076404
6422,257,3.6498055,3.6299771812140746
6423,139,2.6366906,2.8725024606815723
6424,374,2.8395722,2.9207617190648927
6425,340,2.7514706,2.851033235207582
6426,82,3.4146342,3.457598303303574
6427,118,3.3940678,3.4339462234860374
6428,627,3.4880383,3.4909940685091905
6429,250,3.724,3.6913432121276855
6430,157,3.5031848,3.5091931508935015
6431,34,3.014706,3.320273450442723
6432,73,3.0684931,3.255308680418061
6433,475,3.9863157,3.942672266278948
6434,40,3.3625,3.454477416144477
6435,31,3.112903,3.369172420030759
6436,718,3.6037605,3.5988320242613554
6437,70,3.442857,3.478358010450999
6438,36,3.2638888,3.4174763657325924
6439,36,3.4722223,3.504685734593591
6440,3552,3.8105292,3.806608218077088
6441,279,3.5591397,3.5544162724155783
6442,394,3.7081218,3.68784448048016
6443,25,3.22,3.4253729343414308
6445,49,3.2142856,3.3727572156925394
6446,114,3.377193,3.423188831748032
6447,36,2.9027777,3.2663135528564453
6448,584,3.7268836,3.7112035029318053
6449,49,3.3979592,3.463666381257953
6450,185,3.6675675,3.6378849161432143
6451,114,3.3991227,3.4384326760361836
6452,232,3.7844827,3.73901758802698
6453,90,3.3833334,3.4350212812423706
6454,195,3.5923078,3.579195883809304
6455,127,3.3267717,3.383632654524119
6456,28,3.2857144,3.4410637464278784
6457,219,3.63242,3.6130221678865
6458,137,3.4160583,3.4460051161720155
6459,135,3.5481482,3.542718758454194
6460,477,3.8857443,3.8518083801305725
6461,1063,3.8734713,3.8579541049556267
6462,61,3.2786884,3.391017690435186
6463,44,3.6477273,3.584074131985928
6464,443,2.3036118,2.4277950851718986
6465,33,3.1969697,3.396421337702188
6466,382,3.592932,3.585423583233798
6467,108,3.9027777,3.7841959361788593
6468,99,2.9191918,3.12350980707463
6469,81,3.1358025,3.2855188737388787
6470,135,3.2814815,3.348124175458341
6471,46,3.2934783,3.4156559258699417
6472,29,3.2068965,3.4101641661004174
6473,70,2.8428571,3.1283580660820007
6474,42,2.7261906,3.1619888388592265
6475,148,2.7094595,2.916176675546049
6476,174,3.321839,3.3678704095738277
6477,168,3.639881,3.6142337606587542
6478,245,3.4020407,3.423399816125126
6479,37,2.9729729,3.2919881097201644
6480,235,3.3404255,3.373343718679328
6481,178,3.235955,3.3000129795911017
6482,1494,1.7617135,1.8189138248176773
6483,397,0.98992443,1.2738321440865263
6484,689,2.651669,2.7109647197233
6485,263,2.2281368,2.4357921467802397
6486,88,3.1363637,3.278282455776049
6487,46,3.2826087,3.4104476223389306
6488,138,2.9384058,3.0952285274546196
6489,7,2.5714285,3.410578405647947
6490,14,3.5,3.521921396255493
6492,37,3.2432432,3.406930671341118
6493,549,2.6748633,2.74608170647852
6494,12,2.9583333,3.4177898130109234
6495,60,3.3666666,3.4400269334966485
6496,8,2.875,3.437982230350889
6497,56,3.1517856,3.329273241870808
6498,97,3.257732,3.3496800344817492
6499,32,3.515625,3.5232069434189217
6500,86,2.5988371,2.9404629644225624
6502,12600,3.745635,3.7447750498654813
6503,4237,2.515813,2.5276191103338834
6505,59,2.9745762,3.228467589124627
6506,219,3.56621,3.5591188336836805
6507,9,2.8888888,3.4305587946358376
6508,121,3.3842976,3.4263332168958343
6509,317,3.9763408,3.915267012749446
6510,84,2.9404762,3.1597236448259496
6511,31,3.548387,3.5358391102449396
6512,41,2.9634147,3.2736590196798137
6513,61,3.1311476,3.309936706010286
6514,9,1.2222222,3.1763215125617332
6515,61,3.442623,3.4811078041523427
6516,239,3.5794978,3.570598432349499
6517,330,2.8166666,2.9102709167882015
6518,166,2.9518073,3.0851989565072238
6519,173,3.1040463,3.199116533647204
6520,49,3.1122448,3.3222521892701735
6521,104,2.625,2.9182010997425425
6522,66,3.5,3.5120945634513068
6523,313,2.776358,2.879898040419439
6524,135,3.6407406,3.6102862422530717
6525,187,3.024064,3.1303921912792867
6526,104,3.5961537,3.574045181274414
6527,102,3.5686274,3.555282630418476
6528,112,3.517857,3.521005936610846
6529,15,2.7333333,3.34466107075031
6530,597,3.842546,3.81824253957828
6531,148,3.3648648,3.4060755739308366
6532,32,2.359375,3.0719874312237994
6533,612,3.7009804,3.687919923546091
6534,5222,2.6644964,2.672686510635978
6535,2156,2.387987,2.4138271633539
6536,622,3.2532156,3.2736652415423166
6537,8948,3.084544,3.087008465764575
6538,1330,3.3969924,3.401741247246231
6539,27432,3.8282661,3.8277199558274435
6540,36,3.3194444,3.440732190775317
6541,5077,2.75389,2.7614399629283746
6542,431,3.850348,3.8168460613972433
6543,19,3.3421052,3.476854597312817
6544,79,3.278481,3.3752168130504994
6545,276,3.567029,3.5610520649541377
6546,30,3.1833334,3.3987871408462524
6547,217,3.1359446,3.209374339393016
6548,3166,3.0821226,3.089055661686617
6549,256,2.7832031,2.9049116645763124
6550,2130,2.8051643,2.8217444988565705
6551,54,2.7129629,3.104836193414835
6552,2126,3.783396,3.77752889583216
6553,17,3.1176472,3.4239249442940327
6554,81,2.8024693,3.079412052649578
6555,29,3.1034484,3.3721895278254643
6556,25,3.08,3.3787062327067057
6557,52,2.2692308,2.88630365857891
6558,523,2.4321225,2.527753962688213
6559,391,2.943734,3.00998398235866
6560,82,2.2804878,2.753052780122468
6561,485,3.730928,3.711968265961264
6562,96,3.3385417,3.4034450478749734
6563,72,2.4305556,2.8803522235057395
6564,3198,2.7340524,2.7462754333254153
6565,4572,3.626203,3.6251413587985333
6566,813,1.9280443,2.020745076282276
6567,634,3.4944794,3.496934093927082
6568,249,3.2269077,3.277267538982889
6569,40,2.425,3.0378107494778104
6570,33,3.2575758,3.4205177002642526
6571,184,3.7282608,3.6854826853825498
6572,63,3.0555556,3.264628062206032
6573,115,3.4782608,3.4933512499838164
6574,106,2.20283,2.6275830605091195
6575,61,2.352459,2.882008698609498
6576,53,3.462264,3.494203539727961
6577,137,1.8686131,2.312315333335795
6578,59,3.2542372,3.379843694354416
6579,337,3.8724036,3.8279147024918587
6580,12,2.7083333,3.36940271623673
6581,249,3.5461848,3.543153776372954
6582,483,3.1532092,3.188373391221209
6583,151,3.4271524,3.452253637029164
6584,470,3.2851064,3.3084672826987047
6585,45,2.9666667,3.2621365346406637
6586,2618,2.9155843,2.9270624941078083
6587,682,1.1664222,1.327736260135317
6588,56,3.375,3.44719782415426
6589,6,3.5,3.525053024291992
6590,11,3.090909,3.4492289902733977
6591,956,3.834205,3.8189889318189376
6592,280,3.2660713,3.305766481341738
6593,2933,3.0893283,3.096682145856908
6594,12,2.5833333,3.345209167849633
6595,2639,2.983327,2.9934558162639555
6596,387,2.629199,2.7320434627052848
6597,138,3.0833333,3.2016114808143454
6598,302,3.7615893,3.7284174277023836
6599,95,3.7473683,3.6717445603732406
6600,48,3.15625,3.345948666942363
6601,73,2.958904,3.190267995121033
6602,114,3.2149122,3.310383886825748
6603,45,3.4666667,3.4989786399038216
6604,31,3.6290324,3.5667033695880277
6605,34,3.3529413,3.457178246407282
6607,15,3.0333333,3.4138918289771447
6608,9,2.9444444,3.439033374948017
6609,178,3.8876405,3.808784974248786
6610,87,3.3333333,3.4044011857387795
6611,382,3.9541886,3.90486807624499
6612,348,3.902299,3.855283909706614
6613,104,3.2019231,3.3078115265090746
6614,346,3.218208,3.2573307150542132
6615,1506,2.4780877,2.511827114921609
6616,100,2.795,3.0393531799316404
6617,1283,3.5954792,3.5929503728819356
6618,2387,3.6018014,3.600288428485418
6619,600,3.0158334,3.055235378558819
6620,3495,3.8060086,3.80208827847318
6621,12,3.0416667,3.4339188760326755
6622,14,2.607143,3.3266089111566544
6623,38,2.7368422,3.1863974007693203
6624,872,2.4283257,2.4879641419119016
6625,215,2.8418605,2.971332014731641
6626,37,2.7837837,3.2115283368647782
6627,17,2.6470587,3.3045219058421123
6628,136,2.0919118,2.4779729740594023
6629,334,3.257485,3.292715964217981
6630,152,3.6217105,3.598529560731189
6631,95,2.3473685,2.754503274786061
6632,16,3.03125,3.4076207478841147
6633,12,2.4166667,3.3129511340971916
6634,11,2.1363637,3.2770978779089255
6635,58,3.025862,3.258360778843915
6636,837,3.6111112,3.606429553220076
6637,38,3.1447368,3.3625337102196435
6638,395,3.2974684,3.3233775208505354
6639,1105,3.940724,3.9228596315755473
6640,13,3.4230769,3.506396327699934
6641,136,3.4926472,3.5021665839738745
6642,140,2.6392858,2.8731735882006193
6643,675,4.065926,4.028831820652402
6644,85,3.764706,3.677059041129218
6645,1194,3.4556115,3.458523361245919
6646,184,2.910326,3.042320316673344
6647,33,3.1060605,3.360276699066162
6648,46,3.2826087,3.4104476223389306
6649,64,3.5546875,3.5430085031609786
6650,841,4.057075,4.027388399832712
6651,58,2.4655173,2.957434923560531
6652,153,3.1895425,3.27292106774053
6653,127,2.8031497,3.007926447916839
6654,14,3.0,3.412546396255493
6655,29,3.0172415,3.3405439521692974
6656,43,2.4302325,3.0204620207509687
6657,90,2.9944444,3.185021162033081
6658,708,2.8855932,2.9279722135740096
6659,3045,3.3469622,3.349887854448235
6660,475,3.9378948,3.8988628750755674
6661,10,3.6,3.5400494734446206
6662,2366,3.7417583,3.7373357687564877
6663,1253,3.6328812,3.628858840017253
6664,1687,3.1366332,3.1479004642780857
6665,181,3.0359116,3.1424370637703767
6666,931,3.9360902,3.915293551852336
6667,302,3.8344371,3.7909175658767875
6668,320,3.884375,3.8362243239944047
6669,1141,4.122261,4.097315553653951
6670,87,2.7471263,3.032138401574462
6671,180,3.7166667,3.675665109053902
6672,201,3.8208954,3.762561559677124
6673,39,3.1923077,3.3809322480405313
6674,7,2.2857144,3.3754907030808297
6675,8,2.8125,3.4293615406957167
6676,85,3.8,3.6992812244980424
6677,7,2.0,3.340402971234238
6678,379,3.1781003,3.218888114382337
6679,172,3.7325583,3.6864999479001708
6680,79,3.1898735,3.320953274882117
6681,54,3.2962964,3.4077208913289585
6682,71,3.633803,3.5901072281451265
6683,121,3.6157024,3.590075781470851
6684,201,3.4402986,3.4577807943184538
6685,48,2.0520833,2.8051323014862684
6686,515,2.6184466,2.698943296364978
6687,370,2.3851352,2.521197580155872
6688,37,3.5405405,3.533367428286322
6689,90,2.85,3.092164005552019
6690,86,3.2093024,3.3264924848780915
6691,15,3.2333333,3.4600456861349254
6692,68,3.5588236,3.545787908263126
6693,8,3.0625,3.4638442993164062
6694,12,2.9583333,3.4177898130109234
6695,705,2.3971632,2.472056943059757
6696,125,3.128,3.2423026970454623
6698,12,2.2916667,3.288757585710095
6699,78,3.1410255,3.292210638523102
6700,71,3.1197183,3.288454294204712
6701,75,3.44,3.4752237892150877
6702,346,2.6286128,2.7421792504763363
6703,304,2.6398027,2.7652626791916326
6704,47,3.2659574,3.4010614955548157
6705,296,3.2466216,3.287291807935417
6706,32,3.359375,3.462231333662824
6707,1082,2.7231977,2.7587481265354494
6708,4861,3.647809,3.646589830484392
6709,3198,3.1521263,3.157913459345625
6710,298,3.511745,3.5140890006361336
6711,15943,3.8033307,3.8024700606271056
6712,12,2.75,3.3774672477476058
6713,560,3.7955358,3.773611506477731
6714,116,3.4094827,3.4451985818793975
6715,16,2.15625,3.1954995357629024
6716,33,2.5454545,3.137385155781206
6717,46,3.7173913,3.6187809060017266
6718,164,2.9664633,3.0976773600712
6719,37,2.3648648,3.033367447469426
6720,228,2.6008773,2.767636655903549
6721,854,3.7429743,3.7310873955751944
6722,348,3.6623564,3.6454848955624066
6723,172,3.5174417,3.519833109400294
6724,1204,3.892857,3.8783117123958215
6725,280,2.3392856,2.519402850757946
6726,13,3.1153846,3.4429042679922923
6727,154,3.607143,3.5877597051508285
6728,38,3.2631578,3.4136700846932153
6729,46,3.097826,3.3219058911005654
6730,180,2.7916667,2.9517521028933316
6731,1141,3.5687993,3.567088935277124
6732,409,3.3557458,3.37451633648675
6733,24,3.375,3.478418504869616
6734,428,2.8294392,2.9025165924966085
6735,231,3.2186148,3.273676128149881
6736,60,3.15,3.321845228021795
6737,23,2.1956522,3.1082598771134466
6738,14,2.6785715,3.3422339037060738
6739,25,2.54,3.1987062454223634
6740,68,2.0073528,2.6517200146691273
6741,66,2.9545455,3.2017497605290908
6742,26,2.3846154,3.136881188342446
6743,787,3.5482845,3.5470763380809496
6744,379,2.510554,2.629144437941082
6745,52,2.4038463,2.9549311282587984
6746,67,2.2686567,2.8068629941369734
6747,102,3.235294,3.3315984732226323
6748,332,3.4533134,3.4630968633122468
6749,125,3.504,3.5108740738459994
6750,483,3.0983436,3.1386546592104057
6751,352,2.362216,2.5072213927311684
6752,100,2.875,3.0926864624023436
6753,2153,3.744078,3.7391750944564413
6754,4731,3.3557386,3.357540781092529
6755,1886,3.4973488,3.498141931108207
6756,121,3.3842976,3.4263332168958343
6757,104,2.7932692,3.0318374138373834
6759,47,3.0106382,3.277350170096171
6760,87,3.7183907,3.648926719261782
6761,74,3.6486487,3.6000240002909014
6762,106,3.481132,3.49617284994859
6763,763,2.7627785,2.8098437645338556
6764,1452,3.3784435,3.3834240357186918
6765,1505,3.3717608,3.376786521776696
6767,6,2.0833333,3.3732673014913286
6768,348,3.5747128,3.5688517776565933
6769,129,3.143411,3.2508546267141845
6770,596,3.7533557,3.7359179431808993
6771,94,2.244681,2.6902984182039895
6772,351,3.85755,3.816466299970251
6773,3292,3.852673,3.847816475845967
6774,1796,3.6681514,3.664356904324318
6775,77,3.7727273,3.676401320404894
6776,681,3.845815,3.8240806371503586
6777,864,3.9623842,3.9386246595653978
6778,18,3.3611112,3.4838672105003807
6779,310,3.5064516,3.5094526873694525
6780,470,3.8478723,3.8171210197302012
6781,77,3.0454545,3.2354564253739486
6782,265,3.2169812,3.266358666949802
6783,725,4.04,4.006971537682318
6784,190,3.463158,3.476679037014643
6785,800,3.5375,3.536944580078125
6786,721,3.7822468,3.765762558243154
6787,4391,4.029606,4.0239590913480106
6788,81,2.4629629,2.8694882556682324
6789,266,3.656015,3.6357687907882883
6790,580,3.4698277,3.474449218265594
6791,1145,3.9366813,3.9195841206666318
6792,88,3.2556818,3.3543693017268525
6793,1336,2.491018,2.5284293602727366
6794,878,1.9903189,2.073171291628788
6795,85,2.7411764,3.0326145225101047
6796,3656,3.7650437,3.76184642913209
6797,557,3.2621186,3.28402474016884
6798,271,3.2324724,3.2785140034565674
6799,15,2.8666666,3.3754302721757155
6800,715,2.4223776,2.494644370733523
6801,86,3.5813954,3.5617865639574386
6802,99,2.8535354,3.0798857404081614
6803,327,3.3470948,3.3710953860447326
6804,67,3.1268656,3.298315950947949
6805,132,3.155303,3.2577086018991994
6806,108,3.3657408,3.417107425158537
6807,8436,3.853248,3.851331851630174
6808,1168,3.817209,3.8053391523940614
6809,196,3.2295918,3.2902559807630087
6810,1075,3.0306976,3.05280255317688
6811,531,3.1346517,3.1685077475188317
6812,385,2.8766234,2.9515010926915313
6813,172,3.2703488,3.328391715212985
6814,100,2.535,2.866019852956136
6815,184,3.3451087,3.384200764517499
6816,301,3.4568107,3.466960096630955
6817,148,3.2635136,3.330318065604778
6818,459,4.040305,3.9899863016394597
6819,34,2.764706,3.2190829742522467
6820,801,3.437578,3.442894145268531
6821,52,2.7115386,3.1117938640070895
6822,43,3.2790697,3.4129351057032102
6823,47,2.9787233,3.2618862255332397
6824,36,2.9305556,3.2779415152793705
6825,66,2.8939395,3.1672670347937224
6826,106,2.971698,3.1500189885115013
6827,315,1.636508,1.895624618007712
6828,72,3.8194444,3.70002432338527
6829,98,2.617347,2.925020105129964
6830,26,3.2884614,3.4460916707390234
6831,13,2.3461537,3.2841740941244457
6832,869,3.3509781,3.3606125893348966
6833,10,3.05,3.44838281472524
6834,43,2.7906976,3.1871286566539476
6835,38,2.618421,3.1352610262957485
6836,20,2.6,3.262899535042899
6837,96,3.640625,3.602075132605148
6839,96,2.9791667,3.1671436780119597
6840,144,3.6527777,3.620633784028673
6841,65,3.0384614,3.2513301165207573
6842,45,3.3,3.42003123383773
6843,26,3.0,3.347407491583573
6844,101,3.1188118,3.2543242767157143
6845,25,2.86,3.305372889836629
6846,24,2.6458333,3.241931992608148
6847,10,2.7,3.3900494972864785
6848,80,2.53125,2.9146382258488583
6849,202,3.5173268,3.5194563070933023
6850,452,3.0774336,3.1223166340375803
6851,199,3.4497488,3.4654737811490715
6852,873,3.941008,3.91863817202567
6853,29,2.2068965,3.043075558505481
6854,85,3.4588234,3.484466384958338
6855,39,3.3076923,3.4314940297201777
6856,472,3.7023306,3.68563794541633
6857,1688,3.7662914,3.759437755281824
6858,499,3.8857715,3.8531929951547923
6859,147,3.7040815,3.6594058632245523
6860,77,2.7532468,3.058291116098719
6861,29,3.2931035,3.4418097417565843
6862,709,3.2686882,3.285774577747692
6863,10068,3.409267,3.409853983877393
6864,151,3.8112583,3.74081082130546
6865,16,2.96875,3.3924692327325996
6866,30,3.0666666,3.3550370931625366
6867,3264,3.9077818,3.9020527740091753
6868,454,3.301762,3.3242122313332936
6869,329,3.8297873,3.789981467113646
6870,8941,3.8371546,3.8354357121558493
6871,78,2.8461537,3.112523131072521
6872,417,1.3381295,1.572597386239683
6873,2431,3.2293296,3.235349936717847
6874,24272,3.881386,3.8806596896668206
6875,69,3.2463768,3.3647308009011403
6876,48,3.1354167,3.335744624235192
6877,28,3.0357144,3.3513201566842885
6878,14,2.8214285,3.3734838888049126
6879,2872,3.6068943,3.605545266534595
6880,1407,2.7558634,2.7823629462727144
6881,1201,3.6024146,3.599442776635015
6882,297,3.3131313,3.344100792744661
6883,209,3.0956938,3.1791620816042987
6884,357,3.3515406,3.37322592442393
6885,455,2.6164834,2.706738493230083
6886,229,3.1244543,3.1967849278535465
6887,869,3.4752588,3.478131545381266
6888,2693,2.4179354,2.4381709531672104
6889,1112,3.2059352,3.2197960034500097
6890,1717,3.545428,3.54493656479577
6891,20,3.35,3.4771852493286133
6892,159,2.7735848,2.9540811451998623
6893,2067,3.6373973,3.634814910861643
6894,29,2.9827585,3.3278856518902358
6895,59,3.4152544,3.466999782334774
6896,238,4.0315127,3.944107641776403
6897,47,3.4148936,3.473226493166894
6898,274,3.5729928,3.5660586327682307
6899,61,1.6557378,2.4991258790901116
6900,147,3.2040815,3.2863094165240447
6901,15,2.4,3.267738012167124
6902,686,3.8637025,3.8409006913071093
6903,38,2.2236843,2.9648065133528276
6905,36,2.7083333,3.184918215108472
6906,53,2.5943396,3.0476016373310273
6907,20,2.975,3.370042392185756
6908,22,2.4772727,3.2069856921831765
6909,438,3.313927,3.335866735606897
6910,144,3.0868056,3.2005307895621073
6911,43,3.3488371,3.445193185601183
6912,28,3.25,3.428243196927584
6913,25,2.68,3.245372947057088
6914,24,3.1458333,3.40409415477031
6915,11,2.409091,3.3262782018692767
6916,21,2.7380953,3.294408032591914
6917,18,3.3333333,3.4765142342623543
6918,321,4.0264797,3.959307169335872
6919,20,2.975,3.370042392185756
6920,397,3.9823678,3.9315502632917707
6921,56,3.669643,3.6028582375004605
6923,66,3.3484848,3.4258876134609353
6924,56,3.4642856,3.49436758149345
6925,49,3.2244897,3.377807718334776
6926,41,3.4146342,3.476955743936392
6927,540,3.0768518,3.1150897721112787
6928,59,2.8644068,3.1688346053482195
6930,20,3.55,3.534328120095389
6931,26,3.0,3.347407491583573
6932,1126,3.6709592,3.6648835604693613
6933,7,2.5,3.401806480006168
6934,13380,3.1601644,3.1615340324452985
6935,237,3.9683545,3.8916480042793196
6936,5096,3.3717623,3.3732809028966484
6937,19,2.868421,3.34641985271288
6938,29,3.7586207,3.6126958327957346
6939,107,3.7850468,3.703203685724052
6940,56,3.25,3.3811600883052035
6942,9520,3.7704306,3.769164257786989
6944,2611,3.307162,3.3113126916931965
6945,217,3.889401,3.8217339980021845
6946,445,2.6966293,2.7806121243370905
6947,6649,3.6369379,3.636125209492024
6948,130,3.2307692,3.3133497767978244
6949,95,3.136842,3.2717445554404425
6950,630,3.1936507,3.218239594908322
6951,922,1.95282,2.033850779013379
6952,2037,2.8789887,2.8945390697181312
6953,5992,3.7050233,3.7035588406837765
6954,1125,3.8577778,3.8437472617372554
6955,18,2.8888888,3.358867182451136
6956,23,3.3913043,3.4849721536244433
6957,3837,3.3941882,3.395910203502882
6958,655,2.3847327,2.465819720680832
6959,905,2.8022099,2.8402124474810058
6960,14,3.0714285,3.4281713888049126
6961,153,3.5228758,3.524152534935862
6962,14,3.357143,3.4906714111566544
6963,390,3.724359,3.702052257277749
6964,60,3.525,3.5263906825672495
6965,50,3.6,3.5640296459198
6966,1246,3.065008,3.082872564777916
6967,173,3.748555,3.6991164791209816
6968,40,2.5875,3.1100330352783203
6969,103,3.3980582,3.4405422319773753
6970,469,3.9083157,3.8716821064149713
6971,384,3.8098958,3.7774261263658375
6972,23,3.347826,3.471273526753465
6973,166,2.7319276,2.9162173911377236
6974,809,3.4585907,3.4626343222519296
6975,980,3.7484694,3.7377698398330836
6976,153,3.1078432,3.2113446942691146
6977,479,3.105428,3.145374238153036
6978,593,3.6644182,3.6538148897802847
6979,4611,3.6646063,3.663141551127226
6980,102,3.5637255,3.551993206927651
6981,171,3.991228,3.8864388012778166
6982,182,3.901099,3.820702505522761
6983,227,3.7422907,3.70362081682639
6984,213,3.7910798,3.7410758865196896
6985,782,4.0147057,3.985460088803218
6986,667,3.6911545,3.6797810425485693
6987,1379,3.9231327,3.909309240552076
6988,141,3.609929,3.588497226775005
6989,530,3.5169811,3.5179361474925073
6990,366,3.624317,3.612747514477143
6991,459,3.0163398,3.0666069309931605
6992,421,3.0130641,3.0677345538088723
6993,2199,3.9172351,3.908582940638039
6994,195,2.951282,3.068991690265889
6995,201,1.9104477,2.2326811172097805
6996,1148,2.1341465,2.1923231186970247
6997,377,3.1856763,3.225768028433485
6998,144,3.3333333,3.383520401630205
6999,359,3.0961003,3.1489070610195617
7000,1038,2.8145473,2.8473373778602658
7001,1473,3.6211812,3.618124064378494
7002,73,3.671233,3.6130323080512565
7003,304,3.5328948,3.5322118748379294
7004,3185,2.822292,2.833200393909649
7005,529,2.3695652,2.4696079202266557
7006,81,2.648148,2.983992077922093
7007,1281,3.286495,3.2955695164105125
7008,802,3.494389,3.496365015495551
7009,553,3.3273056,3.3439518100586696
7010,272,3.53125,3.5307545632309054
7011,186,3.5295699,3.5292498479455205
7012,229,3.0545852,3.139437220002588
7013,1452,4.0172176,4.00093407256308
7014,159,2.5440252,2.77944006417927
7015,159,2.9654088,3.1000142051842796
7016,398,2.342965,2.475229898733752
7017,819,2.8253968,2.865826155428782
7018,1090,3.6591742,3.653423554018924
7019,242,2.946281,3.0459005506071324
7020,315,3.6777778,3.6572684000616205
7021,115,2.752174,2.9872907147263037
7022,4923,3.803575,3.800804923771134
7023,796,3.9221106,3.8988214812943838
7024,401,3.2680798,3.2969023330248644
7025,378,3.734127,3.710053720206858
7026,421,3.04038,3.092150636539338
7027,1222,3.6812603,3.6752382970456057
7028,621,3.578905,3.575116303922878
7029,203,3.2118227,3.2743201076748814
7030,335,3.4044776,3.4205271795198513
7031,132,2.5984848,2.8538624008933264
7032,121,2.8677685,3.0608360293315866
7033,542,3.0968635,3.1332820790844993
7034,1634,3.8212974,3.8125908151091985
7035,163,2.917178,3.0605773220599537
7036,1026,2.8118908,2.845170048089719
7037,191,3.5863874,3.574286149250521
7038,177,3.3983052,3.426885400049487
7039,297,3.3316498,3.3599508763733787
7040,597,3.5536013,3.5516273949577415
7041,155,2.735484,2.928794982956677
7042,444,3.7409909,3.719439106914196
7043,347,3.9553313,3.9015187388403287
7044,1513,3.6553206,3.651249586887567
7045,884,3.4553168,3.4592109257455044
7046,1768,3.2024887,3.211442751197269
7047,150,3.1366668,3.234514927864075
7048,425,3.2117648,3.2450589782313295
7049,81,3.5,3.5107096897736763
7050,112,3.7544644,3.684586301261996
7051,195,3.194872,3.2628693483313738
7052,34,3.0882354,3.350035383587792
7053,44,3.4318182,3.48301034278058
7054,196,3.5255103,3.5260284160210835
7055,298,3.922819,3.866100578472532
7056,455,3.7648351,3.741391977461258
7057,114,3.2236843,3.316481590270996
7058,223,3.7040358,3.6718056542532787
7059,287,3.5139372,3.5160325097047256
7060,786,3.4052162,3.4125632965963995
7061,212,3.7452831,3.7038282146890653
7062,552,3.7472825,3.7290746048835426
7063,1335,3.9782772,3.9620238555467515
7064,917,3.9094875,3.8897652470708017
7065,348,3.204023,3.2447309877405215
7066,65,3.5538461,3.542634497518125
7067,296,3.8158784,3.7742860496388695
7068,325,3.86,3.815741160710653
7069,282,3.6985815,3.6729004225098945
7070,511,3.8943248,3.8616808051519005
7071,328,3.9512196,3.8952459910559276
7072,843,3.846382,3.8285586935408573
7073,1037,3.8770492,3.860996318060867
7074,207,3.9082127,3.834252880705006
7075,693,3.903319,3.8780658877232836
7076,1615,3.7340558,3.72786968033593
7077,44,3.7045455,3.6106699071031936
7078,211,3.729858,3.691199198536489
7079,376,3.7885637,3.7579881014398566
7080,276,3.6467392,3.6285368123668835
7081,65,3.4230769,3.468721441600634
7082,272,3.6654413,3.6441086834261878
7083,62,3.4274194,3.4723479790346965
7084,950,3.8647368,3.847902925014496
7085,163,3.607362,3.588746387633919
7086,269,3.8289962,3.781827404954964
7087,419,3.699284,3.681029845402439
7088,414,3.9045894,3.864015058196824
7089,666,3.8791292,3.8546131249912623
7090,7242,3.905689,3.903099659243849
7091,851,3.9706228,3.9460632113055567
7092,131,3.5076337,3.513276144944502
7093,153,3.4346404,3.457650008459984
7094,65,3.176923,3.329591015110845
7095,195,3.2615385,3.3159305222180424
7096,262,3.946565,3.8794967195926566
7097,41,3.1341465,3.3505821306626875
7098,10,3.7,3.5567161639531455
7099,3841,4.0607915,4.053945795915575
7100,23,2.826087,3.3068900043017244
7101,952,2.997374,3.02385536163391
7102,702,2.8967237,2.938700850973738
7103,69,2.5144928,2.94036108505826
7104,652,2.8420246,2.890887443835919
7105,10,3.15,3.4650495052337646
7106,36,3.6111112,3.5628252472988393
7107,460,3.575,3.570398022146786
7108,74,3.3716216,3.4347013581183647
7109,57,3.1754386,3.3402146914294946
7110,31,3.1774194,3.3938638457545527
7111,90,3.4222221,3.4600211552211215
7112,44,3.6136363,3.568116644595532
7113,23,3.152174,3.4096297433931535
7114,197,3.7055838,3.669647692668776
7115,421,3.752969,3.729093268671866
7116,1094,3.9716637,3.952275412482815
7117,414,2.0603864,2.2185408339418213
7118,253,3.5316205,3.5310328596889384
7119,143,3.125874,3.230067136991827
7120,27,1.4074074,2.7844541459888608
7121,936,3.8899572,3.8716053740247993
7122,316,3.8939874,3.8439972491863648
7123,1366,3.6226208,3.6192817873200456
7124,240,3.6333334,3.615182745045629
7125,68,3.5367646,3.5330759630364885
7126,170,3.7411764,3.6927406896244395
7127,66,2.5984848,2.999163475529901
7128,167,3.4700599,3.483423815344885
7129,17,3.8235295,3.6030294112305143
7130,87,3.4885058,3.5029414413619215
7131,49,3.2040815,3.367706713050303
7132,1552,4.029317,4.013672160745114
7133,45,1.9,2.7568733503943994
7134,155,3.267742,3.3312339840865715
7135,451,3.9368072,3.8960139651498396
7136,215,3.8581395,3.7958602455427064
7137,1469,3.482301,3.4838071979135963
7138,22,3.340909,3.470874547958374
7139,2203,3.9037676,3.895429631947307
7140,8,3.9375,3.58453395448882
7141,81,3.7160494,3.6442975069730337
7142,415,2.6301205,2.726673082638812
7143,11574,3.6715052,3.670888188413645
7144,6,3.0833333,3.480410158634186
7145,5,3.8,3.552781256762418
7146,18,3.1666667,3.4323966292773975
7147,13431,3.8150918,3.814027266884034
7148,77,2.512987,2.9126217365264893
7149,2909,3.4872808,3.4879699051480877
7150,1052,2.769962,2.804358502265113
7151,1915,3.513838,3.5141999187663613
7152,77,2.9545455,3.180338367702454
7153,36673,4.110708,4.109914934336839
7154,2092,3.1606119,3.169189074237585
7155,1198,3.4983306,3.499521650564976
7156,2560,4.083594,4.072951422797309
7157,174,2.7327585,2.910281036581312
7158,2200,3.7081819,3.7041791364881727
7159,16,3.3125,3.4758025660659326
7160,3552,3.6399212,3.6383684148793747
7161,1560,2.8054488,2.8278900940225733
7162,3405,3.5359764,3.5358618365010375
7163,2602,3.2273252,3.2329951517542383
7164,1239,3.4079902,3.412647671436875
7165,234,3.1602564,3.225010435346147
7166,18,2.5,3.25592602000517
7167,167,3.248503,3.3129168908167546
7168,63,3.047619,3.2602033003241613
7169,423,3.0791962,3.1266447529984327
7170,38,2.0921052,2.9079882394183767
7171,259,3.4787645,3.486741047461056
7172,77,3.525974,3.5267950399654118
7173,2976,2.937332,2.9470927786212524
7174,60,2.3,2.8582087863575327
7175,297,2.040404,2.2547636355034557
7176,59,3.5677967,3.5495685787375915
7177,282,3.613475,3.600611274500927
7178,548,3.1815693,3.2105400777580746
7179,179,3.2011173,3.272502017333518
7180,24,3.4166667,3.4919320441581108
7181,95,3.505263,3.5131238822279305
7182,37,2.7297297,3.188539844819869
7183,57,2.8508773,3.1673175196781336
7184,35,3.2857144,3.428270269842709
7185,69,2.9275362,3.179856895398693
7186,53,2.7452831,3.125271602741723
7187,27,2.0370371,3.005233402376051
7188,42,2.7380953,3.1674236007358716
7189,75,1.8,2.491223726272583
7190,105,3.5619047,3.550986836033483
7191,73,2.2945206,2.795959141196274
7192,39,2.8846154,3.2461007954029553
7193,563,2.689165,2.7575904230114685
7194,67,3.5522387,3.5419056619334426
7195,58,3.4310346,3.475953464154844
7196,38,3.3421052,3.4477609666911038
7197,43,3.0232558,3.2946555896471907
7198,172,2.5436046,2.7653286607415826
7199,203,3.6133006,3.596454479948805
7200,36,3.3888888,3.469801947127941
7201,71,3.330986,3.4124212974359183
7202,146,2.8356164,3.0122599820701446
7203,44,2.9886363,3.27556345310617
7204,41,2.3658535,3.0044281849494348
7205,178,3.5308988,3.5302761291202747
7206,488,3.875,3.8427564486251886
7207,94,2.93617,3.1416872143745422
7208,233,3.4484978,3.462554594653234
7209,513,3.791423,3.768033766619477
7210,411,3.8807786,3.84252267649272
7211,125,3.716,3.662302739279611
7212,282,3.6258864,3.6111534503569085
7213,41,2.817073,3.207724909206013
7214,23,2.8043478,3.300040653307144
7215,877,4.022805,3.996119894256098
7216,443,3.795711,3.768565842394413
7217,334,3.766467,3.735424424211184
7218,449,3.8752785,3.84048698134795
7219,127,3.559055,3.550299241717926
7220,85,2.8,3.0696515948684127
7221,62,3.5080645,3.5169907936028073
7222,253,2.6976285,2.8346632982638016
7223,336,3.766369,3.7354999700358493
7224,56,3.0357144,3.2679525951169572
7225,323,3.4674923,3.4756112488600905
7226,62,2.983871,3.2268122349466597
7227,184,3.7119565,3.6726622459215994
7228,666,2.4136636,2.491484558782098
7229,68,2.8235295,3.1220591027857894
7230,47,2.8404255,3.1948759531237414
7231,30,2.9666667,3.3175371289253235
7232,44,3.3977273,3.4670528553901834
7233,5,2.1,3.39823579788208
7234,927,4.0210357,3.995806588121178
7235,1003,3.4730809,3.475691439192972
7236,457,3.4102845,3.4218993976976746
7237,62,3.016129,3.244669360773904
7238,246,3.855691,3.800347785691957
7239,84,3.0059524,3.20076841382838
7240,39,2.7179487,3.173067052712601
7241,156,3.9423077,3.8417620010746334
7242,11,2.6363637,3.367261812335155
7243,194,3.6675258,3.6389465918306443
7244,57,1.5701754,2.4850744644058085
7245,18,2.25,3.1897495494169346
7246,12,1.9583334,3.224241448986915
7247,1305,3.2954023,3.303987421232836
7248,38,2.9736843,3.288670149716464
7249,80,3.1625,3.3030997056227465
7250,228,3.4188597,3.438499948103651
7251,46,3.1413043,3.342739219466845
7252,67,2.4850745,2.930794548784566
7253,60,3.2666667,3.385481530969793
7254,10431,3.689771,3.6889994860082145
7255,715,2.8559442,2.8998732566833496
7256,2178,4.0243344,4.013197199018468
7257,353,2.5481586,2.669734420019107
7258,381,2.8425198,2.922048719189283
7259,271,2.199262,2.4062397049223523
7260,226,3.5663717,3.5594310466794
7261,279,2.6344087,2.7702218848521225
7262,111,2.6486487,2.921757635862931
7263,1918,3.774244,3.7679893779076212
7264,31,3.3709676,3.467937849186085
7265,1162,3.6101549,3.6067680899459535
7266,140,3.3535714,3.399489302384226
7267,40,2.45,3.0489219029744468
7268,21,3.0238094,3.378915034549337
7269,24,2.6041667,3.228418530644597
7270,53,2.8113208,3.159252143600612
7271,10,2.8,3.4067161480585733
7272,124,3.2903225,3.3586377275401147
7273,14,3.142857,3.443796381354332
7274,39,3.0384614,3.313516469483965
7275,56,3.080357,3.2915374108080595
7276,42,2.6666667,3.1348149206327354
7277,12,2.6666667,3.361338230871385
7278,32,2.796875,3.2427191385408727
7279,17,3.0588236,3.4089995569257594
7280,104,2.3846154,2.755863462175642
7281,64,2.0390625,2.6921313101785227
7282,28,0.73214287,2.5243970461380787
7283,120,2.925,3.1023703743429745
7284,113,2.8318584,3.0454169826273536
7285,1934,3.4532058,3.455092254425249
7286,131,3.6335878,3.604436331691004
7287,48,3.1041667,3.3204385017862124
7288,39,3.6923077,3.600033371636037
7289,50,2.15,2.8390297412872316
7290,28,3.1964285,3.409012415470221
7291,18,2.4444444,3.2412201306399178
7292,107,1.7757009,2.333776869591634
7293,7236,3.320412,3.3218368963000215
7294,435,2.608046,2.702892790135649
7295,32,3.21875,3.407353284882336
7296,5,2.5,3.434599442915483
7297,265,3.6754718,3.652072989751422
7298,9,2.0,3.29496558237884
7299,323,3.6904025,3.6686406953724715
7300,348,3.5416667,3.5399572789369516
7301,167,3.7964072,3.734575924236104
7302,167,3.742515,3.6931013313855994
7303,643,3.6990669,3.686728674612004
7304,161,3.6180124,3.5966965417726344
7305,286,3.277972,3.3151873704932986
7306,91,3.6758242,3.6234253078487746
7307,210,3.2238095,3.2823190780786367
7308,285,2.5350878,2.683292534813952
7309,41,3.5853658,3.553878747499906
7310,302,2.5430465,2.6829630813815375
7311,467,3.8083513,3.7812437453168504
7312,52,3.1057692,3.3127741720162187
7313,117,2.4188035,2.750916008463877
7314,63,3.0317461,3.2513537765604203
7315,133,2.4774437,2.7644971628658106
7316,481,2.456341,2.557256127930406
7317,2193,3.240766,3.247170269090684
7318,3337,3.1565778,3.1620617576640795
7319,424,2.4917452,2.6010610725306256
7320,440,2.9329545,2.993679533199388
7321,290,2.5637932,2.7055970360251034
7322,9,2.6666667,3.396660509756056
7323,4729,3.8903573,3.8865667362795837
7324,1620,3.3222222,3.3283850218721494
7325,3600,2.9916666,2.9990144024156544
7326,134,3.1902986,3.28208139150039
7327,1259,4.096108,4.0744101533095645
7328,127,3.7283463,3.6717681103507003
7329,24,3.2291667,3.4311212333473
7330,20,3.05,3.3914709772382463
7331,57,3.1842105,3.344887570800068
7332,33,2.6515152,3.1795538850577483
7333,185,3.837838,3.7719276052840214
7334,239,3.6736403,3.648453250475821
7335,260,3.8307693,3.7819451209037536
7336,50,3.23,3.379029703140259
7337,23,2.847826,3.3137392801781225
7338,168,3.7708333,3.7151511743528034
7339,10,2.85,3.4150494734446206
7340,285,2.9578948,3.042993993901495
7341,65,3.3384616,3.4208954417187236
7342,44,2.590909,3.089393250485684
7343,35,3.1285715,3.3635643790749943
7344,13,3.4230769,3.506396327699934
7345,354,2.1765537,2.343819278301579
7346,2402,3.2862198,3.2911513106469035
7347,2785,3.18079,3.186914628985908
7348,860,3.4459302,3.4504428329048578
7349,108,3.7407408,3.6734365390825876
7350,7,2.642857,3.4193503312897264
7351,34,3.7058823,3.6000353324980963
7352,307,3.6009772,3.590764606032385
7353,122,2.0327868,2.467459096465
7354,380,3.1157894,3.163727782493414
7355,151,3.2748344,3.337825686184328
7356,14,3.4642856,3.5141088739037514
7357,88,3.2954545,3.3797316343887993
7358,41,3.1341465,3.3505821306626875
7359,66,2.3030303,2.83106005191803
7360,4279,3.5843656,3.5837152688270297
7361,24474,4.0857234,4.084586424066161
7362,922,3.032538,3.058027723689138
7363,6,2.75,3.4446958814348494
7364,385,3.4636364,3.471041339567338
7365,245,3.7102041,3.679332135087353
7366,1243,3.063556,3.0815181922101273
7367,2104,3.0268536,3.0384878656215544
7368,38,2.7368422,3.1863974007693203
7369,784,2.2066326,2.2858548427371383
7370,16,3.21875,3.45307529333866
7371,3078,3.8525016,3.847315533539218
7372,238,3.052521,3.135079739822282
7373,6403,3.3025146,3.3042621498013327
7374,319,2.6974921,2.810035112427502
7375,606,3.1427393,3.1721082053533416
7376,845,3.0171597,3.0457015823385567
7377,374,3.552139,3.549299461661645
7378,87,2.2931035,2.743817299821951
7379,426,2.955399,3.0155524346007017
7380,1100,3.2659092,3.2773070293924085
7381,926,2.7332613,2.773978459541915
7382,392,3.739796,3.7158438263975118
7383,142,3.1725352,3.2651196097334227
7384,70,3.5857143,3.5616914431254068
7385,61,2.4508197,2.9360628192489213
7386,1770,3.631356,3.628518181842762
7387,3019,3.7941372,3.789802311918719
7388,65,3.1153846,3.294808408488398
7389,177,2.6864407,2.8718192703398313
7390,33,2.969697,3.3060598833015167
7391,94,2.7393618,3.013215104738871
7392,40,2.875,3.2378107706705728
7393,33,2.409091,3.0831683400165604
7394,211,3.4004738,3.4249155101191495
7395,393,3.3447838,3.3654695170727593
7396,507,4.0788956,4.029448873906846
7397,19,3.2105262,3.4406227201655293
7398,25,3.34,3.465372896194458
7399,40,2.6625,3.1433662838406033
7400,12,2.9166667,3.4097253276455786
7401,16,2.875,3.3697419600053267
7402,66,2.4924242,2.938818705493006
7403,31,2.080645,2.974110703409454
7404,10,2.9,3.423382838567098
7405,78,3.1410255,3.292210638523102
7406,67,3.3059702,3.4008801044561925
7407,38,2.7894738,3.2091246897524055
7408,48,3.0729167,3.305132379337233
7409,5,2.6,3.4436903433366255
7410,156,3.0192308,3.142732916526424
7411,28,2.25,3.069268837953225
7412,12,2.875,3.4016607961347027
7413,23,2.3043478,3.1425064067318016
7414,87,3.4195402,3.4591457217279142
7415,88,3.6022727,3.5753838497659434
7416,201,3.4129353,3.435868350633112
7417,82,3.0365853,3.222749746207035
7418,45,3.2777777,3.4095048904418945
7419,1375,3.846909,3.835721338840953
7420,63,2.9285715,3.1938316062488386
7422,7,3.7857144,3.5597012293966195
7423,12,3.625,3.5468220864572833
7437,191,3.094241,3.184244738574839
7438,20839,3.842723,3.8419697128446377
7439,1681,3.0160618,3.030850852864936
7440,151,3.6688743,3.6338456875056178
7441,8,2.4375,3.377637402764682
7442,201,3.1318407,3.2107687300419903
7443,17,2.735294,3.326909986894522
7444,3692,3.092091,3.097916421630305
7445,5472,3.7944992,3.792086629235455
7446,27,2.3888888,3.1286099731148065
7448,516,2.3430233,2.4477084668702034
7449,435,2.4195402,2.5338204988499275
7450,456,3.0098684,3.061073028051806
7451,5461,3.5335104,3.533460990375885
7453,238,2.287815,2.5031352837880454
7454,4179,2.7931323,2.8018214406626645
7455,38,3.3421052,3.4477609666911038
7456,117,3.5769231,3.5622932682494204
7457,62,2.701613,3.070562251976558
7458,7191,3.3188012,3.3202461185186642
7459,295,3.7101696,3.68377677599589
7460,1451,3.4986217,3.499602304626353
7461,32,3.265625,3.4256459678091655
7474,85,3.5647058,3.551133085180212
7475,59,3.3728814,3.444063969708364
7477,65,2.5076923,2.9513301849365234
7478,383,3.951697,3.9027782053650113
7479,45,3.5666666,3.5463470157824064
7480,89,3.483146,3.499301864088868
7481,1053,3.4909782,3.4926591632804973
7482,2647,3.7786174,3.773972257933088
7483,14,3.357143,3.4906714111566544
7484,490,3.8632653,3.832227693663703
7485,137,3.7664235,3.7026897534967107
7486,345,3.8318841,3.793425315543066
7487,266,3.2894738,3.32722466052333
7488,40,3.6375,3.5766996807522244
7489,202,3.8019803,3.7476308781003196
7490,48,3.4583333,3.49390781169035
7491,54,3.2962964,3.4077208913289585
7492,125,3.34,3.3937311921800886
7493,361,3.831025,3.794167768636179
7505,349,3.969914,3.914543712348269
7521,32,2.765625,3.230524016589653
7523,81,2.7839506,3.067961567230807
7528,9,3.1666667,3.472931696196734
7541,366,3.0327868,3.0923147958058577
7560,843,3.9519572,3.92822274435541
7561,106,3.462264,3.483352306561592
7562,216,3.4212964,3.4413645966608724
7563,37,3.3648648,3.458654803791265
7564,304,3.8421052,3.7977484040341136
7565,23,2.5217392,3.2109996162048757
7566,737,4.023745,3.9922529587751727
7569,2148,3.6117318,3.6098283923030223
7570,1433,3.299023,3.306744978866783
7571,53,3.2924528,3.406824935987158
7572,524,3.8969467,3.864813630173846
7573,927,3.2416396,3.256297739647794
7574,69,3.5289855,3.52859637717239
7577,169,3.8639054,3.7872282511567414
7578,81,3.7592592,3.6710150114452564
7579,520,3.6846154,3.6708823923479046
7580,110,3.6636364,3.62126861512661
7581,167,3.4371257,3.4580781492769446
7582,21,3.4761906,3.512717905178876
7583,33,3.4545455,3.498830973383892
7584,366,3.9071038,3.8615455570129247
7585,114,3.7324562,3.6701401035960126
7586,151,3.7251656,3.6761342079485235
7587,738,4.0338755,4.001780536574156
7613,102,3.2303922,3.3283090497318066
7614,567,3.4426808,3.4495996810628684
7615,101,3.539604,3.5357812461474083
7616,319,3.30721,3.337135364046588
7617,216,3.4097223,3.4319661362726888
7618,835,3.6131737,3.608365003672023
7619,657,3.8607306,3.8372036847569144
7620,192,3.8229167,3.761995804211325
7621,23,3.347826,3.471273526753465
7622,11,3.2272727,3.4738191737503303
7623,11,3.3636363,3.4984093142337485
7624,540,3.4351852,3.443055888353768
7625,48,3.0625,3.300030299595424
7626,125,2.788,2.9994456154959543
7627,19,2.7368422,3.3101879755655923
7636,193,2.8445597,2.985197471493066
7637,116,3.310345,3.3759215768561304
7638,52,3.1923077,3.356891865823783
7639,6,2.25,3.3911244528634206
7644,10,3.6,3.5400494734446206
7645,20,3.325,3.4700424330575124
7646,312,3.121795,3.1779088130972
7647,290,3.713793,3.686479266952066
7648,17,2.7058823,3.3194472932103856
7650,115,3.3521738,3.4054724664399116
7657,87,2.954023,3.163525257667486
7669,2091,3.9550455,3.9450738111537844
7675,74,3.3175676,3.402443312829541
7697,70,3.057143,3.2533581455548606
7698,961,3.6716962,3.6645924868145046
7699,16,3.09375,3.42277226303563
7700,759,4.0151515,3.985046920139798
7701,1466,2.0075035,2.057653769339609
7702,185,3.5756757,3.56554459003692
7703,38,1.6315789,2.7091246409849687
7704,205,2.502439,2.7035410544451546
7705,245,3.7836735,3.7403490947464766
7706,899,3.9427142,3.9208672792818575
7707,184,2.8342392,2.9824914117144723
7708,412,3.3555825,3.3742488080805
7713,323,3.498452,3.502420773774625
7714,285,3.6052632,3.593740271098578
7716,129,3.3410852,3.3933126233809485
7719,45,3.0777779,3.3147681386847245
7720,531,3.618644,3.6108484214841807
7723,42,2.3333333,2.982640935027081
7724,60,2.3333333,2.876390587199818
7725,241,1.966805,2.2350617520178306
7726,10,3.15,3.4650495052337646
7727,75,2.5866666,2.963223705291748
7728,578,3.7482698,3.7307371204825723
7730,118,3.3135593,3.377398607276735
7738,8,3.375,3.5069477475922683
7739,42,2.797619,3.1945975189623623
7742,96,3.25,3.3452258175366545
7743,429,3.441725,3.450736954217166
7745,262,3.6755726,3.6519326903881173
7748,401,3.851621,3.8157493465491252
7749,242,3.6818182,3.6554896749862253
7750,6,3.0,3.471481595720564
7751,12,3.375,3.4984349896830897
7752,11,2.9545455,3.424638849789979
7753,97,3.6494846,3.608183529912209
7756,246,3.6686993,3.6449425284926957
7757,711,3.5035162,3.5051287589655913
7758,37,3.2297297,3.4011835229807885
7759,251,3.8605578,3.805325500988881
7761,59,3.618644,3.577091424837025
7763,97,3.5257733,3.5265508719852994
7764,57,2.7807016,3.129934230697489
7765,6,3.5833333,3.533981587205614
7766,1059,4.070822,4.046350960692809
7767,441,4.0136056,3.9641609706606737
7768,21,2.2142856,3.139478411473019
7769,37,3.0810812,3.3379651952063902
7770,94,3.4521277,3.478492865959803
7771,386,3.78886,3.7589517459956876
7772,19,3.131579,3.418883607007455
7773,445,3.7303371,3.7099050464052143
7774,39,3.371795,3.4595839548646734
7775,34,3.3970587,3.475035309791565
7781,383,3.0195823,3.0782978738427986
7782,325,3.0446153,3.109074484507243
7783,10,3.5,3.523382822672526
7784,78,2.7948718,3.081273205578327
7785,64,3.5859375,3.5605523628101015
7786,183,3.9262295,3.840785251666548
7787,103,3.631068,3.5974050487568174
7789,113,3.2964602,3.3675028619590712
7790,162,3.2839506,3.3415234021420748
7791,313,3.3690095,3.390917193462698
7792,422,3.706161,3.687294323565596
7802,1223,3.7330334,3.7249825925969366
7808,12,2.5833333,3.345209167849633
7809,284,3.1707747,3.224260430136127
7813,25,3.08,3.3787062327067057
7814,35,3.4285715,3.487093771205229
7815,187,3.7058823,3.6683669261288543
7817,442,2.912896,2.9754125306276773
7818,63,3.2936509,3.3973714503566774
7820,478,4.0073223,3.961937564792055
7821,37,3.5135136,3.521873232962071
7822,61,3.2295082,3.363990695626886
7824,18,3.4722223,3.5132789892308853
7826,289,3.6747406,3.6531061626816923
7827,844,3.6190758,3.613985373136448
7828,15,3.1333334,3.4369687850658712
7831,334,3.8278444,3.7888098768889904
7832,199,3.8819096,3.8108553474686713
7833,273,3.8369963,3.7891732627762362
7834,495,3.8858585,3.8530329258070077
7835,158,3.727848,3.679821931398832
7836,976,3.8862705,3.8688138400369687
7837,40,2.95,3.2711441251966686
7838,5,3.1,3.489144888791171
7839,45,3.288889,3.4147681186073706
7840,376,3.6994681,3.6793497381076006
7844,319,3.778997,3.7449945654003276
7845,458,2.6899564,2.772446875497112
7846,294,2.3996599,2.563671429489934
7847,94,3.319149,3.39168734020657
7850,9,3.6111112,3.5407283023252325
7872,18,3.4444444,3.505926012992859
7878,39,3.0641026,3.3247525022270974
7879,187,3.3770053,3.408873281398403
7880,32,3.296875,3.437841089760385
7881,127,3.1496062,3.2565139000025174
7882,39,3.2307692,3.3977861404418945
7883,193,3.4585493,3.4728517561783026
7884,105,3.5857143,3.567115968273532
7885,56,3.107143,3.3056884261797057
7886,43,2.8953488,3.235515776500907
7887,21,2.3333333,3.174689685794669
7888,262,3.6145039,3.600650579501421
7889,262,3.5324428,3.5317403368460827
7890,44,3.2272727,3.387265641638573
7891,226,3.5154867,3.5177643748297207
7892,82,3.0487804,3.2303254965579873
7893,42,2.9047618,3.2435104846954346
7894,326,3.6027608,3.592827094362137
7895,265,3.6886792,3.6631840070088706
7896,201,3.5920398,3.5792947166944407
7897,143,3.56993,3.559082747741067
7898,60,3.325,3.417299747467041
7899,138,3.6449275,3.613845556340319
7900,35,2.9,3.2694467376260197
7901,32,3.0625,3.3463776751262384
7912,36,3.2777777,3.4232902970424917
7913,33,2.8939395,3.2759394300989357
7914,60,3.4583333,3.4900269508361816
7915,188,3.593085,3.579424196932496
7916,94,3.218085,3.3257150285773807
7917,40,2.8,3.204477416144477
7918,143,3.5314686,3.53058540635776
7919,143,3.874126,3.7844714056024897
7920,153,3.7843137,3.721196858166474
7921,33,2.1363637,2.9747346136943404
7922,36,3.0694444,3.336081027984619
7923,95,3.5263157,3.5269169643007476
7924,401,3.946384,3.9000065067654965
7925,969,3.9535604,3.9326819928986283
7926,608,4.0995064,4.056083354544132
7928,29,3.275862,3.435480591617053
7930,234,3.0021367,3.094728728415261
7931,13,3.2307692,3.4667137842329723
7932,433,3.8556583,3.8217453625878437
7933,212,3.5919812,3.579782358562673
7934,1180,3.7974577,3.786506544283735
7935,53,3.6320755,3.581582266150169
7936,164,3.8445122,3.770574645461323
7937,316,3.920886,3.867221196492513
7938,343,4.0451894,3.9793967606153804
7939,376,3.99867,3.9434341018748396
7940,161,3.7453415,3.693852877729877
7941,329,4.0091186,3.9456542865582067
7942,162,3.6975307,3.657561086258798
7943,451,3.921286,3.882041922586407
7944,245,3.812245,3.7640778573892884
7945,16,3.6875,3.5667116569750235
7946,49,3.2244897,3.377807718334776
7947,78,3.5576923,3.5461169369518757
7948,71,3.3732395,3.4372146701024584
7949,75,3.2266667,3.3472237682342527
7950,8,3.0625,3.4638442993164062
7951,233,3.223176,3.2770423248884115
7952,20,2.675,3.284328120095389
7954,48,2.9166667,3.228601767092335
7958,31,2.7419355,3.227197155540372
7959,71,3.2394366,3.3587022300594107
7976,292,3.1541095,3.208780517355043
7979,259,3.942085,3.875090587486341
7980,1089,3.738292,3.729063155674118
7981,1983,3.9689863,3.9581420306671564
7982,658,3.6109424,3.60508904618732
7983,658,3.737082,3.722320520271689
7984,252,3.3869047,3.4102746950869527
7985,11,3.409091,3.5066060707217357
7986,93,2.3172042,2.740580163635574
7987,72,2.9791667,3.2041227465770286
7988,126,2.579365,2.848880461671136
7989,24,2.875,3.3162563427074536
7990,236,3.3898306,3.413996463055377
7991,535,3.2411215,3.2656461336673837
7992,25,3.46,3.505372937520345
7993,86,3.2558138,3.355904112843906
7994,24,3.2291667,3.4311212333473
7995,34,3.4705882,3.504797242936634
8003,44,3.1477273,3.3500315787944386
8004,62,3.0564516,3.2669907680579593
8007,60,3.1916666,3.344572414051403
8008,364,3.3598902,3.380200508136104
8009,29,3.137931,3.384847740583782
8010,427,3.6920376,3.674849092335571
8011,413,3.846247,3.8118854490778618
8012,512,3.8310547,3.804097810249736
8013,70,3.2285714,3.3533580700556436
8014,1706,3.9958968,3.982575704948234
8015,215,3.6046512,3.590199924864859
8016,493,3.6267748,3.6176849720008244
8017,137,3.4781022,3.491459741949398
8019,618,3.3770227,3.3883278812476973
8024,88,3.1079545,3.260166416997495
8025,70,3.35,3.4241913557052612
8033,627,3.8763955,3.8506690180988397
8035,74,2.8851352,3.1443788082368913
8037,10,3.05,3.44838281472524
8039,437,3.6704805,3.6558581999439967
8040,90,3.3777778,3.4314498049872264
8041,12,2.7916667,3.385531779258482
8042,1400,3.8353572,3.824760713248417
8043,70,2.942857,3.1866913437843323
8044,267,3.857678,3.8056876290859862
8045,386,3.242228,3.2750068563933765
8055,20,2.5,3.234328133719308
8056,102,3.3088236,3.3809406255420886
8057,66,3.4924242,3.5077842227343856
8062,118,2.5169492,2.8178748346510387
8063,63,3.1904762,3.3398492800450956
8068,23,3.6086957,3.5534653630975175
8069,24,3.2291667,3.4311212333473
8070,28,3.4107144,3.485935541299673
8092,65,2.8,3.1165475327035654
8093,133,2.9924812,3.1388140610658404
8094,507,3.8224852,3.796055601572006
8095,6,2.75,3.4446958814348494
8117,305,3.685246,3.6631070325072383
8118,86,2.2732558,2.73458066407372
8119,222,3.2274776,3.282731564605937
8120,21,3.1904762,3.4282108327032814
8121,210,3.7642858,3.7188576459884644
8122,10,1.8,3.2400494813919067
8123,69,3.463768,3.4907811910164455
8124,30,3.2,3.405037134885788
8125,467,4.0,3.954357774391396
8126,159,3.5125787,3.516282233324918
8127,56,3.0982144,3.3009714630414857
8128,749,3.980641,3.9523191422186743
8129,82,2.7195122,3.025780088973768
8130,123,3.0934958,3.219092245046803
8131,623,3.7263243,3.71159438427986
8132,3225,3.91969,3.9137108020200073
8133,76,3.7171052,3.6420869902958946
8134,181,3.3701658,3.404341920629724
8136,26,2.2115386,3.0776706808491756
8137,39,2.1153846,2.909022111571237
8138,52,1.9134616,2.704931086184932
8139,26,3.0769231,3.3737232998797766
8140,51,3.4411764,3.4841877871220657
8141,23,2.6956522,3.265794123688789
8142,129,3.3488371,3.3988992182236144
8143,76,3.5986843,3.5706585475376675
8147,508,3.656496,3.6449873866146185
8148,15,3.2666667,3.4677379864912767
8149,34,3.1617646,3.3797972202301025
8153,118,3.5932202,3.5738271247772944
8154,1336,3.9352546,3.920564992775305
8157,556,3.6771584,3.6648564606216483
8158,416,3.5036058,3.506229613471952
8167,431,3.8491879,3.8158065137645063
8168,47,2.9148936,3.2309584519297805
8169,1595,3.2329154,3.2418863432747975
8183,613,3.670473,3.6597329998447883
8187,45,3.0777779,3.3147681386847245
8188,222,3.9684684,3.8875108834575203
8189,74,3.3445945,3.418572264332925
8190,126,3.5595238,3.550585061311722
8191,282,3.7712767,3.7346475971750466
8194,81,3.4876542,3.5030760328278285
8195,465,3.9301076,3.8910737870966345
8196,185,3.1243243,3.2102253995043166
8197,474,3.9240506,3.8862651513733026
8198,61,3.3934426,3.4540808093440427
8199,383,3.9007833,3.857743587559971
8201,95,3.4315789,3.464848016870433
8202,41,3.621951,3.5703622482635162
8203,20,3.525,3.5271853038242886
8206,65,3.1,3.2861127231432046
8207,1686,3.9202254,3.9089302783188185
8208,94,3.5744681,3.558353987005022
8220,19,2.631579,3.281202447587165
8221,140,3.6392858,3.6100156934637773
8222,95,3.2894738,3.3717446738275987
8224,15,3.4,3.4985072429363546
8225,557,3.343806,3.3589834055358536
8227,84,3.2083333,3.3276340498853085
8228,2644,4.0149393,4.0059029324991045
8232,61,3.647541,3.593720479054494
8235,329,3.9422493,3.8876068296407333
8236,42,3.4642856,3.4989452724871426
8237,7,3.2142856,3.4895257657034353
8239,362,3.9696133,3.916026672113289
8240,35,3.3,3.434152561075547
8241,58,2.5172415,2.985212732244421
8252,28,2.982143,3.3320893752269254
8253,884,3.8682127,3.85000320777648
8254,538,3.7537174,3.7345288140433177
8255,30,3.1833334,3.3987871408462524
8256,102,3.6960785,3.6408090811026725
8257,68,3.4632354,3.4907031786643854
8258,75,3.0533333,3.2432237243652344
8259,81,3.154321,3.2969692117385283
8260,84,3.6369047,3.5962907876541363
8261,322,3.8540373,3.8102230512967674
8262,14,3.607143,3.5453589111566544
8263,55,3.3727272,3.446694884981428
8264,277,3.8249097,3.779519732938994
8265,69,2.3550725,2.847924132307037
8266,504,3.0049603,3.0521714076238418
8267,17,3.235294,3.4537756585363133
8268,401,3.1147132,3.160538712520557
8269,36,2.3472223,3.0337555020354516
8270,223,3.7219732,3.6864578339643095
8272,53,3.2075472,3.363135634116756
8273,174,3.3764367,3.410281057868685
8275,111,3.6126127,3.586353923963464
8290,70,1.5428572,2.3700247605641684
8291,202,3.6435645,3.6206467889604115
8292,60,3.6166666,3.576390569860285
8293,28,3.107143,3.3769611700987205
8294,31,3.3225806,3.449419348328202
8295,158,3.4050634,3.434629736038355
8302,85,3.5882354,3.565947974169696
8327,357,3.812325,3.7774029352155307
8329,15,3.5333333,3.52927644436176
8330,146,3.760274,3.7010355287668655
8331,114,3.7061403,3.651847324720243
8332,105,3.6571429,3.61550304197496
8334,211,3.6018958,3.5877509007508728
8335,78,3.9038463,3.757054515182972
8336,94,3.680851,3.6277983453538685
8337,972,3.9151235,3.896186864072796
8338,374,3.8302138,3.7945823703172072
8339,10,3.8,3.57338281472524
8340,2370,3.7770042,3.771860753209138
8341,474,3.6402953,3.6295857365804776
8360,15399,3.5333464,3.5333293033376143
8361,7012,3.0329435,3.036448980653904
8362,539,3.0241187,3.0668980103801995
8363,314,2.0493631,2.252480753175505
8364,285,3.5894737,3.580307405386398
8365,113,3.4247787,3.456459892308054
8366,2220,3.6063063,3.6045828138679137
8367,118,3.2584746,3.338708159469423
8368,15155,3.7668755,3.7660901844403494
8369,636,3.0267296,3.0632696568792137
8370,1647,3.7759564,3.768652414530955
8371,3908,3.2943962,3.297347946080251
8372,1186,2.2044687,2.2580120386043414
8373,1918,2.6384254,2.6610278409671007
8374,39,3.3589745,3.4539659907308855
8375,77,3.168831,3.3102595655936895
8376,7206,3.3486679,3.349904019948272
8377,72,3.4444444,3.4787128479754337
8378,147,3.4013605,3.4335175867613197
8379,237,3.7362869,3.7000103121435184
8380,50,2.03,2.779029679298401
8381,39,3.5384614,3.5326175930794705
8382,85,2.4294116,2.8363182191495544
8383,117,2.7606838,2.9904369522711476
8384,28,2.892857,3.3000380442692685
8385,145,3.6344829,3.607194790473351
8387,890,1.7741573,1.8674499506646014
8388,32,3.1875,3.3951581629311165
8391,64,3.4296875,3.4728330645644876
8392,38,3.1052632,3.3454883206974375
8393,34,2.1029413,2.9512258654549006
8395,95,3.5631578,3.5510548969794966
8397,34,3.1323528,3.367892446972075
8398,17,3.2941177,3.4687010459045866
8399,17,2.8823528,3.3642233948209395
8400,83,3.5120482,3.518067471066812
8401,255,3.7019608,3.673452373410835
8402,35,2.8714285,3.2576819588156307
8403,28,3.0535715,3.3577303886413574
8404,332,3.686747,3.665976434477961
8405,259,3.7374518,3.7035695256538763
8407,49,3.4285715,3.4788178891846626
8410,95,3.4473684,3.475192867476365
8411,6,1.8333334,3.346481599978038
8420,13,3.5769231,3.538142382152497
8421,38,3.1710527,3.3738974061879246
8422,45,3.511111,3.520031213760376
8423,52,3.6826923,3.606891847124287
8424,28,2.9464285,3.319268825726631
8425,57,2.5526316,3.008438986038493
8426,126,3.392857,3.431266822598197
8427,38,1.8684211,2.8113973899321123
8444,21,3.4047618,3.491591084171349
8446,179,3.385475,3.4166068999527845
8447,149,2.8221476,2.9995123764977385
8448,20,3.45,3.5057567187717984
8450,16,3.1875,3.4454995357629024
8451,256,3.6054688,3.5928201613083384
8452,19,1.6578947,3.0130865107411924
8453,38,3.0131578,3.3057155392386695
8454,37,3.0675676,3.332218046846061
8455,16,3.1875,3.4454995357629024
8456,101,3.8366337,3.7344567633622527
8457,6,3.0,3.471481595720564
8458,15,3.4333334,3.506199543292706
8459,245,3.9061224,3.8420439615087996
8460,116,3.3017242,3.3698974460004325
8461,5,2.9,3.4709630879488858
8462,41,3.512195,3.5209117459726857
8463,61,3.5,3.512639363606771
8464,8609,3.5998955,3.5994806713699425
8465,12,2.7916667,3.385531779258482
8469,12,2.7916667,3.385531779258482
8477,855,3.9976609,3.971716041723009
8478,36,3.5416667,3.5337554909462154
8480,27,3.2592592,3.433804784502302
8481,82,3.5487804,3.540931557164048
8482,338,3.6642013,3.6466572038906135
8483,26,2.9615386,3.334249628217597
8484,105,3.8952382,3.7767933953192925
8485,168,3.7440476,3.694509051261692
8486,64,3.53125,3.5298506084241366
8487,130,3.2653847,3.338349872165256
8488,45,3.2444444,3.3937154318156995
8491,601,3.9950082,3.9591442637729206
8492,699,3.8297567,3.809616726772171
8493,1280,3.569922,3.568348189045612
8494,193,3.5699482,3.561329099867079
8495,165,3.3696969,3.40652535128039
8496,162,3.5154321,3.5184102485764703
8499,150,3.4566667,3.474514877796173
8500,15,2.7333333,3.34466107075031
8501,703,3.490754,3.493231013793236
8502,112,3.2901785,3.3635985527509527
8503,74,3.1486487,3.301636903516708
8504,82,3.378049,3.4348710522507178
8505,62,3.6048386,3.57056217108454
8506,53,2.7830188,3.1446890020833433
8507,1216,3.767681,3.7582171592290554
8511,111,3.7657657,3.6919438409509127
8512,313,3.3130991,3.342707994555639
8516,320,3.9796875,3.918656632706926
8518,39,3.5384614,3.5326175930794705
8519,12,2.4583333,3.3210156194625364
8520,185,3.4162161,3.440012571659494
8521,253,3.4565217,3.4683266402077755
8522,78,3.4102564,3.4562731832265854
8524,50,3.07,3.2990296602249147
8525,69,3.1666667,3.3185123936468814
8526,940,2.8787234,2.9115181306395868
8527,181,2.980663,3.099147114402804
8528,5867,3.2958071,3.297769707804982
8529,6355,3.542801,3.5426858251305133
8530,846,3.894799,3.8743336142173836
8531,1394,2.3199427,2.361775007604562
8532,411,3.4051094,3.4184445445294496
8533,5142,3.7535007,3.751329654997045
8534,140,3.4,3.4336999090094316
8535,309,3.186084,3.233712911605835
8537,105,3.0285714,3.189696534987419
8540,54,2.9537036,3.2298362117547255
8541,8,2.0,3.317292575178475
8542,866,3.9665127,3.942579640051163
8543,59,3.0338984,3.260577726801601
8544,27,3.2592592,3.433804784502302
8571,166,3.1536145,3.24029157338319
8572,45,3.3222222,3.4305575772335657
8573,181,3.660221,3.631614668544753
8574,176,3.5255682,3.526119384090457
8575,179,3.5027933,3.508309922364081
8576,442,3.4762444,3.481510195305677
8577,50,3.53,3.529029679298401
8578,215,3.0232558,3.1185017801680655
8580,438,3.905251,3.8666043418352722
8581,996,3.680723,3.6734254583573933
8582,459,3.8943355,3.8583555357395314
8583,42,3.4404762,3.488075748733852
8584,120,3.65,3.614135181202608
8585,76,3.0328948,3.22938871383667
8586,23,3.4782608,3.5123694073664
8587,60,3.0916667,3.2900270115245474
8589,538,3.7407062,3.7226239929393845
8591,426,3.1842723,3.220384379394916
8592,11,3.2272727,3.4738191737503303
8593,117,3.3504274,3.403610622097632
8594,8,3.0,3.4552236096612337
8595,68,3.514706,3.5203641552036093
8596,1026,3.6111112,3.607251880780472
8597,20,2.5,3.234328133719308
8598,78,3.1730769,3.311741914600134
8600,418,3.7679427,3.742314111473214
8601,150,3.65,3.6195149183273316
8602,128,3.7929688,3.7185560076424244
8603,18,3.1944444,3.4397495424046234
8604,852,3.5164318,3.517076352747475
8605,321,3.0654206,3.127770864738608
8606,19,3.4736843,3.513086540111597
8607,787,3.860864,3.840983127322818
8608,96,3.5052083,3.51303398445861
8609,203,3.8325124,3.772343803300217
8610,874,3.5858123,3.5826871709906176
8611,61,3.442623,3.4811078041523427
8612,116,2.987069,3.150017836007727
8613,25,2.9,3.3187062899271647
8614,794,3.2128463,3.231520041470279
8615,48,3.03125,3.2847241771464444
8616,56,3.3392856,3.428329845644393
8617,91,3.0824175,3.2404465303353382
8618,203,3.7339902,3.6932924048231524
8619,37,3.4189188,3.4816432958361747
8620,473,3.9894292,3.9453212193731595
8621,19,3.2105262,3.4406227201655293
8622,8089,3.5366547,3.5366019074549793
8623,2201,3.5047705,3.505287817879181
8624,16,3.25,3.4606510509144175
8625,24,3.5416667,3.532472584698651
8626,50,2.98,3.254029703140259
8628,15,3.2,3.452353385778574
8629,62,3.4919355,3.508062230689185
8630,13,3.6538463,3.5540154093787786
8631,79,3.2974684,3.3868447662323944
8632,14,2.4285715,3.2875464037060738
8633,1360,3.4176471,3.4215624518428287
8634,111,2.5945945,2.8844904129549582
8635,28,2.642857,3.2102944545256786
8636,16177,3.499629,3.4997166227323184
8637,12,2.5416667,3.3371446824842885
8638,3779,3.9435036,3.9380786478690673
8639,244,2.9897542,3.081302701210489
8640,2065,3.012591,3.0247769017591546
8641,6104,3.4784567,3.4788597470798934
8642,118,2.7415254,2.975612904344286
8643,835,3.151497,3.1727716047211554
8644,11431,3.4573965,3.457704245613257
8645,2106,3.838794,3.8315877173517543
8646,9,2.8888888,3.4305587946358376
8647,17,2.8235295,3.349298067946932
8648,22,2.7727273,3.297263456715478
8649,46,2.8152175,3.186489313840866
8650,133,3.8195488,3.739906916852857
8651,142,3.5316901,3.5307446171840033
8652,21,2.8333333,3.322577009738331
8653,22,2.7045455,3.2764301432503595
8654,31,2.983871,3.319789751076404
8655,49,3.1122448,3.3222521892701735
8656,487,4.0225873,3.9765418699111796
8657,59,3.3728814,3.444063969708364
8658,54,2.3796296,2.931759311602666
8659,24,3.3541667,3.4716617738878406
8660,33,3.378788,3.468710520181311
8661,204,3.4558823,3.4700903967609555
8662,86,3.4825583,3.499286609537461
8663,53,3.4150944,3.4699317598805846
8664,35,3.4142857,3.4812113818000343
8665,14940,3.8617804,3.860667259554771
8666,1610,1.8524845,1.9029535888189293
8667,284,3.4330986,3.447314248113575
8668,8,2.875,3.437982230350889
8669,46,2.7391305,3.150030960639318
8670,243,3.915638,3.8494982800792914
8671,24,3.2083333,3.4243644250405803
8672,13,3.5769231,3.538142382152497
8673,7,3.0,3.4632099887780976
8674,67,3.1044776,3.28549548295828
8675,169,3.627219,3.6045797894534455
8676,76,2.0197368,2.618277489192902
8677,48,3.0,3.2694180546974647
8678,52,3.3076923,3.4157153765360513
8679,9,3.0,3.447507955260196
8680,57,3.2017543,3.3542333295412154
8681,41,3.0487804,3.3121205214615705
8682,15,3.2666667,3.4677379864912767
8683,40,3.2625,3.410033014085558
8684,311,4.0032153,3.9374042429091856
8685,25,2.84,3.298706229527791
8686,29,3.3965516,3.4797843800315373
8687,38,2.0394738,2.885261053388769
8688,25,2.82,3.2920395692189532
8689,96,3.4270833,3.4616641214449113
8690,627,3.6858053,3.674154956372485
8691,14,3.107143,3.4359839111566544
8692,47,3.2340426,3.3855976665142884
8693,20,2.775,3.312899589538574
8694,31,3.7258065,3.6037403713037937
8695,186,3.532258,3.5313684899928206
8696,35,3.1142857,3.3576819896698
8697,16,3.34375,3.4833783236416904
8698,60,3.175,3.3354815136302602
8699,6,3.75,3.5518387385777066
8700,83,3.3674698,3.4278418175259926
8701,96,2.1822917,2.6431710752722335
8702,44,2.9431818,3.254286877652432
8703,28,2.8214285,3.2743970308548365
8704,16,2.34375,3.2409540812174478
8705,27,2.5925925,3.2000385228689616
8706,12,2.5833333,3.345209167849633
8709,67,2.9552238,3.2000253322796945
8710,132,3.5795455,3.565400961991195
8711,372,3.7002687,3.679864793027182
8712,297,3.8198652,3.777818275803448
8713,151,2.8874173,3.046781015633351
8714,42,3.142857,3.352206157601398
8715,22,3.3863637,3.4847634964519076
8716,27,3.2407408,3.427311302779557
8718,119,3.684874,3.6384791848222178
8719,21,2.8809524,3.3366615335706253
8720,161,2.4565217,2.710440620991856
8721,28,3.0357144,3.3513201566842885
8722,57,2.2894738,2.868252096889175
8723,12,2.7916667,3.385531779258482
8724,255,3.8745098,3.817714659894099
8725,97,3.371134,3.424510010245706
8726,122,3.512295,3.516877676165381
8727,88,3.2556818,3.3543693017268525
8728,27,2.7962964,3.2714671562244364
8729,35,3.0285714,3.3223878495833454
8730,135,3.5222223,3.523799876908998
8731,257,3.2081711,3.2602701940443306
8732,100,3.585,3.566019821166992
8733,58,2.974138,3.2305830981996326
8734,30,3.0333333,3.3425371050834656
8735,24,3.0833333,3.3838238845000395
8736,28,3.4464285,3.498756005213811
8738,208,3.7788463,3.7302441560020743
8739,156,3.8076923,3.739820225724896
8740,104,3.6730769,3.625993270378608
8741,17,2.4705882,3.2597458042315584
8742,20,2.375,3.198613848005022
8743,39,2.871795,3.240482831269168
8744,32,3.140625,3.3768654800042874
8745,43,3.1046512,3.3322900161948255
8746,55,2.7818182,3.137171120870681
8747,42,1.6428572,2.667423603327378
8748,50,3.36,3.4440296411514284
8749,65,3.6384616,3.5904606321583623
8750,15,2.9,3.383122627551739
8751,208,3.7331731,3.693422406218773
8752,131,3.7862597,3.714933611411416
8753,99,3.4949496,3.5060602530537035
8754,355,3.871831,3.8293900077725636
8755,73,3.7123287,3.6374224589122988
8756,22,3.0681818,3.387541221247779
8757,36,3.5416667,3.5337554909462154
8758,40,3.125,3.348921881781684
8759,17,3.6176472,3.550790615935824
8760,45,2.3555555,2.972662825333445
8761,77,3.409091,3.4559289451659194
8762,39,3.2692308,3.414640137318815
8763,14,3.0714285,3.4281713888049126
8764,6,2.75,3.4446958814348494
8765,204,3.7696078,3.7220588856794703
8766,29,3.2586207,3.429151528998266
8767,158,3.7183545,3.6726104548344245
8768,111,3.6486487,3.6111986296517506
8769,45,2.9666667,3.2621365346406637
8770,32,2.34375,3.06588987024819
8771,32,3.296875,3.437841089760385
8772,477,3.9025156,3.8669884901571545
8773,120,3.3958333,3.4347232930800495
8774,46,2.902174,3.2281559705734253
8775,33,3.4545455,3.498830973383892
8776,16,2.46875,3.271257111520478
8777,26,3.5576923,3.5381969589936104
8778,64,3.171875,3.3280962224592243
8779,112,3.25,3.3358207985206887
8780,47,3.2234042,3.3804429413117085
8781,2524,3.3643026,3.367483613281724
8782,225,2.2644444,2.4941925395618787
8783,5067,3.240971,3.2437763287728947
8784,9493,3.7875803,3.7862205070406465
8785,129,3.9418604,3.826273551866329
8786,120,3.8333333,3.743546822491814
8787,69,3.0724638,3.2638904888088964
8788,34,3.235294,3.4095591533751715
8789,29,2.7413793,3.239278075061267
8790,20,3.2,3.434328147343227
8792,28,2.3214285,3.094909851367657
8793,48,3.1875,3.3612547893913423
8794,29,3.689655,3.587379319758355
8795,157,3.512739,3.516439533463999
8796,393,3.624682,3.613776468531004
8797,179,3.8407822,3.7725020829246554
8798,8301,3.6944947,3.693498224830102
8799,306,2.6552289,2.7778174113691523
8800,506,3.2243083,3.2516240018734828
8801,51,3.3431373,3.434682869675136
8802,8,3.0625,3.4638442993164062
8803,34,3.4117646,3.480987696420579
8804,37,3.6216216,3.5678502170518898
8805,107,3.266355,3.349700371930554
8806,7,2.857143,3.445666137494539
8807,3835,3.4629726,3.463810308252676
8808,1117,2.924351,2.950216804290288
8809,300,3.5533333,3.549722726004464
8810,3891,2.6324852,2.643847422743775
8811,232,1.4849138,1.8471736772686032
8812,17,2.8529413,3.356760761631069
8813,253,3.2312253,3.2802077826887075
8814,758,2.8278365,2.8711671368910534
8815,548,2.3512774,2.4496704981877255
8816,34,2.764706,3.2190829742522467
8817,16,2.65625,3.3167116569750235
8818,45,2.6555555,3.114768065904316
8819,26,2.3461537,3.1237232434122184
8820,29,2.689655,3.2202907121634183
8821,36,2.4027777,3.05701122727505
8822,40,2.45,3.0489219029744468
8823,52,2.5096154,3.008852659487257
8824,15,3.5,3.5215841440054088
8825,32,2.296875,3.0475971873213603
8826,54,3.4722223,3.4990670680999756
8827,1098,3.8652096,3.8505253376445703
8828,33,3.3636363,3.462686334747866
8829,33,2.2272727,3.0108791575374374
8830,555,1.8711711,2.0081040317362007
8831,331,2.858006,2.9459395158322152
8832,125,3.396,3.433731188092913
8833,549,3.165756,3.1959983410938753
8834,34,2.235294,3.004797248613267
8835,185,2.6351352,2.8251190489911018
8836,531,3.2467043,3.2709173388817634
8837,21,2.8333333,3.322577009738331
8838,530,3.7066038,3.69121200873934
8839,90,1.7722223,2.399306961468288
8840,83,3.246988,3.3526539712920225
8841,99,3.2020202,3.311429302164372
8842,10,1.9,3.2567161520322165
8843,30,2.45,3.123787134885788
8844,109,3.733945,3.669201023173782
8845,24,3.4583333,3.5054455061216614
8846,72,2.8125,3.105762043937308
8847,48,1.7708334,2.6673772578336754
8848,218,3.853211,3.7925483255244012
8849,65,2.376923,2.8774171290190322
8850,80,2.81875,3.091561244084285
8851,66,3.6818182,3.615542876309362
8852,57,3.368421,3.4430184186061967
8853,15,3.0,3.4061995286207933
8854,92,2.9619565,3.1612885031901614
8855,104,2.5480769,2.8662530106383484
8856,22,1.8181819,3.0055968132283954
8857,20,3.35,3.4771852493286133
8858,28,2.4464285,3.139781646239452
8859,193,0.87564766,1.4214113931106442
8860,1369,3.074507,3.0904884071229124
8861,2755,3.0068965,3.0161863869311762
8862,220,3.3568182,3.3885295302779586
8864,320,2.646875,2.7659538887642525
8865,3120,3.0480769,3.0556475702520425
8866,1269,3.1938534,3.2065222944790346
8867,55,2.4727273,2.97526638848441
8868,109,2.8440366,3.059138091105335
8869,344,2.610465,2.7269110316552485
8870,1242,2.8900967,2.914785624288553
8871,63,2.7539682,3.09648644607679
8872,187,2.78877,2.9447381939063093
8873,4051,3.8604047,3.8563527261533554
8874,13325,3.8983865,3.897002078083074
8875,86,3.610465,3.5801688502816593
8876,13,2.7307692,3.363539181058369
8877,8,3.125,3.472464988971579
8878,25,2.54,3.1987062454223634
8879,1072,3.7140858,3.70579586947028
8880,1283,3.3671083,3.3731455184066554
8881,42,3.1547618,3.3576409194780434
8882,118,3.3516948,3.4041842761493863
8883,16,2.71875,3.331863172126539
8884,333,3.0285285,3.0937413677534296
8885,84,3.017857,3.208231071927654
8886,70,2.4071429,2.874191423257192
8887,32,2.859375,3.2671093824433117
8889,35,2.6285715,3.1576820261338177
8890,20,2.075,3.1128995759146556
8891,37,2.9729729,3.2919881097201644
8892,41,2.317073,2.982450183931288
8893,65,2.4923077,2.9426344995913296
8894,190,2.3894737,2.6266790330410004
8895,25,3.18,3.412039613723755
8896,37,3.054054,3.3264708984857316
8897,19,3.3157895,3.469608248143956
8898,48,3.3020833,3.417377199445452
8899,106,3.231132,3.3263010550767946
8900,49,3.2142856,3.3727572156925394
8901,24,3.375,3.478418504869616
8902,40,2.55,3.0933663050333657
8903,84,2.2857144,2.7492759548016448
8904,13,1.5,3.1095709422278026
8905,375,3.0706666,3.124477473427268
8906,447,3.1107383,3.1527222925028813
8907,2145,2.8333333,2.8491584505198486
8908,782,3.2154732,3.234258404144874
8910,3471,3.5808125,3.5800633337036585
8911,233,3.0751073,3.1551342002073364
8912,584,2.4657533,2.5495313981354046
8913,57,3.2807016,3.3962893708844053
8914,3077,3.838154,3.833195735823433
8915,267,3.5861423,3.576980958601654
8916,817,3.2258263,3.243256086021696
8917,4863,3.478614,3.4791173006593876
8918,224,3.377232,3.404755306940009
8919,204,3.14951,3.2240275210282934
8920,108,3.7361112,3.670271994192389
8921,65,3.4615386,3.4904606549636177
8922,66,3.0454545,3.2534738491321433
8923,237,3.5379746,3.536247207727997
8924,65,3.3,3.3991562283557393
8925,12,3.375,3.4984349896830897
8926,26,3.2692308,3.4395127798381604
8927,100,2.78,3.029353109995524
8928,370,3.3905406,3.406911884035383
8929,89,3.1741574,3.3014602609675565
8930,308,3.8181818,3.777661869645785
8931,118,3.3644068,3.413112944080716
8932,85,2.7235293,3.0215034308256925
8933,205,3.6365855,3.6153058491501153
8934,161,2.4378881,2.6962225629255103
8935,52,2.7211537,3.1166957219441733
8936,19,3.6842105,3.5710575304169585
8937,1344,3.5584078,3.557319247055601
8938,176,3.4630682,3.477446817718776
8939,615,3.1804879,3.206621067864554
8940,7,2.642857,3.4193503312897264
8941,81,2.5987654,2.9534577449769466
8942,7,3.2857144,3.4982977206246897
8943,389,3.5321336,3.531669548269285
8944,15,2.7666667,3.3523533711066613
8946,219,2.502283,2.6929478343977804
8947,1969,2.809294,2.8270940200830226
8948,1103,2.9270172,2.953081486644894
8949,7515,3.6832335,3.6822078940258542
8950,6140,3.8227198,3.8203396797180176
8951,748,3.7573528,3.742986071976205
8952,24,3.0625,3.377067153518264
8953,9,2.8333333,3.422084214323658
8954,31,3.6935484,3.591394704065205
8955,187,3.433155,3.453177069812887
8956,135,3.162963,3.2616376361331425
8957,6339,3.3782141,3.379386802554821
8958,4106,3.800414,3.7971374407998635
8959,461,2.9739697,3.028185910208118
8960,17,3.0588236,3.4089995569257594
8961,21896,3.877626,3.8768295179273373
8962,26,3.2692308,3.4395127798381604
8963,105,2.5333333,2.854212684016074
8964,40,2.775,3.193366368611654
8965,1964,3.1094704,3.119862349054664
8966,1807,3.5780299,3.57668440831112
8967,327,2.1850152,2.363137772608183
8968,772,3.1016839,3.1276191064041026
8969,2360,2.9836864,2.994980491543212
8970,6774,3.7494094,3.7477875874581956
8971,66,3.4545455,3.4862325191497803
8972,5848,3.380643,3.3818926069040387
8973,1508,3.8166447,3.807383266737893
8974,862,3.0423434,3.0689725452347805
8975,5,2.6,3.4436903433366255
8976,9,3.1666667,3.472931696196734
8977,1752,2.5659246,2.5926209469878847
8978,412,2.2900486,2.4240324507544053
8979,59,3.5169492,3.5220456035858994
8980,56,3.3035715,3.409461993091511
8981,3798,3.6071618,3.6061339228415936
8982,206,3.7135923,3.677355395630002
8983,4074,3.7373588,3.734821230664517
8984,6902,3.2915096,3.2932109355377794
8985,2419,2.9497726,2.9614835479762593
8986,78,2.9935896,3.2023668847978115
8987,90,3.3111112,3.38859270300184
8988,73,2.69863,3.0357964736659353
8989,183,3.581967,3.5703989333860866
8990,30,2.8166666,3.2612870931625366
8991,54,2.9722223,3.239451683484591
8992,31,2.6290324,3.1839873202053117
8993,38,2.8552632,3.237533775242892
8994,62,3.080645,3.2803836124283925
8995,27,2.5555556,3.1870515594234714
8996,35,2.942857,3.2870937094968906
8997,21,2.4761906,3.216943257291552
8998,341,3.86217,3.819444841131225
8999,175,3.6514285,3.6240131113264296
9000,99,3.5505052,3.5429730223329274
9001,50,2.9,3.2140297412872316
9002,48,2.9895833,3.264315974955656
9003,26,2.6153846,3.215828531666806
9004,339,2.8156343,2.9072056049552857
9005,316,3.0759494,3.13771308575823
9006,8,3.125,3.472464988971579
9007,13,3.1923077,3.4587772952185736
9008,47,3.0106382,3.277350170096171
9009,9,2.6111112,3.3881859294438765
9010,735,3.8482993,3.8279018204682953
9011,70,3.6785715,3.6158580978711448
9012,6,3.25,3.4982673100062778
9013,60,3.65,3.594572500749068
9014,43,3.5813954,3.552720118594426
9015,25,2.74,3.2653729279836017
9016,11,1.6818181,3.1951306354804117
9017,26,2.5384614,3.189512723370602
9018,645,3.824031,3.802738184551541
9019,18,2.1111112,3.152984857559204
25735,11,3.2727273,3.482015887244803
25736,38,3.1052632,3.3454883206974375
25737,56,3.375,3.44719782415426
25738,57,3.5526316,3.541149266412325
25739,13,3.1153846,3.4429042679922923
25741,63,3.6349206,3.587636875895272
25742,25,3.5,3.5187062581380206
25743,10,2.7,3.3900494972864785
25744,87,3.5574713,3.5467370095914297
25746,77,3.3701298,3.432306817197424
25747,6,3.3333333,3.5071958729199
25748,15,3.4666667,3.5138918436490574
25749,5,3.3,3.5073267113078725
25750,435,3.9195402,3.8791813235921957
25751,29,3.6551723,3.574721107000037
25752,101,3.59901,3.575516413379189
25753,175,3.86,3.7862353377872044
25755,192,3.4947917,3.501665225698928
25757,96,3.0104167,3.187691623217439
25759,47,3.6170213,3.5711646547022555
25762,69,3.5652175,3.5496048446462938
25763,174,3.9051723,3.8209953478404453
25764,168,3.827381,3.758729173502791
25765,27,3.3888888,3.479259323764157
25766,88,3.6988637,3.636978107949962
25767,25,3.46,3.505372937520345
25768,6,3.5,3.525053024291992
25769,304,3.899671,3.847183550818492
25770,11,3.590909,3.539392924699627
25771,774,3.8081396,3.791144406332553
25773,198,3.618687,3.6004152355655545
25774,183,3.5628414,3.5553774608562945
25775,15,3.4,3.4985072429363546
25777,381,3.8963253,3.853603080364502
25778,18,3.3611112,3.4838672105003807
25782,57,3.6052632,3.5691866696437944
25783,17,3.1176472,3.4239249442940327
25785,25,3.48,3.5120395978291827
25786,46,3.4891305,3.509405960639318
25788,727,3.7881706,3.771432404352431
25789,53,3.6886792,3.610708426503302
25792,47,3.8085105,3.663948091035037
25793,180,3.661111,3.6321868274522866
25794,5,3.0,3.4800539883700283
25795,123,3.6422765,3.6092657918874926
25796,9,2.7222223,3.405135090068235
25797,80,3.63125,3.591561244084285
25798,59,3.3474576,3.430302482132518
25800,18,3.5833333,3.5426907048505893
25801,45,3.1444445,3.3463470559371147
25802,46,2.6413043,3.103155886133512
25803,9,2.6111112,3.3881859294438765
25804,9,3.5,3.523779141700874
25805,272,3.9319854,3.869263951082407
25806,9,3.3888888,3.5068299810765153
25807,59,3.20339,3.3523208482549824
25808,24,3.5208333,3.5257157763919316
25810,18,2.8055556,3.336808379958658
25811,18,3.5277777,3.527984815485337
25812,42,3.547619,3.5369888233101885
25814,6,3.5,3.525053024291992
25818,50,3.67,3.5990297317504885
25819,28,2.9285715,3.3128585937695627
25820,30,3.2,3.405037134885788
25822,30,2.8333333,3.267537087202072
25824,19,3.5,3.5203328892804575
25825,160,3.796875,3.7328712826683406
25826,163,3.8711658,3.790624352128293
25827,382,3.7643979,3.7370438697161497
25828,204,3.6446078,3.621665184892069
25829,9,1.3333334,3.1932706731860923
25830,38,3.631579,3.5727610046213325
25831,19,3.6052632,3.5493184172588848
25832,11,3.5454545,3.5311962112051543
25833,104,3.7355769,3.6682010625864003
25834,131,3.7557251,3.692834051933078
25835,86,3.4767442,3.495610061813803
25837,9,3.5555556,3.532253722013053
25839,108,3.7638888,3.68925926353358
25840,54,3.5833333,3.5567592795078573
25841,145,3.8827586,3.7918100968385353
25842,71,3.4295774,3.4702724070588418
25846,11,3.8181818,3.5803765351655055
25850,413,3.9188862,3.8766802670373774
25852,81,3.7160494,3.6442975069730337
25854,15,2.8666666,3.3754302721757155
25855,182,3.6923077,3.6569093650784987
25856,277,3.6895306,3.6648408214615755
25858,15,3.7333333,3.5754303015195408
25859,25,3.58,3.545372899373372
25860,14,3.4642856,3.5141088739037514
25861,15,3.1333334,3.4369687850658712
25864,6,4.0,3.5786244528634206
25865,168,3.7470238,3.6968026204940374
25866,138,3.673913,3.635122147012264
25868,192,3.7994792,3.743400762889011
25869,21,3.3095238,3.4634221070249316
25870,132,3.6818182,3.6395768018869252
25872,5,3.1,3.489144888791171
25874,21,3.2857144,3.4563798803678702
25875,14,2.9642856,3.4047338739037514
25878,21,3.2142856,3.4352530593603428
25879,21,3.4047618,3.491591084171349
25881,15,3.4333334,3.506199543292706
25882,9,3.5,3.523779141700874
25884,5,3.3,3.5073267113078725
25886,140,3.807143,3.733699924067447
25887,7,3.4285715,3.5158415719082483
25888,30,3.3,3.442537099123001
25890,9,3.2222223,3.4814062765089133
25891,206,3.5533981,3.548449158668518
25893,70,3.5,3.511691411336263
25894,9,3.7222223,3.557677462949591
25898,157,3.8566878,3.777308944342793
25899,49,3.3163266,3.4232623601200607
25900,61,3.3688524,3.440567246428481
25901,107,3.7056074,3.6490634565900084
25902,13,3.3461537,3.4905233004736522
25903,25,3.4,3.485372956593831
25904,92,3.4945652,3.5063589593054543
25905,77,3.7077923,3.6370312998613974
25906,44,3.4545455,3.493648630507449
25907,5,2.4,3.4255085424943403
25908,41,3.2439024,3.400032632953518
25911,133,3.7142856,3.663404129893402
25912,9,3.3888888,3.5068299810765153
25913,30,3.0333333,3.3425371050834656
25914,63,3.4682539,3.494716477605094
25915,10,3.65,3.548382838567098
25916,100,3.32,3.389353084564209
25918,89,3.6966293,3.6359926316377926
25919,7,3.142857,3.4807538400616562
25920,46,3.4891305,3.509405960639318
25921,9,3.3888888,3.5068299810765153
25922,11,3.5,3.5229994977106815
25923,419,3.781623,3.7545905306395184
25924,34,3.485294,3.5107496295656477
25926,30,3.65,3.5737871527671814
25927,245,3.6959183,3.6674676547616216
25929,101,3.6732674,3.625185252814893
25930,109,3.798165,3.71322618490495
25931,29,3.1724138,3.3975059533420997
25932,8,2.875,3.437982230350889
25934,53,3.2924528,3.406824935987158
25936,5,2.9,3.4709630879488858
25937,183,3.6612022,3.632630774903195
25938,189,3.6137567,3.595828357600767
25940,399,3.8258145,3.7926569022155285
25941,90,3.838889,3.72787834916796
25942,17,3.2058823,3.4463129648521766
25943,118,3.6398306,3.6065653505779447
25944,25,3.54,3.5320395787556964
25945,87,3.6436782,3.6014815455805644
25946,57,3.2105262,3.358906208911789
25947,116,3.685345,3.637969769627215
25948,19,3.3157895,3.469608248143956
25950,25,3.28,3.4453729152679444
25951,35,3.5714285,3.545917272567749
25952,150,3.7166667,3.669514870643616
25954,214,3.9345794,3.857586950966806
25956,10,3.35,3.498382806777954
25959,47,2.9893618,3.2670409507358196
25960,33,3.530303,3.528951426586473
25961,95,3.694737,3.637261933293836
25962,86,3.2674417,3.3632570575265324
25963,179,3.9553072,3.862021686728865
25964,24,3.5416667,3.532472584698651
25965,24,3.6666667,3.573013125239192
25966,15,3.7,3.5677380011631894
25971,168,3.4136906,3.439921947794223
25972,31,3.3548386,3.4617650155667907
25974,17,3.235294,3.4537756585363133
25975,38,3.7631578,3.629579175602306
25976,18,3.2777777,3.461808344897102
25977,73,3.2671232,3.373194834081138
25979,5,3.0,3.4800539883700283
25980,14,4.107143,3.6547339111566544
25984,6,3.5833333,3.533981587205614
25986,21,3.3333333,3.470464333681993
25987,17,4.1764708,3.692581674945888
25989,13,3.5,3.522269354926215
25990,15,3.6,3.544661045074463
25991,18,3.2222223,3.44710251864265
25993,96,3.40625,3.447965543564052
25994,18,3.6111112,3.550043681088616
25995,151,3.7649007,3.705984938797073
25996,162,3.6790123,3.643410196844137
25998,25,2.86,3.305372889836629
25999,212,3.5424528,3.539705975365093
26000,6,3.0,3.471481595720564
26001,10,3.45,3.5150494972864785
26002,89,3.6348314,3.5964242194196303
26003,335,3.9925373,3.9322154583869042
26005,89,3.735955,3.661172405421305
26006,10,3.1,3.4567161401112876
26007,307,3.7768729,3.7420250461215065
26008,5,2.2,3.407326719977639
26009,39,3.7564104,3.6281232967805326
26010,48,3.21875,3.376560911840322
26012,97,3.726804,3.6592038034581815
26013,18,3.0,3.3882789611816406
26019,12,2.9583333,3.4177898130109234
26021,40,2.85,3.226699617173937
26022,12,2.7916667,3.385531779258482
26025,60,3.4416666,3.480936050415039
26027,8,2.6875,3.4121201613853716
26028,5,2.9,3.4709630879488858
26030,8,3.0625,3.4638442993164062
26033,7,3.4285715,3.5158415719082483
26034,13,3.5769231,3.538142382152497
26038,67,3.5298507,3.5290851939437737
26043,60,3.1916666,3.344572414051403
26044,7,3.0714285,3.4719819144198767
26047,7,2.0,3.340402971234238
26048,62,3.9435484,3.758062256234033
26049,38,3.7763157,3.635260972109708
26051,52,3.7019231,3.616695806091907
26052,270,3.8314815,3.784071758389473
26055,138,3.7934783,3.7228881272863834
26056,17,3.3529413,3.48362643327286
26059,34,3.6617646,3.582178172611055
26062,16,3.25,3.4606510509144175
26064,204,3.9215686,3.8441061823386846
26066,5,3.2,3.49823581088673
26067,16,2.875,3.3697419600053267
26068,23,3.3695652,3.4781228777480453
26070,24,3.875,3.6405806670317777
26072,19,3.631579,3.556564766427745
26073,59,3.957627,3.760577667743788
26074,14,2.8214285,3.3734838888049126
26076,10,3.35,3.498382806777954
26078,165,3.790909,3.729781222897907
26079,17,3.6470587,3.558253249125694
26080,26,1.6730769,2.8934601043400012
26082,457,4.0754924,4.02150490721302
26083,84,3.7261906,3.652261022311538
26084,707,3.7425742,3.72840546805761
26085,294,3.6003401,3.589834206326063
26090,41,3.9268293,3.7077249694656538
26093,12,3.5,3.5226285380701863
26094,241,3.9626555,3.8879826650586735
26095,18,3.2222223,3.44710251864265
26096,32,3.234375,3.413450845857946
26098,9,2.2222223,3.3288639036275574
26099,8,2.4375,3.377637402764682
26100,9,3.5555556,3.532253722013053
26101,187,3.606952,3.5903079509735107
26104,15,3.6666667,3.560045700806838
26106,14,2.892857,3.389108881354332
26107,23,3.4347825,3.4986707804954214
26108,7,2.642857,3.4193503312897264
26109,35,3.857143,3.6635643734651455
26110,19,3.4736843,3.513086540111597
26111,359,3.9233983,3.87506832120471
26112,18,3.1388888,3.425043653039371
26113,57,3.6578948,3.5972240728752634
26116,186,3.580645,3.569504046844224
26117,67,3.2910447,3.392333034776215
26119,89,3.713483,3.646783919643155
26122,207,3.8623188,3.7972877489453625
26123,48,3.0,3.2694180546974647
26124,90,3.0333333,3.2100211892809187
26125,20,3.375,3.484328133719308
26127,6,3.0,3.471481595720564
26128,41,3.4756098,3.5044282452090756
26131,1256,4.048965,4.029022190508762
26133,1066,3.8208256,3.8077088120163127
26134,87,3.2183907,3.3314084710865997
26136,15,2.8666666,3.3754302721757155
26137,9,2.6666667,3.396660509756056
26138,75,3.5,3.5112237548828125
26139,80,3.4375,3.472330533541166
26140,7,2.9285715,3.454438063136318
26141,31,3.387097,3.474110774051996
26142,28,3.1785715,3.402602183513152
26144,37,3.2567568,3.4126778197014467
26146,16,3.3125,3.4758025660659326
26147,71,3.7323945,3.6479584776665552
26148,177,3.7372882,3.6912025869680396
26150,649,4.0539293,4.016313453259556
26151,263,3.7775664,3.7377090774024255
26152,742,3.1812668,3.2031602570504853
26153,32,3.296875,3.437841089760385
26155,66,3.2954545,3.395715228442488
26156,8,2.9375,3.4466029200060615
26157,72,1.9097222,2.5729751508744036
26158,165,3.8363636,3.7646649105604304
26159,72,3.6736112,3.6139587965167936
26160,47,3.3723404,3.4526079389237867
26163,239,3.8451884,3.790321771661303
26164,41,3.597561,3.5593732477544426
26167,13,3.6923077,3.561951898393177
26169,75,3.6466668,3.59922381401062
26170,83,3.5060241,3.5143080564369833
26171,292,3.9178083,3.860827459926494
26172,361,3.6869807,3.6676472283337818
26174,48,3.1666667,3.3510507466841717
26175,12,3.4166667,3.5064995211939656
26176,48,3.6979167,3.6112548283168246
26177,9,3.2222223,3.4814062765089133
26178,147,3.6020408,3.5832637675522547
26180,14,3.2857144,3.475046418607235
26181,100,3.215,3.3193530718485516
26183,92,3.576087,3.5591758674299214
26184,51,3.8431373,3.687158117199888
26185,21,3.0952382,3.4000418555568643
26187,67,3.3208954,3.4094270376058726
26188,36,3.7916667,3.638406653736913
26189,38,3.0394738,3.317079235206951
26191,18,3.5,3.520631902358111
26194,6,3.4166667,3.51612446137837
26195,33,3.1969697,3.396421337702188
26197,17,3.6176472,3.550790615935824
26198,164,3.4115853,3.438798895506101
26199,130,3.1615384,3.263349758254157
26203,245,3.5020409,3.5064507823879434
26204,31,3.3709676,3.467937849186085
26205,24,3.2708333,3.4446346953108504
26206,11,2.909091,3.4164421362955064
26207,14,3.392857,3.498483881354332
26208,137,3.839416,3.7561655886033
26209,6,2.6666667,3.435767318521227
26210,11,2.6363637,3.367261812335155
26211,20,3.275,3.455756732395717
26213,19,3.368421,3.48410101213317
26214,7,2.142857,3.3579468225177966
26215,7,2.857143,3.445666137494539
26219,39,3.371795,3.4595839548646734
26220,12,2.875,3.4016607961347027
26222,93,3.5376344,3.5342864756817582
26225,87,3.7011495,3.6379779029066546
26226,46,3.0434783,3.295864259203275
26228,51,3.6568627,3.593098701816974
26229,13,2.8461537,3.387348697299049
26230,74,3.141892,3.297604630070348
26231,139,3.6726618,3.634407179696219
26235,8,3.1875,3.481085678626751
26236,36,3.6805556,3.5918950036514636
26237,115,3.4173913,3.4509270841425117
26240,142,3.4683099,3.4838696469863257
26241,117,3.5726495,3.559299152054473
26242,970,3.7128866,3.7038264157725314
26245,34,3.3970587,3.475035309791565
26246,172,3.6831396,3.6482115951744287
26247,10,3.15,3.4650495052337646
26248,30,3.2166667,3.4112871289253235
26249,172,3.4680233,3.481544941395253
26251,32,3.484375,3.511011821467702
26252,58,3.5689654,3.5500274499257407
26253,29,3.362069,3.4671261672732197
26256,40,3.3375,3.443366368611654
26257,38,2.8026316,3.2148064862598074
26258,393,3.816794,3.7842053710472503
26259,31,3.8548386,3.6531230402581487
26265,51,3.2941177,3.409930410951671
26266,9,2.6666667,3.396660509756056
26268,61,3.4262295,3.472098805882909
26269,133,3.699248,3.6524752098354485
26270,95,3.694737,3.637261933293836
26271,90,3.6166666,3.585021138191223
26274,7,2.9285715,3.454438063136318
26277,36,3.3055556,3.4349182594654173
26280,81,3.5370371,3.5336105131920967
26282,45,3.7666667,3.641083880474693
26283,154,3.6136363,3.5926615327012303
26285,407,3.433661,3.443989036902296
26288,25,3.12,3.3920395533243815
26289,48,3.25,3.3918670342893016
26290,8,2.6875,3.4121201613853716
26291,10,3.75,3.565049489339193
26294,255,3.545098,3.5423048402442308
26295,8,2.3125,3.3603960234543373
26297,12,3.2916667,3.482305972806869
26299,57,3.245614,3.377597853402111
26301,51,3.3235295,3.4247819102636656
26302,146,3.619863,3.5964437358233394
26303,171,3.365497,3.402275907507849
26306,100,3.57,3.5560197512308758
26307,16,3.1875,3.4454995357629024
26308,21,3.2857144,3.4563798803678702
26309,18,3.1388888,3.425043653039371
26312,8,3.25,3.4897063682819236
26313,127,3.6614172,3.6237455343796037
26314,21,2.6190476,3.2591967582702637
26315,8,3.6875,3.5500511958681304
26316,14,2.6785715,3.3422339037060738
26317,82,2.75,3.0447194648511484
26318,137,3.9051094,3.80429389260032
26320,34,2.8970587,3.2726543574106124
26321,21,3.4761906,3.512717905178876
26322,143,3.2587411,3.3285127069048315
26323,32,2.953125,3.3036947482969703
26324,75,3.62,3.5832236862182616
26325,71,3.8239436,3.7016774051445576
26326,426,3.9061034,3.8663928699092707
26327,22,3.0,3.3667079077826605
26333,22,2.7727273,3.297263456715478
26334,35,3.6714287,3.587093802059398
26336,75,3.02,3.2232237434387208
26338,19,3.2105262,3.4406227201655293
26339,18,3.2777777,3.461808344897102
26340,139,3.7697842,3.705835845735338
26341,27,2.7222223,3.2454931457321363
26342,55,3.7272727,3.632409243356614
26343,12,3.1666667,3.458112424419772
26344,82,3.317073,3.396992152387446
26345,39,3.1410255,3.3584602870298235
26346,36,3.625,3.568639178608739
26347,103,3.8349514,3.7346598930608215
26349,211,3.6018958,3.5877509007508728
26350,322,3.8881989,3.8397930104245424
26354,7,2.857143,3.445666137494539
26356,24,2.5833333,3.2216617223378776
26359,249,3.626506,3.610043430806801
26360,71,3.7323945,3.6479584776665552
26362,5,2.9,3.4709630879488858
26364,19,3.3157895,3.469608248143956
26365,63,3.015873,3.242504119873047
26366,167,4.008982,3.898170477783625
26368,8,4.0,3.5931546441439925
26369,10,3.2,3.473382830619812
26370,18,3.0833333,3.410337763674119
26371,80,3.0125,3.2107921013465295
26372,10,3.45,3.5150494972864785
26375,514,3.4815176,3.4856436024320887
26377,8,2.9375,3.4466029200060615
26378,29,3.0517242,3.3532021649276156
26379,70,3.692857,3.6241913437843323
26380,34,2.7058823,3.1952734277361916
26383,56,3.125,3.3151223524561466
26386,363,3.4049587,3.4198619528486423
26387,18,3.3611112,3.4838672105003807
26388,42,3.202381,3.3793800758278887
26389,5,3.5,3.5255085338245737
26391,144,3.2118056,3.2933142947167466
26392,13,3.4230769,3.506396327699934
26393,101,3.6237624,3.5920726400337473
26394,104,3.4807692,3.496123128123098
26395,100,3.58,3.5626864115397137
26398,316,3.265823,3.301647545861416
26399,57,3.4824562,3.5037661044397086
26400,164,3.7957318,3.733191503542606
26401,7,3.0714285,3.4719819144198767
26404,15,2.5666666,3.3061995139488807
26409,12,2.3333333,3.2968220710754395
26410,7,3.0714285,3.4719819144198767
26411,19,3.8157895,3.607289407564246
26413,112,3.6160715,3.588907241821289
26414,71,3.4929578,3.507462605957157
26416,12,3.8333333,3.587144651720601
26417,28,3.5,3.517986786671174
26418,22,3.590909,3.547263436847263
26422,411,3.4927008,3.4965358013186174
26424,13,3.5769231,3.538142382152497
26425,305,3.8114755,3.771557750836225
26429,9,3.2777777,3.4898808204521568
26430,20,3.05,3.3914709772382463
26431,54,3.7129629,3.624066962645604
26432,19,3.0263157,3.389898079029028
26433,12,3.8333333,3.587144651720601
26435,14,2.75,3.357858896255493
26438,5,3.6,3.5345994342457163
26448,42,3.2738094,3.411988755931025
26459,12,3.2083333,3.466176909785117
26462,307,3.3892508,3.4086917401695787
26463,68,3.4411764,3.477991233437748
26464,165,2.9969697,3.1204789294752966
26465,64,2.390625,2.889499731231154
26467,131,3.3244274,3.380679305745752
26468,21,2.4285715,3.2028587334592578
26470,13,2.3461537,3.2841740941244457
26471,549,3.8806922,3.8512571136621085
26472,165,3.7636364,3.708851010300392
26475,11,3.5454545,3.5311962112051543
26476,218,3.5183487,3.5201603903699277
26479,126,3.392857,3.431266822598197
26481,22,3.1818182,3.422263483206431
26483,33,3.2575758,3.4205177002642526
26484,9,3.2222223,3.4814062765089133
26485,374,3.6163101,3.6059031936357604
26486,9,3.8888888,3.583101167517193
26487,83,3.2048192,3.326338068883222
26488,124,3.0887096,3.2149595337352532
26490,24,2.5416667,3.208148260374327
26491,143,3.4265735,3.4528651916918975
26492,422,3.2405214,3.270980960231716
26493,59,3.2372882,3.3706694983561105
26494,48,3.34375,3.4377854016362406
26495,104,3.1201923,3.2526166717727465
26496,12,3.5,3.5226285380701863
26497,73,3.5547945,3.5439265976107217
26498,18,3.6944444,3.5721024835810944
26501,45,3.511111,3.520031213760376
26504,147,3.1938775,3.278695206956815
26505,20,3.55,3.534328120095389
26507,6,3.0,3.471481595720564
26509,90,3.3222222,3.395735502243042
26512,41,3.4634147,3.498933744954539
26513,231,2.91342,3.0227864077082733
26514,22,2.840909,3.3180967701805963
26519,6,3.5,3.525053024291992
26520,14,3.9642856,3.6234838739037514
26521,71,3.5,3.511594788102079
26523,49,2.8367348,3.1858886179297863
26524,231,3.9069264,3.8395123354480782
26527,131,3.7251909,3.6707346650118327
26529,37,3.4054055,3.4758962488722527
26530,5,3.1,3.489144888791171
26532,5,2.8,3.461872165853327
26538,21,2.8095238,3.3155347830812696
26539,63,3.484127,3.5035661342924675
26540,48,3.25,3.3918670342893016
26544,29,3.0,3.334214802029767
26546,12,3.125,3.4500478929088962
26547,339,3.716814,3.692552517496222
26550,69,3.8188405,3.696663563992797
26553,17,3.0,3.394074169557486
26554,383,3.5561357,3.5528935912574964
26555,705,3.2163122,3.2369576811001
26558,96,3.1510417,3.2801573766420966
26559,18,2.9722223,3.3809260480544148
26560,82,3.4756098,3.495477055058335
26561,97,3.097938,3.2442378316606795
26562,111,3.2792792,3.3565401497834957
26564,178,3.6376405,3.6136095356522944
26565,73,3.5616438,3.5479916227542287
26566,31,3.096774,3.3629995864114646
26567,69,2.4927535,2.927755976925377
26569,17,2.5294118,3.2746711915998317
26571,16,3.1875,3.4454995357629024
26574,25,3.42,3.492039616902669
26577,44,3.4204545,3.4776911431170525
26578,227,3.9911895,3.907591990185128
26581,32,3.5625,3.5414996263457508
26582,19,3.2631578,3.4551154841547427
26585,282,3.7216313,3.6924788937511215
26587,437,4.1189933,4.05832245119788
26589,17,3.264706,3.46123835222045
26593,25,2.94,3.3320396105448404
26599,167,3.6796408,3.644714184071062
26602,36,3.375,3.4639880158180416
26603,262,3.1469467,3.208022424807915
26606,255,3.6862745,3.6603376200941744
26608,15,2.9,3.383122627551739
26610,6,2.75,3.4446958814348494
26611,15,3.1666667,3.4446610854222226
26612,60,3.675,3.6082087863575327
26613,11,3.3181818,3.4902126007392758
26615,6,2.5833333,3.4268387300627574
26616,78,3.5064104,3.5148670114576817
26617,19,3.2631578,3.4551154841547427
26622,29,3.413793,3.4861135301710684
26628,6,3.4166667,3.51612446137837
26629,258,2.860465,2.9688407538773176
26630,74,2.8445945,3.1201851675587315
26631,149,3.5436242,3.5397134150691967
26634,7,3.357143,3.5070696462664688
26638,14,2.392857,3.279733881354332
26643,18,3.4166667,3.498573099865633
26644,33,3.8030303,3.637385152908693
26645,14,3.357143,3.4906714111566544
26647,10,3.5,3.523382822672526
26662,2969,3.970192,3.9628694552623425
26663,128,3.6289062,3.600578479552537
26672,11,3.7727273,3.5721798216710323
26675,21,3.1190476,3.4070840822139257
26676,42,2.7857144,3.1891627570857173
26677,10,2.7,3.3900494972864785
26680,814,3.3402948,3.3511608419594943
26681,102,3.509804,3.515809068554326
26682,17,2.5588236,3.2821338852839683
26684,39,3.0384614,3.313516469483965
26686,222,2.2702703,2.501481568112093
26688,228,2.6425438,2.8018091874156923
26689,25,2.68,3.245372947057088
26690,8,3.125,3.472464988971579
26691,55,3.5454545,3.5371711140587214
26694,200,3.8375,3.7756119537353516
26695,89,3.3202248,3.3949854185255313
26696,135,2.8814814,3.056232213973999
26698,53,2.9150944,3.212650206482526
26699,78,4.00641,3.81955436617136
26700,134,2.7350745,2.9505595383436782
26702,56,3.4910715,3.508518596865096
26703,18,3.6388888,3.5573965942158416
26704,274,3.4835765,3.490441173682978
26707,9,3.5555556,3.532253722013053
26710,44,2.75,3.1638613761739527
26712,353,3.9759207,3.9203547603143356
26713,256,3.7363281,3.702297285491345
26714,14,2.9642856,3.4047338739037514
26717,65,3.0307693,3.246982408606488
26719,16,3.09375,3.42277226303563
26720,17,3.264706,3.46123835222045
26726,119,2.8445377,3.0467630758793396
26728,35,3.1,3.3517996002646053
26729,928,3.976293,3.953377253682579
26731,72,3.3958333,3.4500242921172597
26732,52,3.4615386,3.49414680518356
26734,59,2.8050847,3.136724467671246
26736,100,3.555,3.5460198402404783
26737,21,3.1666667,3.42116860604622
26741,48,2.21875,2.8867649934729753
26744,71,3.1549296,3.3091154847263304
26745,161,3.1024845,3.203331602693169
26746,114,2.75,2.987213227807022
26749,55,3.3363636,3.427647284099034
26750,256,3.3886719,3.4114476122887307
26751,13,3.3846154,3.4984598386855352
26752,8,2.0625,3.325913264833648
26755,26,2.5,3.1763548600046256
26756,16,3.8125,3.597014687278054
26757,23,3.7826087,3.608259870581431
26758,125,3.768,3.699445458820888
26760,96,3.59375,3.5712532147969287
26762,31,3.2580645,3.4247280138510243
26764,29,2.2068965,3.043075558505481
26765,15,3.3333333,3.4831225872039795
26766,5,3.4,3.516417633403431
26770,100,3.39,3.4360198656717937
26774,44,2.9545455,3.2596060773159596
26775,32,2.78125,3.236621577565263
26776,1992,3.9151607,3.9056821724109856
26777,13,3.5769231,3.538142382152497
26778,77,2.3441558,2.810259567471001
26782,121,3.107438,3.2304267715989496
26784,12,2.7083333,3.36940271623673
26788,122,3.6352458,3.6040869590847993
26791,73,3.130137,3.291894048210082
26792,76,2.3421052,2.812721910930815
26793,5,4.3,3.5982358238913794
26796,89,3.6460674,3.603618462308705
26797,46,3.847826,3.6812808911005654
26801,8,3.3125,3.4983270579370958
26802,14,3.642857,3.553171381354332
26803,42,3.0,3.2869887973951255
26804,9,3.4444444,3.5153045613886946
26809,15,3.4333334,3.506199543292706
26812,84,3.517857,3.52166390774855
26813,14,3.5,3.521921396255493
26819,287,2.8623693,2.9611363743462267
26822,14,3.7142856,3.5687963739037514
26826,12,4.125,3.6435962800056703
26827,10,2.8,3.4067161480585733
26828,104,1.7403846,2.3207984775691837
26831,21,3.1904762,3.4282108327032814
26834,41,2.7682927,3.185746908187866
26838,185,3.6432433,3.618736094616829
26840,424,3.8360848,3.8035927060284194
26841,71,2.6126761,2.990933682307724
26842,96,3.6354167,3.598650527327028
26843,17,2.5588236,3.2821338852839683
26850,63,3.4682539,3.494716477605094
26851,9,3.1111112,3.4644571158845547
26858,15,3.3333333,3.4831225872039795
26861,34,3.3676472,3.4631306330362954
26865,610,3.857377,3.8324287443450005
26868,5,3.6,3.5345994342457163
26870,374,2.5360963,2.653073109545798
26871,68,2.7426472,3.075448957540221
26873,18,3.3888888,3.4912201236276066
26875,88,3.6306818,3.5934997365094614
26886,13,2.9615386,3.4111582627372137
26898,16,2.9375,3.384893475156842
26901,44,3.1136363,3.3340740914040423
26903,619,3.9588046,3.9266113921309445
26908,21,2.9047618,3.343703760227687
26914,57,3.508772,3.517784742551429
26915,83,2.813253,3.0819771594570993
26925,127,3.4094489,3.4429546601354737
26933,9,3.0555556,3.4559825355723754
26938,22,3.090909,3.394485659069485
26939,280,3.8392856,3.7921301234852183
26940,48,3.09375,3.3153364220444037
26941,15,3.6666667,3.560045700806838
26944,5,3.0,3.4800539883700283
26947,261,3.683908,3.6588519409155156
26949,41,3.0853658,3.3286040222251807
26962,6,3.0833333,3.480410158634186
26965,190,3.4605262,3.4745956361293793
26966,36,3.1666667,3.3767787467601686
26968,5,3.7,3.5436903563412754
26970,11,3.1818182,3.465622460255857
26974,350,3.5157142,3.5172573208808897
26975,12,2.7083333,3.36940271623673
26976,17,2.9117646,3.371686088505076
26980,5,3.7,3.5436903563412754
26981,11,2.7272727,3.3836552393241006
26982,32,3.65625,3.5780849921994093
26985,69,3.2826087,3.385739268375044
26989,43,3.139535,3.348419056143812
26991,5,3.5,3.5255085338245737
26994,15,3.2666667,3.4677379864912767
26996,37,3.2162163,3.395436476016867
26998,25,3.44,3.498706277211507
27003,93,2.612903,2.932887827599799
27004,26,2.2307692,3.0842495717500387
27005,178,3.6938202,3.6574691743181464
27006,78,3.4358974,3.4718981459736824
27016,14,3.0,3.412546396255493
27018,13,3.5,3.522269354926215
27020,437,3.3146453,3.3365563886121556
27022,142,3.4084506,3.439598724246025
27027,15,3.5333333,3.52927644436176
27031,17,3.0294118,3.4015368632416227
27032,190,3.368421,3.40167905886968
27033,188,3.9787233,3.8840459975875725
27040,42,3.2738094,3.411988755931025
27044,42,2.5119047,3.0641626897065537
27050,27,3.7962964,3.622116506873787
27067,49,3.3367348,3.4333633654045337
27070,7,3.4285715,3.5158415719082483
27073,131,3.5992367,3.5795744782653305
27078,6,3.1666667,3.489338747092656
27081,9,3.1111112,3.4644571158845547
27087,15,2.9,3.383122627551739
27093,7,3.5,3.5246134975500274
27094,16,3.4375,3.506105596368963
27095,28,3.7142856,3.5949098269144693
27096,16,3.53125,3.528832869096236
27109,139,3.5683453,3.557687657220023
27112,43,3.2558138,3.402182412403886
27124,27,3.2962964,3.446791831549112
27134,66,3.371212,3.4388186356116988
27135,6,3.6666667,3.542910175664084
27136,7,1.6428572,3.2965433283856043
27147,30,2.9833333,3.323787122964859
27152,88,3.153409,3.2891518966011377
27156,646,3.8250773,3.803739801905621
27158,16,3.25,3.4606510509144175
27162,36,3.4722223,3.504685734593591
27163,47,3.6702127,3.5969378186255385
27166,25,2.9,3.3187062899271647
27170,47,2.3510637,2.9577625215668037
27171,6,3.25,3.4982673100062778
27172,16,3.15625,3.437923778187145
27178,147,3.8503401,3.7685429856256785
27180,91,2.9945054,3.18370894506468
27186,167,3.5538921,3.5479398894419867
27189,9,3.7222223,3.557677462949591
27192,20,3.05,3.3914709772382463
27193,451,3.191796,3.2253552782321404
27197,7,1.8571428,3.322859105310942
27198,10,2.5,3.3567161560058594
27204,7,1.7857143,3.314087179669163
27212,7,3.5,3.5246134975500274
27213,14,2.5357144,3.310983918607235
27215,15,2.9666667,3.398507228264442
27216,94,3.4787233,3.49585387772984
27217,27,3.3148148,3.453285313271857
27221,9,3.6111112,3.5407283023252325
27223,17,3.5588236,3.5358652285675505
27232,7,2.9285715,3.454438063136318
27236,8,2.9375,3.4466029200060615
27238,36,2.9722223,3.295383409012196
27239,9,3.1111112,3.4644571158845547
27246,52,3.5769231,3.5529703158958283
27255,68,3.5661764,3.550025131742833
27261,23,3.173913,3.416479019269551
27263,7,3.357143,3.5070696462664688
27266,1175,3.645532,3.6407370966307973
27268,17,2.735294,3.326909986894522
27271,119,3.4705882,3.487591514925985
27273,5,3.1,3.489144888791171
27274,10,3.05,3.44838281472524
27276,16,3.8125,3.597014687278054
27277,8,2.75,3.420740851040544
27292,17,2.8823528,3.3642233948209395
27297,12,3.2083333,3.466176909785117
27298,14,2.5357144,3.310983918607235
27302,21,3.9761906,3.660605229122538
27304,10,3.75,3.565049489339193
27305,12,3.2083333,3.466176909785117
27306,20,2.95,3.3628995759146556
27309,77,2.2467532,2.751204464379258
27313,8,3.5625,3.5328098165577857
27315,16,3.53125,3.528832869096236
27316,60,3.2916667,3.399117946624756
27317,1254,3.5964913,3.5938674123740637
27322,10,3.5,3.523382822672526
27326,57,3.2719297,3.3916164915138314
27327,43,1.9302325,2.789279225052044
27328,7,4.214286,3.6123328125267697
27329,154,3.8506494,3.771583187813852
27332,6,3.25,3.4982673100062778
27334,19,3.7631578,3.5927966435750327
27338,243,3.2242799,3.276119386783639
27343,6,3.0833333,3.480410158634186
27344,19,3.3157895,3.469608248143956
27345,6,1.9166666,3.3554101628916606
27347,27,2.9074075,3.310428213763547
27348,5,3.2,3.49823581088673
27351,93,3.080645,3.2370836518027564
27356,10,3.4,3.506716171900431
27357,40,3.4,3.4711441463894315
27362,81,3.493827,3.506892861300752
27365,41,3.487805,3.509922745463612
27366,113,3.8539822,3.754005884100323
27368,335,3.4402986,3.451696067661434
27369,165,3.6909091,3.653037110040354
27370,68,3.625,3.5839234691555215
27372,12,3.4583333,3.5145640065593104
27373,180,3.636111,3.6126215354256006
27376,191,3.7670157,3.717439697985827
27378,5,1.8,3.370963074944236
27391,201,3.5099502,3.5135575765632536
27392,67,3.0149255,3.234213474469307
27397,444,3.804054,3.7761193422170787
27402,171,3.0497077,3.157932025814488
27408,259,3.2779922,3.3184561868315763
27411,6,2.75,3.4446958814348494
27416,416,3.5420673,3.5405642955599936
27423,112,4.129464,3.9438453956886574
27426,58,2.8017242,3.1379904879464044
27431,17,3.3823528,3.49108906646273
27432,84,3.6488094,3.603753445753411
27434,240,2.5333333,2.7048377990722656
27436,12,3.0,3.4258543445217993
27441,227,3.352423,3.384126280188991
27447,16,3.09375,3.42277226303563
27450,95,2.9,3.1165722649672936
27454,7,2.9285715,3.454438063136318
27455,9,2.8888888,3.4305587946358376
27456,89,3.6741574,3.6216041458596426
27458,15,3.0333333,3.4138918289771447
27461,50,2.86,3.1940296411514284
27469,16,3.6875,3.5667116569750235
27472,6,3.5833333,3.533981587205614
27473,130,2.0076923,2.43001651763916
27474,9,2.8888888,3.4305587946358376
27478,506,3.0167985,3.0627751950737383
27480,20,2.975,3.370042392185756
27482,632,2.9509494,2.9932595445962944
27485,19,3.2368422,3.4478691349858823
27488,14,2.7142856,3.3500463739037514
27491,181,3.2817678,3.3350777027410863
27496,8,2.5625,3.394878782075027
27497,26,3.3461537,3.4658285065701135
27506,19,3.631579,3.556564766427745
27509,67,3.097015,3.2812219481182914
27513,49,3.510204,3.5192219103225555
27515,45,3.511111,3.520031213760376
27518,66,4.1060605,3.856922092108891
27523,324,3.7824075,3.7484037608386362
27524,34,2.514706,3.1178924980617704
27525,5,2.4,3.4255085424943403
27528,44,3.284091,3.4138614167558385
27530,12,2.9166667,3.4097253276455786
27537,79,3.1518986,3.297697368518327
27539,24,3.25,3.437877964329075
27544,34,3.2794118,3.4274163132622126
27548,28,2.267857,3.075679069910294
27549,14,2.9285715,3.3969214037060738
27550,45,3.5444446,3.5358207853216874
27555,118,3.457627,3.4785890607606795
27563,228,3.4429824,3.458284045294892
27564,60,2.7833333,3.121845158663663
27571,34,3.5735295,3.5464639493397305
27573,11,3.6363637,3.547589681187614
27584,183,3.1557376,3.2356350094463693
27587,29,2.689655,3.2202907121634183
27592,1106,3.801085,3.789275929177096
27595,13,2.2307692,3.2603645778837658
27598,7,3.0714285,3.4719819144198767
27603,23,3.3695652,3.4781228777480453
27604,296,3.3479729,3.3739969330715995
27608,275,3.1363637,3.1966246128082276
27616,17,1.9411764,3.1254174389056306
27618,234,2.3824787,2.5841654522318236
27620,40,3.5,3.515588548448351
27624,10,3.6,3.5400494734446206
27627,49,3.6020408,3.5646764341026844
27631,17,3.0,3.394074169557486
27636,90,3.511111,3.517164008957999
27639,17,3.4117646,3.498551760146867
27640,12,3.2916667,3.482305972806869
27641,66,3.3257575,3.4129565913101723
27643,86,2.7209303,3.0176689589724823
27644,44,3.1931818,3.371308154248177
27646,39,3.602564,3.5607075182239663
27647,86,3.7267442,3.653698297107921
27648,146,3.1780822,3.267362115334491
27656,6,3.0,3.471481595720564
27657,9,2.2777777,3.337338447570801
27658,13,2.6923077,3.3556026920439703
27660,3066,3.6906393,3.6880304661886685
27664,165,2.8454545,3.004199787627819
27671,69,3.615942,3.579016533218512
27674,608,3.5633223,3.5606427526039193
27675,8,2.75,3.420740851040544
27679,14,3.1785715,3.4516089037060738
27684,11,3.409091,3.5066060707217357
27685,240,2.10625,2.3513895889808394
27689,186,3.0403225,3.1436566195245517
27692,14,3.25,3.467233896255493
27695,55,3.509091,3.5181235131763278
27699,27,3.5185184,3.524713863026012
27700,525,3.7380953,3.7198312925255816
27704,142,2.3732395,2.673973858356476
27706,3798,3.3295155,3.3320952899242884
27711,18,2.75,3.322102490593405
27713,36,3.3194444,3.440732190775317
27716,161,3.704969,3.663047236853866
27717,59,3.20339,3.3523208482549824
27719,30,1.5666667,2.79253713786602
27721,1897,3.8020558,3.7950194605693612
27722,290,3.8155172,3.773243981249192
27724,62,3.362903,3.436633595398494
27727,686,3.951895,3.9231018184319786
27728,1255,3.7358565,3.727894956581437
27729,46,3.673913,3.597947577635447
27731,967,3.7445707,3.733926123222419
27734,28,3.107143,3.3769611700987205
27735,54,2.5833333,3.0375285102770877
27736,32,3.4375,3.4927191385408727
27738,68,3.5367646,3.5330759630364885
27740,21,3.2380953,3.442295356535576
27741,705,3.9375887,3.9104675457177573
27742,12,2.5833333,3.345209167849633
27743,24,3.2083333,3.4243644250405803
27744,82,3.4695122,3.491689179882859
27746,153,3.2908497,3.349275720530543
27751,129,3.2054265,3.2955473854555097
27752,8,2.375,3.36901671310951
27754,38,3.4473684,3.4932155446572737
27758,38,3.4473684,3.4932155446572737
27760,19,3.4736843,3.513086540111597
27764,22,3.409091,3.491707934273614
27765,29,2.5689654,3.1759869237489338
27768,119,3.6344538,3.6029761444182085
27769,12,3.4583333,3.5145640065593104
27771,9,2.7222223,3.405135090068235
27772,766,3.3348565,3.3466949217459736
27773,7800,4.066346,4.062917590293155
27776,55,3.3727272,3.446694884981428
27778,124,3.0201614,3.1661090905638947
27779,11,3.0,3.432835563284452
27781,18,2.8333333,3.3441612930858837
27783,36,3.2916667,3.4291043281555176
27784,121,3.0619836,3.1982630595826267
27786,13,2.2692308,3.2683011160956488
27787,16,3.5,3.521257111520478
27788,1345,3.551673,3.550826571748248
27790,931,3.6068742,3.602857161248739
27792,171,3.2339182,3.3004659721754255
27793,326,1.9493865,2.159316385680057
27797,106,3.7641509,3.6884805147464457
27798,38,3.131579,3.3568519137122412
27799,8,2.125,3.33453395448882
27800,321,3.7647974,3.7328920499333798
27801,1362,3.622614,3.6192656589972736
27802,105,3.6380951,3.6025997361829205
27803,1569,3.9384959,3.925820257135053
27805,25,3.32,3.45870623588562
27808,2317,3.256366,3.2621052069758685
27811,37,3.2567568,3.4126778197014467
27812,85,3.5941176,3.569651621359366
27815,1252,3.9245207,3.9092956409659436
27816,290,3.525862,3.5261851268656113
27820,250,3.752,3.7146766424179076
27821,1749,3.3353345,3.3406909832098273
27822,813,2.801353,2.843456477721072
27823,7,2.4285715,3.3930345543643883
27824,12,3.2083333,3.466176909785117
27826,91,3.445055,3.4744891849815422
27827,27,3.2037036,3.4143242557327467
27828,127,3.551181,3.5446495268977967
27830,60,3.25,3.3763906305486504
27831,3003,3.7667332,3.7628243293599772
27833,108,2.9212964,3.113309974911847
27834,507,3.9329388,3.8965941618332103
27835,14,3.5714285,3.5375463888049126
27837,680,2.967647,3.006031480554032
27838,662,3.5823262,3.5785153039385764
27839,1081,2.6049955,2.6458029116707285
27840,17,2.3235295,3.222432396305141
27841,31,3.564516,3.542011943864234
27843,100,3.81,3.7160197575887044
27846,1536,3.914388,3.9022086048487004
27847,32,3.421875,3.486621577565263
27849,7,2.7857144,3.4368942118527595
27850,378,3.5780423,3.572203147077115
27851,108,3.4537036,3.4772339410419706
27856,17,3.235294,3.4537756585363133
27857,189,3.8756614,3.802941292399642
27862,21,3.6666667,3.569055929989882
27864,65,2.8461537,3.142634453980819
27865,167,3.2065868,3.2806588537682035
27866,153,3.77451,3.7138078083545705
27869,384,3.7786458,3.749776356780584
27871,204,3.8284314,3.769303025223139
27873,708,3.4498587,3.455017024420182
27874,31,2.6612904,3.1963329874439004
27875,50,3.35,3.4390296459198
27876,114,3.3596492,3.410993756317511
27878,671,3.871833,3.847993023683228
27879,338,3.9289942,3.8773273241888617
27881,11,2.7727273,3.3918519528185733
27882,303,3.839934,3.7957592206366
27884,90,3.6333334,3.595735566956656
27888,76,2.6447368,2.995261616177029
27889,5,2.7,3.4527812654321846
27891,22,3.4772727,3.5125412477387323
27899,553,2.847197,2.903653302200596
27904,3401,3.622905,3.6215308399277815
27905,236,3.082627,3.1604998428504785
27909,12,3.0416667,3.4339188760326755
27911,18,3.5555556,3.5353377917233635
27912,579,3.7098446,3.695394255209045
27919,9,2.8888888,3.4305587946358376
27922,91,3.5219781,3.5241346105616143
30659,52,3.0288463,3.273558579239191
30695,13,2.9615386,3.4111582627372137
30698,5,2.8,3.461872165853327
30701,91,3.6593406,3.6127869913764035
30707,10506,3.8444698,3.842971062696355
30712,126,3.6111112,3.5875169092958625
30721,45,3.3666666,3.45161015109012
30723,30,3.2833333,3.4362871050834656
30742,24,3.4583333,3.5054455061216614
30745,121,3.5826447,3.566684082934731
30747,60,3.4333334,3.476390665227717
30749,9145,4.0060687,4.003469417119817
30767,17,3.1764705,3.43885027116804
30783,45,3.2222223,3.3831892013549805
30791,60,2.6833334,3.0672997561368076
30793,8587,3.2790847,3.2805260087627497
30798,14,3.1785715,3.4516089037060738
30803,1067,3.9718838,3.952016970464558
30808,11,3.1363637,3.4574257467613845
30810,5831,3.6988509,3.6973988085534173
30812,6548,3.6056812,3.6050929588128233
30816,1845,3.5468836,3.5463869024392483
30818,263,3.1406844,3.2025653599931028
30820,895,3.6368716,3.6311143176265492
30822,1682,3.4218192,3.4248861897624945
30825,4942,3.0594902,3.064183404812446
30846,528,3.4138258,3.423707552847153
30848,418,3.5538278,3.55107473104428
30850,644,3.597826,3.5927995907126653
30854,20,3.8,3.6057566915239607
30856,18,3.7777777,3.5941612860735725
30861,5,3.1,3.489144888791171
30863,5,3.5,3.5255085338245737
30867,106,3.6603773,3.6179676881203284
30883,254,1.9704725,2.226654516238915
30890,12,3.25,3.4742414412959928
30892,164,3.7103658,3.6677708224715473
30894,741,2.6605937,2.715427227176999
30896,25,2.82,3.2920395692189532
30898,636,3.4009433,3.410208301711013
30905,12,2.625,3.3532736993605092
30942,13,2.8461537,3.387348697299049
30949,47,3.255319,3.39590688587464
30952,50,3.28,3.404029679298401
30954,30,3.0833333,3.361287087202072
30970,30,3.4333334,3.4925371408462524
30977,24,2.0625,3.05274282919394
30981,24,3.25,3.437877964329075
30991,64,3.6796875,3.61318394175747
30994,26,3.0769231,3.3737232998797766
30996,60,3.325,3.417299747467041
31000,66,2.7348485,3.07674974408643
31004,10,2.8,3.4067161480585733
31011,12,3.4583333,3.5145640065593104
31026,106,2.787736,3.025019095494197
31030,98,3.7040815,3.6446145934027596
31032,66,2.9848485,3.218991123396775
31035,177,3.677966,3.6449470141910774
31038,42,3.0357144,3.303293191868326
31040,11,2.7727273,3.3918519528185733
31042,50,3.38,3.454029750823975
31045,24,2.3125,3.133823910275021
31047,28,2.642857,3.2102944545256786
31049,39,3.025641,3.307898505350177
31053,14,2.392857,3.279733881354332
31060,7,3.0714285,3.4719819144198767
31079,77,2.5844157,2.955928947043231
31083,39,1.9615384,2.841606385252449
31086,47,3.6276596,3.5763192643824313
31090,8,2.9375,3.4466029200060615
31101,154,3.4805195,3.492171458169526
31104,46,3.4673913,3.49898923933506
31107,40,3.25,3.4044774373372397
31109,18,3.1666667,3.4323966292773975
31112,12,2.9166667,3.4097253276455786
31114,184,3.5407608,3.538046787946652
31116,385,3.8402598,3.8043746866028885
31123,117,3.594017,3.5742692319218983
31133,65,3.0923078,3.281765015228935
31148,61,3.7213116,3.6342610367783554
31150,134,3.335821,3.3880596290463987
31152,11,3.3181818,3.4902126007392758
31154,7,3.7142856,3.5509292744753655
31156,81,3.2469137,3.3542211965750193
31158,33,2.939394,3.294011702020484
31160,41,3.2804878,3.416516133717128
31162,296,3.337838,3.365326583730003
31165,14,3.0714285,3.4281713888049126
31184,690,3.489855,3.4924364251059457
31188,32,3.328125,3.4500362117116046
31193,515,3.675728,3.6626600565108576
31195,19,3.3157895,3.469608248143956
31201,14,3.2857144,3.475046418607235
31221,1381,2.467053,2.5041251395816655
31223,203,2.7487686,2.9027786113527925
31225,1088,3.6194854,3.6154684190800404
31247,42,3.392857,3.466336592384007
31251,147,3.1734693,3.2634667878223556
31255,179,3.23743,3.3008862728635298
31260,132,3.5833333,3.5681481256589787
31263,68,3.2867646,3.389008166426319
31267,10,2.7,3.3900494972864785
31270,210,3.4142857,3.436165222754845
31284,45,2.8222222,3.1937154719704077
31290,27,2.0925925,3.024713847544286
31297,18,3.5277777,3.527984815485337
31309,161,3.9099379,3.8194453298198106
31337,20,3.55,3.534328120095389
31340,6,3.25,3.4982673100062778
31347,87,3.6034484,3.5759341560141014
31349,43,3.2209303,3.386053482691447
31353,9,3.2777777,3.4898808204521568
31359,66,3.7121212,3.632784239177046
31362,40,2.8125,3.210032992892795
31364,775,3.9606452,3.9344278769059615
31367,160,2.925,3.068585532052176
31374,92,3.7663043,3.6824152167414277
31408,95,3.7421052,3.6682963289063553
31410,4512,4.0,3.994827481227609
31413,18,3.7777777,3.5941612860735725
31420,1102,3.1116152,3.12969001630942
31422,333,2.3348348,2.49060825703972
31424,443,1.5,1.7056855362278935
31427,972,2.8950617,2.9260303055003662
31429,74,3.2837837,3.382281945597741
31431,347,2.0115273,2.2025263033225495
31433,647,3.210201,3.233002916128085
31435,257,3.8229573,3.7749283049704587
31437,438,3.9657533,3.920907627363674
31445,181,2.9281769,3.058021578437838
31447,30,2.4666667,3.1300371289253235
31467,69,3.2753623,3.381537519583181
31469,5,2.7,3.4527812654321846
31485,175,3.5828571,3.57067985534668
31487,15,3.9333334,3.6215841586773214
31494,21,2.9285715,3.3507460574029198
31502,187,3.4171124,3.440518898299978
31522,193,3.8782384,3.806185136606664
31524,54,3.5833333,3.5567592795078573
31528,157,3.6847134,3.6468742389033957
31539,69,3.2608695,3.3731341602421607
31545,116,4.00431,3.860861111836261
31547,93,3.8172042,3.7161046391600494
31549,22,3.2272727,3.4361523588498435
31553,132,2.003788,2.4225438715337395
31555,118,2.0211864,2.4696604694638933
31577,5,3.7,3.5436903563412754
31584,46,3.2391305,3.389614293972651
31588,58,3.586207,3.559286762166906
31590,115,3.769565,3.6963815544590806
31594,37,3.3243244,3.441413460106685
31598,10,2.9,3.423382838567098
31600,11,3.1818182,3.465622460255857
31606,7,2.5714285,3.410578405647947
31610,20,2.6,3.262899535042899
31613,38,2.5526316,3.106851940805262
31617,145,3.3827586,3.4200152250436635
31619,16,2.53125,3.286408626671993
31628,38,3.6842105,3.5954882936044172
31636,24,2.7916667,3.289229341455408
31645,8,3.5,3.524189126902613
31647,26,2.8461537,3.2947758749911658
31649,5,3.5,3.5255085338245737
31658,6934,4.053793,4.050029110662716
31660,644,3.4518633,3.4573529213237486
31664,24,3.1458333,3.40409415477031
31672,22,3.090909,3.394485659069485
31680,12,3.1666667,3.458112424419772
31682,38,3.6973684,3.601170090111819
31685,5230,3.3734226,3.374886985981103
31687,166,2.9518073,3.0851989565072238
31689,237,3.3902953,3.414295984892895
31692,7,3.0,3.4632099887780976
31694,682,3.2382698,3.2580641762155
31696,5244,3.371949,3.373423366488985
31698,482,1.25,1.4641033258653224
31700,194,3.1056702,3.192225372205015
31702,150,3.59,3.5745147824287415
31705,56,3.5625,3.546254427927845
31724,122,2.192623,2.5808311811713285
31737,79,3.3607595,3.4256044154943424
31742,8,3.0625,3.4638442993164062
31747,48,2.46875,3.0092139730648118
31750,8,2.6875,3.4121201613853716
31770,166,3.7861445,3.72640257190775
31785,144,3.5069444,3.5123864203384243
31793,10,3.7,3.5567161639531455
31804,1150,3.3417392,3.3495025197664896
31807,122,3.3114755,3.3744359432264814
31826,10,3.35,3.498382806777954
31847,18,3.1111112,3.4176907399121452
31851,38,3.6842105,3.5954882936044172
31854,57,3.5614035,3.5458221457828984
31856,6,3.9166667,3.5696958899497986
31867,211,2.893365,3.0149538873255937
31869,19,3.0526316,3.3971444938493813
31878,4110,3.7652068,3.7623564841655583
31881,14,3.4642856,3.5141088739037514
31889,44,3.5454545,3.536201781414925
31892,32,2.890625,3.2793045043945312
31894,32,3.484375,3.511011821467702
31900,22,3.590909,3.547263436847263
31903,140,3.7785714,3.7126471619856987
31909,64,2.1875,2.7754646435118557
31915,11,3.6818182,3.555786394682087
31921,70,3.442857,3.478358010450999
31923,613,3.6468189,3.6378626553721016
31925,6,2.5,3.417910167149135
31930,111,3.7567568,3.685732746716612
31932,21,3.2380953,3.442295356535576
31934,139,3.5503597,3.544460165437567
31948,40,3.8,3.6489218605889215
31950,96,3.6302083,3.5952257652805275
31952,432,3.789352,3.7622469035421666
31954,8,3.9375,3.58453395448882
31956,132,3.2878788,3.3538624428130768
31960,16,2.625,3.309135899399266
31963,47,3.5212767,3.524772936535865
31973,94,3.7606382,3.6798816919326782
31975,9,3.2222223,3.4814062765089133
31983,14,3.2857144,3.475046418607235
31991,39,3.7435896,3.622505228171188
31998,36,2.9305556,3.2779415152793705
32002,15,2.7,3.3369687703939586
32009,155,3.0612903,3.1751363917094904
32011,294,2.4421768,2.6000085875045422
32013,26,3.1730769,3.4066179990768433
32015,7,2.2142856,3.3667187481595757
32017,823,2.6713245,2.720392927681048
32019,985,2.7634518,2.8003893785430614
32022,121,3.231405,3.3181460628732604
32025,187,3.7593584,3.7105611447040543
32029,1245,3.2931726,3.3022415858898384
32031,2076,3.2100194,3.2174991251496023
32049,29,3.2413793,3.422822378858735
32056,12,3.2083333,3.466176909785117
32058,139,3.1402879,3.2428729319698597
32060,30,3.2833333,3.4362871050834656
32062,6,2.9166667,3.4625530328069414
32074,23,2.9565217,3.3479858849146593
32076,90,2.5722222,2.913592645100185
32078,106,2.9481132,3.1339933902789383
32082,13,3.4230769,3.506396327699934
32084,48,2.6666667,3.1061527875004984
32088,13,1.5769231,3.1254439694540843
32090,7,3.0714285,3.4719819144198767
32109,21,2.7619047,3.301450259248975
32116,179,2.4581006,2.6917160223665197
32120,12,1.875,3.2081124090379283
32122,7,2.4285715,3.3930345543643883
32124,49,3.122449,3.32730269191241
32126,6,2.8333333,3.4536244443484714
32128,49,2.377551,2.958615881023985
32139,148,3.287162,3.347994722501196
32141,23,2.4565217,3.190451638339317
32149,43,2.7325583,3.160247033642184
32151,23,3.4130435,3.4918215046190237
32153,58,2.689655,3.0778052144580417
32156,16,2.78125,3.347014687278054
32158,9,2.7777777,3.4136096340114785
32160,145,3.7931035,3.7251434387304845
32162,41,3.402439,3.4714612436818553
32166,10,3.4,3.506716171900431
32168,8,3.125,3.472464988971579
32170,59,3.4322033,3.4761739783330796
32172,14,3.392857,3.498483881354332
32174,87,2.8563218,3.1014815107749327
32179,272,3.954044,3.8878974085268765
32181,7,3.142857,3.4807538400616562
32196,110,3.581818,3.565018504858017
32199,19,3.4473684,3.5058401252912437
32203,73,3.80137,3.6902680687788054
32211,38,3.0526316,3.3227610317143528
32213,664,3.0896084,3.1203122793459426
32225,12,3.4166667,3.5064995211939656
32230,7,2.642857,3.4193503312897264
32234,117,3.6923077,3.643131565904903
32239,139,3.4496403,3.4703860711799095
32243,9,3.1111112,3.4644571158845547
32250,19,3.1842105,3.433376370996669
32261,88,3.3693182,3.426833152770996
32263,46,2.9565217,3.254197602470716
32280,35,3.7142856,3.6047407739302693
32285,25,3.4,3.485372956593831
32289,311,3.0498393,3.116074733126527
32291,585,3.2675214,3.2880361849867454
32294,7,2.857143,3.445666137494539
32296,1056,2.4933712,2.5401473847263327
32298,517,3.090909,3.1294584207013383
32300,227,2.9162996,3.0267255392315584
32302,255,2.835294,2.948862103165173
32314,64,3.1328125,3.3061663978978206
32316,75,3.6466668,3.59922381401062
32318,6,2.6666667,3.435767318521227
32325,29,3.086207,3.3658603776859333
32329,17,2.5588236,3.2821338852839683
32333,14,3.5,3.521921396255493
32335,20,2.975,3.370042392185756
32342,20,2.8,3.320042405809675
32345,21,3.2619047,3.449337583192637
32347,24,2.7916667,3.289229341455408
32349,83,3.5963855,3.5706989783093444
32352,68,3.4264705,3.469516649084576
32354,16,3.03125,3.4076207478841147
32361,15,3.4333334,3.506199543292706
32369,108,3.6064816,3.581664411327507
32371,141,3.5070922,3.512581020125544
32375,27,3.3333333,3.459778794994602
32381,59,3.5338984,3.5312199286364634
32383,91,3.0219781,3.2014395751006215
32385,42,2.5119047,3.0641626897065537
32387,179,3.8882682,3.8096200128830158
32389,14,3.4285715,3.5062964037060738
32392,65,3.0692308,3.2687214872111445
32395,44,3.1136363,3.3340740914040423
32419,14,3.857143,3.6000464111566544
32440,9,3.0,3.447507955260196
32442,55,2.9545455,3.2276473499479748
32444,32,3.546875,3.535402065370141
32452,76,3.4013157,3.451610807388548
32460,435,4.0011497,3.9523774618955003
32464,39,3.6410255,3.577561410625329
32469,209,3.7511961,3.708119551647584
32471,5,3.3,3.5073267113078725
32483,28,3.517857,3.5243970186282425
32485,16,2.5,3.278832869096236
32493,59,3.5338984,3.5312199286364634
32497,19,3.8947368,3.6290285207223203
32501,22,3.1136363,3.4014300968911915
32509,32,3.640625,3.5719874312237994
32511,36,3.5972223,3.55701131598894
32515,15,3.2333333,3.4600456861349254
32518,25,3.08,3.3787062327067057
32520,11,3.590909,3.539392924699627
32525,128,3.9609375,3.8393425244963573
32551,10,3.5,3.523382822672526
32560,12,2.9583333,3.4177898130109234
32562,131,3.7519083,3.6900715854286488
32567,7,2.642857,3.4193503312897264
32582,245,3.7489796,3.711535469960358
32584,144,3.2222223,3.301046312469797
32587,16829,3.8316596,3.830760212558742
32589,207,2.7342994,2.888727430239726
32591,142,3.475352,3.4890779182314873
32593,32,3.484375,3.511011821467702
32596,1393,3.0326633,3.0498288353532037
32598,945,3.2227514,3.2380934899775826
32600,66,3.0075758,3.231922145547538
32602,32,2.578125,3.157353284882336
32605,17,2.6470587,3.3045219058421123
32617,39,2.6153846,3.1281232351667425
32620,20,3.025,3.384328160967146
32625,27,2.5370371,3.1805580777007263
32627,101,1.8564357,2.409953448156647
32632,76,3.3947368,3.4476425685579817
32646,36,3.5138888,3.52212752852329
32649,53,3.8396227,3.6883783919139974
32653,19,3.5789473,3.5420720024385313
32655,7,3.4285715,3.5158415719082483
32657,241,3.9813278,3.9034466063443736
32659,45,3.1888888,3.367399629793669
32666,61,1.8934426,2.629756485019718
32668,54,3.0833333,3.2971438948924723
32674,30,3.1833334,3.3987871408462524
32677,18,3.1944444,3.4397495424046234
32686,21,3.2142856,3.4352530593603428
32689,10,3.4,3.506716171900431
32705,9,4.1666665,3.625474032709154
32707,33,3.7121212,3.601240609065596
32716,6,2.1666667,3.3821958899497986
32719,13,3.8461537,3.5936979036482555
32721,119,3.4285715,3.4580057598430023
32728,92,3.4130435,3.453542051180987
32735,34,3.485294,3.5107496295656477
32737,22,2.8181818,3.31115233235889
32741,16,3.1875,3.4454995357629024
32743,103,3.0291262,3.1921762391632678
32770,143,3.632867,3.6057148412101627
32777,9,3.1111112,3.4644571158845547
32781,49,3.2857144,3.4081108521933507
32783,9,2.5555556,3.3797113491316972
32788,13,3.5384614,3.530205843940614
32792,106,3.759434,3.6852754599008803
32797,10,3.45,3.5150494972864785
32799,18,3.5555556,3.5353377917233635
32811,18,3.7222223,3.5794554598191204
32825,178,3.747191,3.6991357845172548
32830,28,3.0357144,3.3513201566842885
32834,48,3.34375,3.4377854016362406
32836,9,3.6111112,3.5407283023252325
32840,415,3.8951807,3.8557052919941563
32844,40,3.8125,3.6544774373372397
32851,13,3.1923077,3.4587772952185736
32853,121,4.0454545,3.894169380790309
32860,6,2.5833333,3.4268387300627574
32862,55,3.1636364,3.3371711799076627
32864,14,3.107143,3.4359839111566544
32866,14,3.5714285,3.5375463888049126
32875,57,3.508772,3.517784742551429
32882,60,3.1916666,3.344572414051403
32890,6,3.75,3.5518387385777066
32892,343,3.9693878,3.913239120527078
32898,418,3.7009568,3.682484873339661
32902,24,3.2083333,3.4243644250405803
32906,33,3.8636363,3.6614815154707574
32914,103,2.8300972,3.0581894170225055
32917,18,3.0833333,3.410337763674119
32928,21,3.1190476,3.4070840822139257
32941,12,3.4583333,3.5145640065593104
32943,142,3.7992957,3.7286612167954445
32952,9,3.5,3.523779141700874
32954,18,3.5555556,3.5353377917233635
32957,15,3.6,3.544661045074463
32959,5,3.5,3.5255085338245737
32966,22,3.4545455,3.505596809917026
32972,5,3.3,3.5073267113078725
32974,18,3.6944444,3.5721024835810944
32988,62,3.346774,3.427705032484872
32999,12,3.1666667,3.458112424419772
33001,5,2.8,3.461872165853327
33004,6805,3.404629,3.4055292867205598
33019,27,3.6851852,3.583155449334677
33021,25,3.38,3.4787062962849933
33027,6,3.5,3.525053024291992
33036,192,3.21875,3.282656898183271
33051,7,3.2142856,3.4895257657034353
33072,213,3.7652583,3.720163459560264
33081,38,3.5131578,3.5216246301477607
33085,902,2.8874724,2.9211166661326624
33090,10,3.15,3.4650495052337646
33098,13,3.3846154,3.4984598386855352
33110,21,3.3809524,3.4845488575142873
33113,40,3.5875,3.554477479722765
33117,9,3.8888888,3.583101167517193
33119,37,3.837838,3.659804286627934
33124,119,3.6890757,3.6414377435424625
33126,88,3.340909,3.4087171139924424
33132,8,1.625,3.265568437247441
33134,42,3.4880953,3.5098149050836978
33136,99,3.2828283,3.365120631736397
33138,352,3.5241477,3.5246342711187713
33145,586,3.4044368,3.414155581462308
33148,27,2.351852,3.1156230096693163
33150,19,3.1052632,3.4116372578385947
33152,12,2.875,3.4016607961347027
33154,1233,3.9176805,3.902496514613983
33158,826,2.3250606,2.3937249199984825
33162,2860,3.4576924,3.4589014397454014
33164,837,2.3608124,2.4266098868080834
33166,9241,3.8271832,3.8255734959968697
33168,45,2.0777779,2.8410839281584086
33171,1030,3.804369,3.791576862335205
33188,58,3.0948277,3.295397899768971
33191,21,3.2142856,3.4352530593603428
33193,36,2.8333333,3.237243796503821
33201,7,3.5,3.5246134975500274
33235,8,3.375,3.5069477475922683
33237,58,3.560345,3.545397921844765
33245,23,3.3913043,3.4849721536244433
33247,16,3.5,3.521257111520478
33251,16,3.96875,3.634893475156842
33253,6,3.25,3.4982673100062778
33255,22,2.909091,3.3389301564958362
33261,16,3.5,3.521257111520478
33264,57,3.6842105,3.6112427109869842
33267,5,3.3,3.5073267113078725
33270,82,3.7134147,3.643204335010413
33288,167,3.7814372,3.723055183612806
33292,7,3.857143,3.5684731550383986
33294,78,3.224359,3.3429919853806496
33296,32,2.90625,3.285402065370141
33310,10,3.6,3.5400494734446206
33312,234,3.8205128,3.76902449970514
33316,16,3.4375,3.506105596368963
33318,11,3.7272727,3.5639831081765596
33321,39,3.0128205,3.3022805412163896
33328,8,3.3125,3.4983270579370958
33340,32,3.78125,3.6268654800042874
33342,13,3.8461537,3.5936979036482555
33358,150,3.71,3.6645148754119874
33363,9,3.5,3.523779141700874
33376,9,2.0555556,3.3034401626910195
33380,12,2.7916667,3.385531779258482
33389,8,3.75,3.5586718855233026
33393,9,3.7777777,3.5661520068928345
33397,8,3.1875,3.481085678626751
33401,17,3.5882354,3.543327922251687
33410,63,3.4047618,3.4593182496264974
33415,10,3.75,3.565049489339193
33421,154,3.3441558,3.3892301998886407
33424,22,3.25,3.4430967966715493
33435,27,3.7777777,3.6156229415497223
33437,1344,3.4884672,3.4898873086981315
33445,7,3.2142856,3.4895257657034353
33451,127,3.8740158,3.776288005591786
33454,95,3.4894736,3.5027790316219987
33463,118,3.3305085,3.3893033862113953
33480,15,3.4333334,3.506199543292706
33487,92,3.5054348,3.5134011725304832
33493,13530,3.4259055,3.42628158508239
33495,425,2.6141176,2.7103220186735455
33499,721,2.7024965,2.7560349760043175
33507,6,2.9166667,3.4625530328069414
33524,11,3.6363637,3.547589681187614
33533,15,3.0333333,3.4138918289771447
33539,108,3.476852,3.493056828462625
33555,9,2.4444444,3.3627621885073387
33558,103,3.6116505,3.5843331206078624
33564,186,3.798387,3.7411142405817066
33567,20,3.55,3.534328120095389
33585,267,2.840824,2.9492206550923057
33587,50,3.38,3.454029750823975
33592,87,3.545977,3.5394377986880112
33603,80,3.8375,3.7184844383826623
33610,8,3.25,3.4897063682819236
33615,4242,3.3584394,3.3604154466805007
33621,108,3.4861112,3.499385918243022
33624,9,3.2777777,3.4898808204521568
33629,44,2.875,3.222372014471825
33639,532,3.875,3.8451941054301573
33641,10,2.95,3.4317161639531455
33644,119,2.3193278,2.676940717640713
33646,1449,3.0959282,3.1103421746292774
33649,290,3.763793,3.7291262851041904
33655,12,2.2916667,3.288757585710095
33660,4457,3.8649316,3.8611943724416222
33669,965,3.33057,3.340298524631068
33672,559,3.4740608,3.4784941575405828
33675,89,3.3651686,3.423762390081831
33677,199,3.424623,3.445393368901019
33679,8335,3.2263947,3.2281934889427735
33681,327,1.882263,2.100538335365073
33683,567,3.3315697,3.347492663168637
33685,58,1.9396552,2.6750275007000677
33688,41,3.2804878,3.416516133717128
33709,30,3.6666667,3.580037146806717
33722,142,3.5352113,3.533348840971788
33725,241,3.56639,3.5598040151432206
33743,24,3.0,3.356796883247994
33750,95,3.6526315,3.609675612942926
33755,11,3.0454545,3.4410322767789245
33760,41,3.390244,3.4659667434273187
33767,7,3.4285715,3.5158415719082483
33779,411,3.9622872,3.9151908968637925
33781,90,3.3555555,3.417164053235735
33790,8,3.125,3.472464988971579
33794,21654,3.9500322,3.949060125716533
33799,10,3.55,3.5317161480585733
33801,24,2.8541667,3.3094996117256783
33808,32,3.578125,3.5475971873213603
33815,221,2.954751,3.060527467199797
33817,350,3.4042857,3.419757384061813
33819,138,3.442029,3.4649094216367033
33821,19,2.9736843,3.375405380691307
33823,43,2.5348837,3.068849140597928
33826,178,3.5983145,3.582907695519297
33830,536,2.5214553,2.6073430097143806
33832,50,3.24,3.3840296983718874
33834,1214,3.2273476,3.239242856638341
33836,1477,2.5663507,2.597840832352404
33838,159,3.54717,3.5425980250801197
33844,12,3.625,3.5468220864572833
33847,27,3.2962964,3.446791831549112
33861,54,3.1944444,3.3548362300946164
33863,7,3.4285715,3.5158415719082483
33880,1139,3.7651448,3.7551748738557578
33893,172,3.7005813,3.661725022771337
33896,420,3.527381,3.527453118182243
33898,26,3.1153846,3.386881163245753
33903,952,3.8335085,3.818266520243205
33905,48,3.375,3.4530915240852202
33912,52,3.3653846,3.4451271318921854
33914,10,3.25,3.4817161560058594
33917,6,3.4166667,3.51612446137837
33919,5,2.0,3.3891448974609375
33921,5,1.8,3.370963074944236
33928,10,3.35,3.498382806777954
33930,38,2.6710527,3.1579883152788337
33933,28,3.5892856,3.5500380320426745
33945,7,3.7142856,3.5509292744753655
33956,9,3.1666667,3.472931696196734
33966,104,2.0,2.4961231776646207
33970,7,3.0,3.4632099887780976
33972,10,2.9,3.423382838567098
33988,25,3.18,3.412039613723755
33998,24,3.0,3.356796883247994
34002,81,3.3888888,3.4420073669375353
34004,16,2.9375,3.384893475156842
34008,11,3.6818182,3.555786394682087
34018,88,3.4147727,3.455818632374639
34026,11,3.5,3.5229994977106815
34032,17,3.5588236,3.5358652285675505
34039,6,3.25,3.4982673100062778
34045,38,3.3421052,3.4477609666911038
34048,7435,3.1217887,3.1245026389359634
34051,43,3.488372,3.5097093453971286
34057,17,2.6470587,3.3045219058421123
34063,62,3.5725806,3.5527050452572957
34065,50,2.95,3.2390297174453737
34072,2919,3.6896198,3.6868989915709656
34076,7,3.0,3.4632099887780976
34099,10,3.05,3.44838281472524
34111,49,3.3163266,3.4232623601200607
34129,79,2.335443,2.797697425812714
34135,9,3.8333333,3.574626587205014
34138,6,3.4166667,3.51612446137837
34143,642,2.750779,2.806940797436444
34148,267,3.6142323,3.600640359361089
34150,4508,2.7954748,2.803511018447575
34153,883,3.8063421,3.7914287949426124
34155,150,3.69,3.649514889717102
34158,10,3.0,3.440049489339193
34162,7810,3.481882,3.4821758440129327
34164,249,3.3614457,3.389307491755406
34170,43,2.1511629,2.8914298113956245
34177,63,2.7857144,3.114185626527904
34185,10,3.15,3.4650495052337646
34189,9,2.3333333,3.34581302788298
34193,17,3.4117646,3.498551760146867
34198,255,3.5156863,3.5177146528587966
34214,11,3.3636363,3.4984093142337485
34226,5,3.6,3.5345994342457163
34229,18,3.5555556,3.5353377917233635
34231,11,3.5,3.5229994977106815
34238,26,3.6923077,3.584249603120904
34246,32,3.796875,3.632963040979897
34271,762,3.5807087,3.577466786788602
34292,145,2.9448276,3.094374179840088
34299,15,3.5333333,3.52927644436176
34306,16,2.90625,3.3773177175810845
34314,41,3.2682927,3.4110216334625916
34319,5026,3.4032032,3.4044331163755075
34321,427,2.8290398,2.902312304238853
34323,817,3.2962055,3.3095765625316793
34326,233,2.9656653,3.0650282462157126
34330,48,2.8541667,3.197989522194376
34332,999,3.2117116,3.226790183833716
34334,704,2.528409,2.594698817407421
34336,815,2.97546,3.0074022105663496
34338,1216,3.3022203,3.3111397380135825
34353,23,3.2391305,3.43702699713511
34359,122,3.4713116,3.48780802793281
34364,5,3.5,3.5255085338245737
34369,7,3.2142856,3.4895257657034353
34375,47,3.3829787,3.4577625486039625
34378,16,2.8125,3.3545904448538115
34405,8864,3.9921029,3.9894999700301907
34411,42,3.6785715,3.5967714216398154
34416,8,3.3125,3.4983270579370958
34435,93,3.7903225,3.69862213835016
34437,3022,3.615321,3.61390064858521
34450,13,3.2692308,3.4746503224448553
34464,10,3.7,3.5567161639531455
34466,25,3.18,3.412039613723755
34469,63,3.6031747,3.5699378283677903
34473,10,3.65,3.548382838567098
34482,119,3.8109243,3.7272364500711657
34488,20,3.425,3.4986138343811035
34499,56,3.142857,3.3245562787325875
34505,18,3.0555556,3.402984850546893
34511,12,2.375,3.3048866025863157
34520,922,2.4978309,2.550826161977195
34523,350,3.4714286,3.478507477045059
34526,20,2.6,3.262899535042899
34528,678,3.6644542,3.6550864446294176
34530,622,2.164791,2.2662247589656284
34532,1229,3.3075671,3.3161868329529094
34534,1038,3.3420038,3.3505541699774124
34536,320,3.44375,3.4551430779534416
34538,46,2.9130435,3.2333642741044364
34540,162,3.1265433,3.221240477741889
34542,1662,3.8116727,3.803389588806117
34548,23,3.8913043,3.6425064001997858
34552,249,3.6706827,3.6468326216158657
34579,54,3.074074,3.2923362209246707
34583,60,3.3416667,3.4263906478881836
34608,25,3.3,3.4520395755767823
34624,29,3.5689654,3.5430755313438707
34643,44,2.2386363,2.924499623318936
34645,54,3.0555556,3.2827208729890676
34648,41,3.0,3.290142520443424
34696,36,3.4305556,3.487243840860766
34767,94,2.8404255,3.0791872607337103
34800,27,2.2222223,3.070168470407461
34811,107,3.593458,3.572630373535642
35015,109,3.5183487,3.5214023710046924
35050,5,2.6,3.4436903433366255
35082,19,3.3947368,3.4913473613020303
35347,257,3.5583658,3.553429920432622
35386,15,3.8333333,3.598507202588595
35629,13,3.3846154,3.4984598386855352
35636,45,2.9,3.2305576173882735
35681,5,3.2,3.49823581088673
35738,14,3.357143,3.4906714111566544
35807,6,3.0833333,3.480410158634186
35826,6,2.5,3.417910167149135
35828,16,3.75,3.581863172126539
35836,10561,3.4923775,3.4925456558227896
35843,8,2.3125,3.3603960234543373
35853,5,2.6,3.4436903433366255
35906,8,2.5,3.3862580924198546
35957,1335,3.1426966,3.1566086323252653
36056,54,3.5648148,3.5471439315722537
36083,33,3.121212,3.366300789706678
36086,97,3.726804,3.6592038034581815
36152,25,3.2,3.418706274032593
36247,11,2.6363637,3.367261812335155
36264,7,3.5714285,3.533385423191807
36276,910,3.6456044,3.6394822373986244
36289,187,2.9839573,3.0987467624970124
36312,5,3.2,3.49823581088673
36326,17,3.6764705,3.565715942809831
36363,400,3.93625,3.890895462036133
36373,11,3.8181818,3.5803765351655055
36392,20,1.9,3.062899555478777
36397,258,2.7093024,2.8422175165894745
36401,2199,2.9336061,2.946822093507352
36436,15,3.4333334,3.506199543292706
36462,14,3.25,3.467233896255493
36477,111,3.2117116,3.309956285524072
36509,386,2.595855,2.702759170750959
36511,21,2.4761906,3.216943257291552
36513,98,3.0612245,3.2189389628333016
36517,3629,3.7160375,3.7134827669951926
36519,1840,3.136685,3.147038717118521
36523,48,2.9895833,3.264315974955656
36525,1318,3.4734447,3.4754408510804873
36527,865,3.4641619,3.467653540314221
36529,6617,3.7922776,3.7902960372110597
36531,87,2.0402298,2.5832332973062555
36533,207,2.8309178,2.9665484873701162
36535,1457,3.7776253,3.769345098880244
36537,554,3.4386282,3.4460314409622295
36539,45,3.3444445,3.441083920629401
36541,16,2.59375,3.3015601418235083
36545,16,2.71875,3.331863172126539
36553,28,3.0714285,3.3641406205984263
36630,12,3.25,3.4742414412959928
36683,14,2.857143,3.3812964111566544
36711,8,3.375,3.5069477475922683
36752,14,2.2142856,3.2406713739037514
36799,16,3.25,3.4606510509144175
36850,100,3.54,3.536019770304362
36883,23,3.6086957,3.5534653630975175
36902,5,3.3,3.5073267113078725
37113,6,3.0833333,3.480410158634186
37211,67,3.2537313,3.3709654971065683
37240,721,3.9521499,3.9246472427971786
37257,17,3.2941177,3.4687010459045866
37269,12,3.25,3.4742414412959928
37277,29,2.9655173,3.3215565892714487
37287,32,3.5625,3.5414996263457508
37335,37,3.2837837,3.424172015025698
37375,17,3.5588236,3.5358652285675505
37380,1307,2.4418516,2.481874009837275
37382,975,3.0369232,3.0608810343393467
37384,860,3.352907,3.3625307030730194
37386,2509,2.9204862,2.932357512586235
37475,384,3.5742188,3.568900851060718
37477,220,2.8227272,2.9533442744502314
37495,130,3.9461539,3.8300165202882557
37545,129,3.5736434,3.560910468660919
37626,49,3.3979592,3.463666381257953
37653,20,2.825,3.3271852902003696
37683,8,2.125,3.33453395448882
37720,1116,3.168907,3.1843079759980557
37727,1812,3.093543,3.105211053063611
37729,5058,3.576216,3.575744598380457
37731,1294,3.75966,3.751043911136332
37733,4008,3.6198852,3.618753789034073
37736,362,3.4267955,3.439084791442723
37739,391,3.6764705,3.659643859279399
37741,3442,3.7285008,3.7256308336574735
37744,12,2.9583333,3.4177898130109234
37785,47,3.3085105,3.4216800497979234
37830,1368,3.431652,3.4350514808730113
37837,16,3.3125,3.4758025660659326
37844,61,2.909836,3.1883150328387013
37846,24,2.1666667,3.0865266387527055
37853,490,2.9561224,3.0090795269718877
37855,207,3.6328502,3.612462858281711
37857,974,3.639117,3.6336942673660815
37955,111,3.5135136,3.5180309011329034
37957,22,3.0,3.3667079077826605
37960,5,2.8,3.461872165853327
37976,26,3.6346154,3.564512767289814
37982,6,2.6666667,3.435767318521227
38004,11,3.0,3.432835563284452
38036,15,3.7,3.5677380011631894
38038,4541,3.7435586,3.7412116701009355
38046,35,3.1571429,3.375329059713027
38061,5363,3.854559,3.851543061111763
38086,25,3.16,3.405372953414917
38095,248,3.7701614,3.7295402488452476
38097,135,3.3185184,3.375151099385442
38159,252,4.0257936,3.943387233658342
38164,21,3.6904762,3.5760981566469434
38188,141,3.2588654,3.329334998005972
38198,83,3.4879518,3.5030298125474975
38294,171,3.0321639,3.1443574169642248
38304,701,3.9393723,3.91198795263999
38320,58,3.3793104,3.448175655470954
38376,12,4.0,3.6194027316185737
38384,71,3.6619718,3.606636096623318
38388,245,3.3612244,3.389501527204352
38435,7,2.7857144,3.4368942118527595
38473,9,3.6666667,3.549202882637412
38538,126,3.6150794,3.5903578075495632
38583,59,2.8559322,3.1642474428229375
38600,229,3.3231442,3.3598673497476885
38656,39,2.9230769,3.2629546878043185
38701,105,3.2380953,3.3316320911530526
38713,11,3.1363637,3.4574257467613845
38798,1194,3.3295646,3.3375426588334456
38839,6,3.0,3.471481595720564
38843,39,3.2564104,3.409022173185027
38849,19,3.0263157,3.389898079029028
38867,19,3.0789473,3.4043908430182417
38881,32,3.34375,3.456133772687214
38886,1899,3.7056346,3.7010790473562194
38992,351,3.005698,3.070830312453006
38994,78,3.3589745,3.4250232577323914
39048,5,2.7,3.4527812654321846
39075,10,3.3,3.4900494813919067
39183,6044,3.6333554,3.632491447434959
39231,1133,3.119594,3.1368580569882365
39234,586,3.5870306,3.582394543683754
39244,18,3.6944444,3.5721024835810944
39292,3660,3.8050547,3.801321574619838
39305,10,3.35,3.498382806777954
39307,206,3.5072815,3.5113397147506475
39364,5,2.4,3.4255085424943403
39369,39,3.5897436,3.5550895540901783
39381,1066,3.7668855,3.756185423516031
39390,21,2.642857,3.266238984927325
39394,26,3.2692308,3.4395127798381604
39398,123,3.105691,3.2277627570091645
39400,368,2.048913,2.225844387802781
39402,30,3.2,3.405037134885788
39408,62,2.1209676,2.7491335911410197
39410,26,2.6923077,3.2421443399630094
39414,734,3.2786105,3.2945192000087427
39416,22,3.25,3.4430967966715493
39419,256,3.2910156,3.329748265883502
39421,72,2.5277777,2.937729194516041
39425,7,3.642857,3.542157348833586
39427,669,3.4932735,3.495692543260577
39435,1143,3.0476816,3.067814756019317
39441,59,3.559322,3.5449814162123094
39444,1284,3.2192369,3.2308119083273
39446,2816,2.9721236,2.981822432460106
39449,516,3.1511629,3.1844576087520315
39474,17,3.5294118,3.528402534883414
39481,33,3.3939395,3.4747346108218276
39516,16,3.34375,3.4833783236416904
39524,10,3.35,3.498382806777954
39529,42,3.3333333,3.4391626741575156
39615,5,3.4,3.516417633403431
39625,8,2.5625,3.394878782075027
39659,51,3.27451,3.400029451540201
39703,63,3.436508,3.4770174300776118
39731,13,3.7307692,3.5698883874075755
39768,89,3.8146067,3.71153210564483
39777,33,3.1818182,3.390397247061672
39779,40,3.1375,3.354477458530002
39786,11,3.4545455,3.5148027842162084
39796,34,3.0882354,3.350035383587792
39801,13,3.0,3.419094751751612
39818,24,3.5208333,3.5257157763919316
39824,8,2.875,3.437982230350889
39857,7,3.0714285,3.4719819144198767
39869,403,3.6712158,3.6554148470855443
39886,167,3.5748503,3.5640689997079735
39896,27,3.0925925,3.3753631981936367
39931,15,2.9666667,3.398507228264442
39934,36,3.5,3.51631359721339
39941,26,3.3653846,3.472407479035227
40010,85,3.3882353,3.4400220182206898
40015,8,3.625,3.541430506212958
40033,48,3.6145833,3.570438423935248
40111,6,2.1666667,3.3821958899497986
40148,628,3.4227707,3.430535388203849
40226,45,3.6555555,3.588452276430632
40278,3146,3.4597902,3.4608582704326833
40337,52,3.6923077,3.6117938266080967
40339,1161,2.8247201,2.8537597496779274
40342,58,2.9224138,3.2028052895157426
40412,458,3.8133187,3.7852420224918157
40414,428,3.807243,3.778039790596423
40422,10,2.3,3.32338281472524
40425,10,3.25,3.4817161560058594
40436,9,3.2222223,3.4814062765089133
40457,11,3.0,3.432835563284452
40467,12,2.875,3.4016607961347027
40478,14,2.3214285,3.2641088888049126
40491,124,3.6653225,3.6258791068504594
40494,21,3.5,3.5197601318359375
40559,9,3.1111112,3.4644571158845547
40574,159,2.808176,2.980396936955064
40578,12,3.8333333,3.587144651720601
40581,742,3.0633423,3.0926805307166747
40583,2965,3.5399663,3.539768882849521
40586,107,3.4392524,3.4675348640247514
40589,12,3.875,3.5952091832314768
40591,46,3.673913,3.597947577635447
40597,17,2.8235295,3.349298067946932
40614,658,3.1899695,3.2138459413065075
40617,113,2.6460178,2.916582697008285
40629,4162,3.8560789,3.852184994721118
40723,518,2.9903474,3.0376811883818937
40732,1948,3.4702258,3.47167309769639
40738,21,3.7142856,3.5831403833040048
40752,35,3.1714287,3.3812114491182217
40755,26,3.6730769,3.5776706306557906
40815,11929,3.7365663,3.7356960033074733
40817,64,3.0,3.231604994389049
40819,6994,3.802974,3.8010225759725014
40826,847,3.4031878,3.4101482665658396
40828,26,3.4038463,3.485565423965454
40831,8,3.25,3.4897063682819236
40833,24,3.2916667,3.4513915036175704
40851,716,3.0391061,3.0710221395168853
40870,604,3.9023178,3.8737047367504247
40887,93,3.0752687,3.2335871516407786
40898,7,3.7142856,3.5509292744753655
40946,399,3.300752,3.326064559558452
40952,123,2.9268293,3.100595248227864
40955,301,3.5465117,3.5438831226098912
40959,484,3.1188016,3.1571216118916143
40962,286,2.9003496,2.9937588089988347
40964,21,2.142857,3.118351660983663
40966,442,3.0531673,3.1014287297318623
40969,14,3.107143,3.4359839111566544
40973,85,3.2705882,3.3659478735040733
40988,99,3.338384,3.402033401015621
41014,162,3.4228394,3.447655437127599
41025,123,3.317073,3.3780518005349043
41058,13,3.1538463,3.4508408062041753
41094,16,3.21875,3.45307529333866
41126,9,3.3333333,3.498355400764336
41130,10,3.15,3.4650495052337646
41136,93,3.516129,3.5203004750338467
41212,8,2.8125,3.4293615406957167
41226,115,3.8043478,3.7206240061557656
41285,3647,3.7275844,3.724885890636697
41336,44,3.909091,3.7064146082452
41411,102,3.0,3.1737037457917867
41425,53,3.0754716,3.2951744297175734
41434,9,3.6111112,3.5407283023252325
41499,9,3.4444444,3.5153045613886946
41527,358,3.7527933,3.725252389907837
41564,11,2.1818182,3.285294591403398
41566,8456,3.4198203,3.4204565600286
41569,6273,3.2686114,3.2706630518405135
41571,2152,3.607342,3.6055417636867872
41573,990,3.2181818,3.233079807116435
41575,80,2.86875,3.122330592228816
41585,98,3.392857,3.4385335316529146
41617,153,2.761438,2.950260921064856
41627,125,3.996,3.8623027188437327
41644,17,2.9705882,3.3866114758733494
41650,13,3.8076923,3.585761414633857
41688,21,3.6666667,3.569055929989882
41691,13,3.7692308,3.5778249256194585
41699,50,3.58,3.554029655456543
41704,13,2.5,3.315920148577009
41712,57,3.7807016,3.662644511071321
41714,23,3.4782608,3.5123694073664
41716,1039,3.43359,3.4379273757023805
41721,87,3.5574713,3.5467370095914297
41724,171,3.4415205,3.4610993970033808
41753,38,3.131579,3.3568519137122412
41767,6,2.8333333,3.4536244443484714
41769,111,3.427928,3.459024684029336
41792,9,3.0555556,3.4559825355723754
41810,15,3.4,3.4985072429363546
41812,11,2.8636363,3.408245379807519
41815,31,3.6774194,3.5852218704459107
41824,10,3.3,3.4900494813919067
41828,58,3.724138,3.6333608759774103
41831,69,3.3115942,3.402545987057085
41863,731,3.6675787,3.6586466030946307
41880,6,3.5833333,3.533981587205614
41889,14,3.857143,3.6000464111566544
41912,45,3.3888888,3.4621364944859554
41941,80,3.46875,3.491561302771935
41974,11,2.5454545,3.3508683423526953
41997,4889,3.7232563,3.7212802717912097
42002,779,3.1867778,3.2073617599841624
42004,1043,3.672579,3.665967903547296
42007,682,2.8218474,2.8700859598774726
42009,493,2.5324543,2.6241305998456195
42011,1543,2.961763,2.97953743374879
42013,342,2.7368422,2.83776272073084
42015,585,3.2863247,3.3053589636885277
42018,421,3.5273159,3.527394786255628
42021,94,3.1170213,3.2597428725825415
42053,59,1.9237288,2.6596602748293394
42094,242,3.8285124,3.777064991323915
42150,11,3.5,3.5229994977106815
42152,13,3.8846154,3.6016344418601385
42163,177,3.8926554,3.812347886845929
42172,39,2.4230769,3.043853564208813
42176,8,3.3125,3.4983270579370958
42197,457,3.594092,3.587579810877994
42208,24,2.8541667,3.3094996117256783
42213,49,3.489796,3.509120905038082
42217,189,4.021164,3.9180039920567467
42285,52,2.2884614,2.8961074959998037
42312,24,3.125,3.3973374237885348
42385,54,2.9074075,3.2057978419157176
42418,875,3.3782856,3.3863815243179736
42518,43,3.3023255,3.4236877990025345
42543,12,3.0833333,3.44198336139802
42546,23,3.347826,3.471273526753465
42548,16,3.65625,3.559135899399266
42550,5,2.7,3.4527812654321846
42553,5,3.0,3.4800539883700283
42556,70,3.4571428,3.486691395441691
42559,17,3.6764705,3.565715942809831
42584,15,3.9,3.6138918583209696
42602,21,3.452381,3.505675608003643
42629,12,3.125,3.4500478929088962
42632,1170,3.8047009,3.7933630865128314
42634,54,3.2314816,3.374067049760085
42638,6,3.25,3.4982673100062778
42677,13,3.5769231,3.538142382152497
42679,5,2.7,3.4527812654321846
42681,51,3.3137255,3.419831370363141
42698,9,3.8333333,3.574626587205014
42710,47,2.7021277,3.1278656807142435
42718,1113,3.6006289,3.5975089274084167
42721,375,1.676,1.893889338829938
42723,1710,2.6929824,2.7167062122713435
42725,935,3.5743315,3.5719826826589363
42728,473,3.382664,3.3965641011699437
42730,436,3.6020641,3.5944504757476934
42732,347,3.2925072,3.322173697522065
42734,871,3.120551,3.142674251436281
42736,14,2.4642856,3.2953588739037514
42738,2456,3.3363192,3.340144830233368
42740,87,2.454023,2.846007009492303
42761,23,2.8043478,3.300040653307144
42763,6,2.9166667,3.4625530328069414
42783,44,3.9772727,3.738329471425807
42794,20,3.175,3.427185262952532
42856,10,3.05,3.44838281472524
42886,5,3.3,3.5073267113078725
42900,151,3.6291392,3.603994956657068
42935,23,3.5434783,3.5329173852319586
42938,27,3.5370371,3.531207428350077
42943,13,2.6153846,3.339729664817689
42946,102,3.5539215,3.545414199954585
42952,5,3.6,3.5345994342457163
42956,7,2.9285715,3.454438063136318
42958,157,3.4936306,3.5019467683230046
42973,6,3.0,3.471481595720564
42984,14,3.4285715,3.5062964037060738
43007,14,3.5357144,3.529733918607235
43009,40,3.0875,3.3322552575005426
43011,19,2.8157895,3.3319270887236665
43014,19,2.9473684,3.368158965870954
43022,52,2.3653846,2.935323210323558
43039,7,2.9285715,3.454438063136318
43177,40,3.7,3.604477458530002
43244,9,3.5,3.523779141700874
43260,9,2.5,3.371236768819518
43267,25,3.62,3.558706219991048
43269,9,3.1666667,3.472931696196734
43289,20,3.075,3.398613861628941
43292,7,3.4285715,3.5158415719082483
43333,299,3.8494983,3.8034468557909773
43351,16,3.65625,3.559135899399266
43376,634,3.8548896,3.8309985315590573
43383,6,3.6666667,3.542910175664084
43389,33,2.6515152,3.1795538850577483
43391,81,2.5679011,2.9343737500314493
43396,1343,3.8194342,3.808975631182603
43415,53,3.3301888,3.426242458010183
43419,301,2.6910298,2.8102647728390164
43444,52,3.5576923,3.543166356928208
43460,419,3.4343677,3.4443561141170673
43482,30,3.4333334,3.4925371408462524
43497,82,3.8353658,3.7189618385199346
43518,13,3.8076923,3.585761414633857
43549,35,2.9142857,3.275329028858858
43552,38,3.118421,3.3511701172048394
43556,220,2.9431818,3.0514924261305065
43558,417,2.236211,2.3745245867163516
43560,919,3.2295973,3.2449978490362965
43571,6,3.8333333,3.5607673014913286
43589,39,3.1153846,3.347224358762248
43608,22,3.2727273,3.4500412344932556
43626,6,2.5,3.417910167149135
43628,5,2.9,3.4709630879488858
43635,70,3.2857144,3.386691470940908
43652,219,3.6689498,3.642762025492785
43677,124,3.3951614,3.4333504698742394
43679,1018,2.7131631,2.75131371092707
43684,171,3.380117,3.4135880815497353
43699,47,3.6914895,3.6072471535082946
43708,322,3.447205,3.4580725828806558
43710,17,3.5294118,3.528402534883414
43727,7,2.7142856,3.4281222569315055
43744,295,3.481356,3.4881245260653286
43762,24,3.4166667,3.4919320441581108
43801,15,3.4666667,3.5138918436490574
43803,6,3.3333333,3.5071958729199
43813,7,3.5,3.5246134975500274
43822,7,3.2142856,3.4895257657034353
43828,16,3.5625,3.536408626671993
43832,146,3.5273972,3.5275660923549106
43836,916,2.650655,2.6960693353451557
43838,55,2.7272727,3.1085997195470902
43853,64,3.3671875,3.437745345266242
43869,255,2.9666667,3.058698286775683
43871,823,2.8894289,2.9260056313780165
43883,31,3.3387096,3.4555921819474964
43892,7,3.4285715,3.5158415719082483
43897,79,3.7911391,3.689170234887175
43899,59,3.8898306,3.7238804965937904
43904,283,2.3780918,2.5507596161988406
43906,56,2.5089285,2.9896506363490842
43908,137,3.0145986,3.151887586410033
43910,115,3.5217392,3.523654439232566
43912,177,2.4830508,2.713228921008005
43914,142,3.3133802,3.3692862689495087
43917,500,3.419,3.4289144082502885
43919,766,1.6527416,1.767650732514905
43921,626,3.4968052,3.4991168919399644
43923,83,2.6626506,2.987992240073986
43926,62,1.8870968,2.6196693629026413
43928,1255,2.4366534,2.4784696979084235
43930,389,2.840617,2.918913347574464
43932,257,2.4377432,2.615319115331196
43934,72,3.6388888,3.5934669307020846
43936,1796,3.3028953,3.3089940095903554
43967,19,2.6052632,3.2739560984183047
43971,13,3.0769231,3.4349677789778936
43983,67,3.5,3.5119911911141157
43987,72,2.9027777,3.1590406699258775
43997,5,2.6,3.4436903433366255
44004,1146,2.8193717,2.8489991119474074
44022,3096,3.311531,3.3149723942993705
44041,62,3.435484,3.4768122604915073
44058,115,3.1869564,3.2903209455085523
44073,50,3.3,3.414029669761658
44100,85,3.4882352,3.5029849211374917
44115,59,3.3050847,3.407366669506108
44124,8,3.1875,3.481085678626751
44153,27,3.5555556,3.537700910072822
44155,23,2.8043478,3.300040653307144
44161,21,2.7142856,3.287365735416681
44168,107,3.5607476,3.550337357126224
44187,63,2.1746032,2.7734776323875496
44189,86,2.8837209,3.120610033764559
44191,17562,3.923158,3.922036256108965
44193,1046,3.2724664,3.284126684178401
44195,8105,3.836459,3.8345680597879492
44197,282,3.3156028,3.3475992564695427
44199,6197,3.8914797,3.88857097165459
44204,604,3.7226822,3.7078028148102833
44225,274,2.6861315,2.816058623937913
44234,13,2.9230769,3.4032217245253307
44238,75,2.0466666,2.639223728179932
44241,39,2.0769231,2.8921682191698737
44243,39,1.6666666,2.7123928967486606
44255,13,3.3076923,3.4825868114592535
44295,34,2.9558823,3.296463903926668
44301,101,3.4059405,3.446377239479924
44317,86,3.2034883,3.3228159371544335
44392,25,3.22,3.4253729343414308
44397,1004,2.8605578,2.8922229555119148
44399,197,2.428934,2.6514290952489445
44421,30,3.5833333,3.548787087202072
44427,29,3.0517242,3.3532021649276156
44494,99,2.1767676,2.630221211670229
44511,30,3.25,3.4237871170043945
44555,6890,4.1980405,4.193213532225199
44568,34,3.8529413,3.659559198788234
44571,5,1.7,3.3618721745230933
44582,33,3.4242425,3.4867827921028596
44585,7,3.5714285,3.533385423191807
44587,150,3.76,3.7020148396492005
44590,36,3.0972223,3.3477089904075443
44595,43,3.6976745,3.6064835850910475
44597,39,3.5384614,3.5326175930794705
44601,13,3.2692308,3.4746503224448553
44611,34,2.985294,3.308368677184695
44613,263,3.3365018,3.367102084449305
44628,5,3.8,3.552781256762418
44633,369,3.897019,3.8529903268472676
44653,65,3.7153847,3.633938924126003
44655,32,3.6875,3.590280114150629
44657,121,3.6363637,3.6046958039378563
44663,16,3.0625,3.415196505459872
44665,6433,3.8642936,3.861700376242597
44671,33,2.8333333,3.251842972743942
44674,19,3.7631578,3.5927966435750327
44685,16,2.875,3.3697419600053267
44694,2160,3.8377316,3.8307254411516145
44709,857,3.6756127,3.667478547995251
44719,22,3.8181818,3.616707887914446
44729,167,1.7844311,2.186188769779996
44731,206,2.7961166,2.939074167981744
44752,5,3.0,3.4800539883700283
44759,422,2.1753554,2.318650344670829
44761,2123,3.785916,3.7799828939047266
44763,14,3.0714285,3.4281713888049126
44777,26,2.5384614,3.189512723370602
44779,31,2.7096775,3.2148514883017834
44788,935,3.7213905,3.711576724415503
44800,36,2.9166667,3.2721275839694712
44815,91,2.7967033,3.0560494551421904
44828,790,3.2,3.219527389322008
44840,502,2.6653388,2.743483739486639
44844,46,2.0217392,2.8062809854745865
44849,251,3.3804781,3.4049933004220856
44851,15,3.3,3.475430286847628
44856,21,2.8333333,3.322577009738331
44861,13,2.8461537,3.387348697299049
44864,462,3.0595238,3.105279247276485
44881,35,3.0428572,3.32827023898854
44889,137,3.649635,3.6171282077218123
44892,5,2.3,3.4164176203987817
44900,68,3.1323528,3.3000250994148903
44903,8,2.875,3.437982230350889
44911,49,3.3163266,3.4232623601200607
44929,331,3.5468278,3.5443647477257594
44931,5,2.5,3.434599442915483
44937,267,3.5468166,3.5438580385141942
44943,158,3.4240506,3.4490526891671696
44947,59,3.5932202,3.563329937261179
44949,79,2.677215,3.0069997070371643
44966,60,3.2333333,3.367299730127508
44972,1392,2.3354886,2.3768398348402218
44974,1917,3.6228483,3.6204387938000555
45000,29,3.724138,3.600037620037417
45003,225,3.3977778,3.421465357867154
45028,677,3.2976367,3.313484246661935
45030,17,2.6176472,3.2970592726522416
45036,9,3.7222223,3.557677462949591
45047,10,2.8,3.4067161480585733
45062,633,3.078989,3.1118638721426968
45068,22,3.4545455,3.505596809917026
45072,6,3.3333333,3.5071958729199
45074,241,2.6307054,2.7848898979396757
45079,6,2.8333333,3.4536244443484714
45081,1639,3.167175,3.177858427334566
45100,33,2.7727273,3.2277466101818773
45106,433,2.7309468,2.8134636123728307
45134,6,3.5,3.525053024291992
45137,12,2.7083333,3.36940271623673
45170,17,3.3529413,3.48362643327286
45172,48,3.75,3.6367649934729753
45175,284,3.5774648,3.5700687962377855
45179,29,3.5689654,3.5430755313438707
45183,356,3.5098314,3.5120762510252703
45186,3896,3.329954,3.332464115183425
45188,29,3.1724138,3.3975059533420997
45192,30,3.8833334,3.661287158727646
45194,19,3.868421,3.62178217155346
45208,541,2.6414049,2.716417939933222
45210,1647,3.632362,3.6292887450528974
45221,287,3.0958188,3.159949415161631
45224,16,2.9375,3.384893475156842
45259,21,3.0238094,3.378915034549337
45303,19,3.3157895,3.469608248143956
45329,15,3.6,3.544661045074463
45335,72,3.4583333,3.486909538018899
45361,242,2.518595,2.6914484745835603
45382,220,3.0590909,3.145936877639205
45412,47,3.712766,3.617556372868646
45431,2241,3.3710396,3.3744665115278187
45440,449,3.115813,3.157120268426104
45442,809,2.6761434,2.725731066691584
45447,6343,3.125887,3.1290323298320177
45499,7349,3.322833,3.324219912995453
45501,1578,2.8967047,2.916095174794115
45503,190,3.581579,3.5704290568828583
45506,115,3.7,3.647896817236236
45508,19,2.6842105,3.295695211576379
45512,11,2.6363637,3.367261812335155
45517,5332,3.3990998,3.4002978903615575
45521,31,3.2419355,3.41855518023173
45525,79,3.120253,3.278317543887353
45527,9,2.8888888,3.4305587946358376
45533,26,3.3653846,3.472407479035227
45537,8,3.625,3.541430506212958
45550,25,3.04,3.36537291208903
45578,13,3.1538463,3.4508408062041753
45581,6,2.9166667,3.4625530328069414
45611,39,3.1923077,3.3809322480405313
45635,219,3.1506848,3.2208288026121914
45642,11,3.7727273,3.5721798216710323
45648,18,2.7777777,3.3294554037206314
45652,9,3.0555556,3.4559825355723754
45656,10,3.5,3.523382822672526
45658,56,3.5267856,3.527386449417978
45662,596,2.6954699,2.7599117704220233
45664,42,3.0833333,3.325032239374907
45666,1352,2.731139,2.7595597877992204
45668,1391,3.2943926,3.3025003859435906
45672,3028,2.9829922,2.991846415499265
45679,74,3.1756756,3.3177658550200926
45689,5,3.7,3.5436903563412754
45691,18,3.7222223,3.5794554598191204
45707,7,3.4285715,3.5158415719082483
45720,4681,3.4364452,3.437413468619931
45722,11075,3.4650114,3.4652947201889552
45726,1114,2.7401257,2.7739716067756572
45728,2845,3.565202,3.564560501892538
45730,1219,2.8457751,2.872657879963928
45732,1068,2.5360487,2.5804140682936993
45756,5,2.6,3.4436903433366255
45758,6,2.6666667,3.435767318521227
45837,59,3.5169492,3.5220456035858994
45852,123,2.2520325,2.620826411109439
45880,1193,3.244342,3.255754691213729
45891,35,3.4714286,3.504740841248456
45899,11,3.8181818,3.5803765351655055
45928,790,3.7835443,3.768336866583143
45940,20,3.6,3.548613820757185
45942,29,3.775862,3.619024895414521
45950,2689,3.6519153,3.649654342032297
45952,9,3.3333333,3.498355400764336
45969,56,2.9107144,3.2019148592679008
45987,19,3.4736843,3.513086540111597
45991,9,2.5555556,3.3797113491316972
46034,22,3.4318182,3.4986523720953198
46062,639,2.4976525,2.572428064526252
46083,8,3.25,3.4897063682819236
46098,23,3.4782608,3.5123694073664
46108,20,3.1,3.4057566779000417
46115,7,2.642857,3.4193503312897264
46194,52,2.6442308,3.0774801291671454
46201,13,2.6153846,3.339729664817689
46231,17,2.2941177,3.2149697026210045
46258,22,3.3181818,3.4639301101366677
46318,5,3.4,3.516417633403431
46322,1230,3.797561,3.787033526226878
46331,28,3.232143,3.4218329649705153
46335,1559,2.8056448,2.8280939313474835
46337,292,2.3989725,2.5640436919809084
46347,241,3.6120331,3.597604650812051
46363,16,3.4375,3.506105596368963
46367,17,2.8529413,3.356760761631069
46409,14,3.5357144,3.529733918607235
46430,61,3.0,3.237864588831996
46441,9,3.1111112,3.4644571158845547
46457,9,3.1111112,3.4644571158845547
46525,8,3.5625,3.5328098165577857
46530,3858,3.016589,3.023132816551896
46544,13,3.5769231,3.538142382152497
46559,202,3.5668316,3.5591386916145447
46561,35,3.4285715,3.487093771205229
46572,150,3.12,3.2220147609710694
46574,102,2.9068627,3.1112037395176135
46578,13783,3.888776,3.8874722372845265
46581,12,3.0833333,3.44198336139802
46604,74,2.7635136,3.071798170766523
46613,26,2.3461537,3.1237232434122184
46627,8,2.1875,3.3431546441439925
46634,8,3.0,3.4552236096612337
46640,15,3.2333333,3.4600456861349254
46653,107,3.3317757,3.3942864047493906
46664,125,3.8,3.7223026479993546
46713,7,2.9285715,3.454438063136318
46716,15,3.0333333,3.4138918289771447
46723,4599,3.662318,3.660874039825764
46748,15,3.3333333,3.4831225872039795
46753,5,3.1,3.489144888791171
46765,25,3.46,3.505372937520345
46770,25,2.92,3.3253729502360025
46772,195,3.0692308,3.1628692831311906
46788,10,2.4,3.3400495052337646
46803,150,3.7766666,3.7145148277282716
46808,6,2.0833333,3.3732673014913286
46839,35,3.4285715,3.487093771205229
46848,26,3.0384614,3.3605653549495496
46850,600,3.82,3.7975429681631234
46855,325,3.9984615,3.935741205215454
46862,20,3.55,3.534328120095389
46865,298,1.8959732,2.130468346606726
46869,6,3.5,3.525053024291992
46880,12,3.1666667,3.458112424419772
46901,6,3.4166667,3.51612446137837
46910,13,2.9230769,3.4032217245253307
46912,33,3.1060605,3.360276699066162
46915,18,2.75,3.322102490593405
46919,103,3.5339806,3.5320455685160517
46925,5,3.4,3.516417633403431
46929,16,2.53125,3.286408626671993
46948,1102,3.2676952,3.27899571797914
46952,9,3.2777777,3.4898808204521568
46954,6,2.1666667,3.3821958899497986
46957,9,3.3333333,3.498355400764336
46959,113,3.216814,3.3122880736743014
46961,8,4.125,3.6103960234543373
46965,1800,2.5552778,2.5815692179911847
46967,891,3.3860831,3.393627029422999
46970,2674,3.1832461,3.1895753069946244
46972,3515,3.0641537,3.070660062792592
46974,655,2.944275,2.9856780572985926
46976,6716,3.823258,3.821076438231754
47005,5,3.7,3.5436903563412754
47007,8,3.5,3.524189126902613
47044,1263,2.9576406,2.979362610543128
47047,18,2.8055556,3.336808379958658
47049,26,2.9807692,3.3408285191184595
47063,12,2.875,3.4016607961347027
47076,13,3.1923077,3.4587772952185736
47084,34,3.6470587,3.576225785982041
47092,29,3.3793104,3.4734553174127507
47099,4978,3.8247287,3.8217785549050016
47117,46,3.1847825,3.3635725478331246
47122,681,3.058003,3.0901545519378706
47124,347,2.9236312,2.999755649182298
47129,6,2.75,3.4446958814348494
47135,10,3.75,3.565049489339193
47146,13,3.3076923,3.4825868114592535
47148,56,3.75,3.64531103170143
47150,79,3.5759494,3.557387398194897
47152,73,3.8219178,3.702463144209327
47165,7,2.7142856,3.4281222569315055
47180,17,3.5882354,3.543327922251687
47196,27,3.148148,3.3948437269631917
47200,2364,3.411379,3.4137958405723032
47202,180,3.7527778,3.7039259827655293
47221,38,2.881579,3.248897368257696
47239,28,3.1964285,3.409012415470221
47248,6,3.3333333,3.5071958729199
47254,281,3.227758,3.2731206885277326
47261,203,2.857143,2.9897351114175064
47264,239,2.6171548,2.7747507796568027
47274,114,3.8289473,3.737213184193867
47285,7,2.7857144,3.4368942118527595
47287,55,3.5636363,3.5466949144999185
47306,84,3.6547618,3.607484774803048
47330,41,3.097561,3.3340985224797177
47342,6,3.25,3.4982673100062778
47356,9,2.9444444,3.439033374948017
47382,744,3.4025538,3.410457171480962
47384,132,2.5871212,2.8456207369710063
47394,135,3.4481483,3.469745855073671
47397,5,3.1,3.489144888791171
47404,165,3.8272727,3.7576881730279257
47423,1031,3.6901066,3.6826113831875613
47446,129,3.4069767,3.440798679543607
47452,11,2.8636363,3.408245379807519
47458,11,3.1818182,3.465622460255857
47460,14,3.4642856,3.5141088739037514
47465,432,3.3576388,3.3753173163322985
47477,9,3.4444444,3.5153045613886946
47482,14,3.1785715,3.4516089037060738
47484,16,3.625,3.5515601418235083
47491,627,3.917863,3.8890738592894425
47493,38,3.5131578,3.5216246301477607
47501,6,3.3333333,3.5071958729199
47503,47,2.968085,3.256731615853064
47516,121,2.3388429,2.68656699699268
47518,1351,3.2483346,3.258317684803921
47525,45,2.9777777,3.267399649871023
47538,17,3.235294,3.4537756585363133
47561,5,3.4,3.516417633403431
47566,33,3.409091,3.4807587014623436
47571,21,3.0952382,3.4000418555568643
47601,32,3.6875,3.590280114150629
47606,6,2.9166667,3.4625530328069414
47610,7813,3.8160117,3.8141806086222814
47615,16,3.0625,3.415196505459872
47619,25,3.5,3.5187062581380206
47626,5,2.6,3.4436903433366255
47629,2175,3.7266667,3.722203603487336
47634,132,3.5,3.5077086228590746
47640,884,3.0412896,3.0673479094495097
47642,55,2.990909,3.246694950830369
47644,753,3.562417,3.5602777001272847
47646,83,2.9277108,3.153405739848775
47665,11,3.0454545,3.4410322767789245
47670,34,3.6176472,3.5643211092267717
47681,8,2.5,3.3862580924198546
47701,7,3.2142856,3.4895257657034353
47707,5,2.9,3.4709630879488858
47714,26,3.4615386,3.505302259796544
47719,18,3.4444444,3.505926012992859
47721,365,3.8890412,3.8455494024667396
47723,68,3.5294118,3.5288387395567815
47725,285,3.5438597,3.5415014615699425
47728,49,3.3877552,3.4586158786157166
47736,14,3.2142856,3.4594213739037514
47740,16,3.46875,3.5136813539447207
47774,15,3.3,3.475430286847628
47778,134,3.597015,3.5782769918441772
47793,91,3.3076923,3.3858366502937693
47805,68,3.0220587,3.2364657854629777
47808,34,3.0588236,3.338130610329764
47810,675,2.0155556,2.1198662248151057
47815,16,1.84375,3.1197419600053267
47830,141,3.067376,3.187973670310375
47836,48,3.5,3.5143160138811385
47868,24,3.6041667,3.5527428549689217
47894,569,3.721441,3.7058205423524577
47902,8,3.6875,3.5500511958681304
47904,45,3.7333333,3.6252944218484977
47907,30,3.4833333,3.511287122964859
47918,13,3.2307692,3.4667137842329723
47927,12,3.0416667,3.4339188760326755
47931,15,3.6333334,3.552353400450486
47935,19,3.5263157,3.527579238449318
47937,301,3.2425249,3.283199296038375
47940,53,3.2924528,3.406824935987158
47950,402,3.1181593,3.163502224778707
47952,368,2.8016305,2.888523904900802
47956,48,3.1666667,3.3510507466841717
47962,5,3.3,3.5073267113078725
47970,501,3.226547,3.2539074732474105
47972,14,3.1785715,3.4516089037060738
47976,92,2.9402175,3.1472040767401035
47978,174,3.2528737,3.3142990448645184
47980,11,2.9545455,3.424638849789979
47997,2341,3.317813,3.3222095416909427
47999,1305,3.7670498,3.758230955398391
48001,55,3.6727273,3.603837842033023
48032,117,3.6837606,3.637143500550778
48035,31,3.2903225,3.437073681089613
48043,3226,3.615778,3.61443916316143
48045,81,3.7469137,3.6633815019185305
48049,23,3.0869565,3.3890817655275947
48057,12,3.1666667,3.458112424419772
48059,75,3.6533334,3.6032238101959226
48061,248,3.425403,3.4426273243539285
48082,2169,3.7464268,3.741506418917511
48084,7,2.7142856,3.4281222569315055
48093,10,3.3,3.4900494813919067
48098,13,3.0384614,3.4270312407660106
48123,20,3.7,3.5771852902003696
48142,925,2.7405405,2.7809260881864106
48159,45,3.0555556,3.304241795288889
48161,255,3.327451,3.360337613058872
48165,148,3.6486487,3.618196882382788
48167,26,3.3461537,3.4658285065701135
48177,7,3.642857,3.542157348833586
48193,31,3.8548386,3.6531230402581487
48198,18,3.0555556,3.402984850546893
48214,26,3.0192308,3.353986464048687
48229,37,3.337838,3.4471606084670143
48231,135,3.4703703,3.4859619398374817
48239,17,3.4705882,3.5134771475151405
48242,10,2.15,3.298382838567098
48262,159,3.663522,3.631114680230903
48264,9,2.7222223,3.405135090068235
48268,26,3.4423077,3.4987232873314307
48301,64,3.578125,3.5561663978978206
48304,3091,3.6287608,3.6271577992662434
48308,9,3.6111112,3.5407283023252325
48315,13,2.6153846,3.339729664817689
48319,318,3.3034592,3.3339755016824473
48322,1177,3.1677995,3.1824799909179737
48326,284,3.1144366,3.1763562014003
48342,154,3.5746753,3.563249847468208
48381,10,3.4,3.506716171900431
48385,8951,3.412859,3.413498894265858
48389,19,3.3157895,3.469608248143956
48394,13791,4.001668,3.9999570863094127
48407,9,2.1111112,3.3119147430031988
48412,642,3.483645,3.486854097057629
48414,601,2.981697,3.0236603931714128
48416,294,2.9489796,3.033148187537526
48458,5,2.5,3.434599442915483
48501,25,3.64,3.5653729597727457
48516,17275,4.112677,4.110989888921961
48518,470,2.5457447,2.640197996909802
48520,571,2.8231173,2.8798758818523513
48522,136,2.7610295,2.967220316651047
48528,9,2.7222223,3.405135090068235
48530,22,3.2272727,3.4361523588498435
48536,8,3.0625,3.4638442993164062
48543,77,3.409091,3.4559289451659194
48555,13,2.6153846,3.339729664817689
48560,440,3.144318,3.183475377608319
48567,14,3.3214285,3.4828588888049126
48575,52,3.5288463,3.5284605400235045
48584,39,2.9230769,3.2629546878043185
48591,405,2.4728396,2.5887978129334503
48593,498,2.932731,2.9870492045896766
48596,204,2.3946078,2.617728177018053
48598,170,3.535294,3.533649813045155
48600,76,3.2302632,3.3484363101777577
48626,5,3.3,3.5073267113078725
48638,49,3.367347,3.448514873331243
48647,6,4.1666665,3.596481578690665
48649,7,3.2142856,3.4895257657034353
48660,64,3.546875,3.5386225382486978
48673,61,2.7950819,3.1252519139298447
48678,259,3.1814673,3.237550157559342
48682,79,3.5316455,3.5302555561065674
48696,1388,3.7723343,3.7638407715172693
48698,296,3.8395271,3.794517340687658
48700,15,3.4666667,3.5138918436490574
48704,29,2.810345,3.264594588098647
48711,110,3.5727272,3.5587685108184814
48715,5,2.9,3.4709630879488858
48738,4452,3.8678122,3.864038802951455
48741,161,3.6024845,3.584848190370894
48744,662,3.5415409,3.540594128410468
48770,15,2.6666667,3.329276470037607
48774,10369,3.88509,3.883376748997324
48780,14261,4.056483,4.054636577783195
48783,1276,3.4796238,3.4814501743690642
48791,86,2.7267442,3.0213453559314503
48817,19,2.6842105,3.295695211576379
48825,102,3.2941177,3.3710721950781974
48833,29,3.086207,3.3658603776859333
48851,16,3.34375,3.4833783236416904
48856,280,3.6178572,3.6042514858823833
48863,10,3.05,3.44838281472524
48872,289,3.7525952,3.7194778117458376
48877,1780,2.7901685,2.8103294763408724
48879,150,3.3566666,3.3995147705078126
48883,150,3.1333334,3.2320149302482606
48895,16,2.8125,3.3545904448538115
48901,12,2.75,3.3774672477476058
48909,42,3.452381,3.4935105106104976
48957,24,3.125,3.3973374237885348
48970,11,3.2727273,3.482015887244803
48972,29,3.1551723,3.3911768032025686
48982,1145,3.3716156,3.3781614114051086
48997,1858,3.6498923,3.646699642985122
49007,79,3.3037975,3.390720701956934
49013,262,2.3854961,2.568599224090576
49035,20,3.275,3.455756732395717
49037,18,3.6111112,3.550043681088616
49050,18,3.6388888,3.5573965942158416
49060,27,3.2037036,3.4143242557327467
49079,9,3.2777777,3.4898808204521568
49085,15,4.0666666,3.652353360102727
49098,5,3.0,3.4800539883700283
49110,70,2.6142857,2.9950247406959534
49115,5,2.8,3.461872165853327
49130,595,3.4554622,3.461089904918227
49132,237,3.6434598,3.62335519591275
49183,12,3.7916667,3.579080166355256
49200,75,3.6733334,3.615223798751831
49205,86,2.3837209,2.8044335631763233
49220,407,3.07371,3.1234199672089624
49225,117,3.7350428,3.6730717256397543
49263,123,3.2398374,3.3231385581066153
49265,87,3.8563218,3.7365180071252975
49272,14390,3.8259556,3.824924132665439
49274,1898,3.0479453,3.0602685188610694
49276,197,2.8350253,2.975315609441595
49278,3274,3.5864387,3.585560508009616
49280,432,3.40625,3.418885828548447
49282,151,2.115894,2.4671789816956022
49284,387,3.3307493,3.353324801207134
49286,2307,3.5327265,3.532627520340704
49291,13,3.7307692,3.5698883874075755
49299,23,3.5,3.51921875836098
49312,173,3.6878612,3.6520312003490636
49314,313,3.2172525,3.2600633598884605
49330,42,3.2619047,3.40655399405438
49347,445,3.1235955,3.164450416661272
49355,89,3.6629214,3.614409902970568
49359,40,3.7875,3.6433662838406033
49371,5,3.5,3.5255085338245737
49379,9,2.8333333,3.422084214323658
49389,80,3.3625,3.4261766580434947
49394,121,3.801653,3.7216548027350886
49396,1056,3.2400568,3.253076763739422
49412,114,3.7236843,3.6640425658807523
49422,168,3.5416667,3.5385457922559267
49435,25,2.6,3.218706226348877
49464,9,3.3333333,3.498355400764336
49494,7,2.9285715,3.454438063136318
49518,9,3.1111112,3.4644571158845547
49524,132,3.314394,3.37309328016344
49526,202,2.4826732,2.6900910687825035
49528,217,2.5414746,2.726228289836355
49530,8309,3.860934,3.858942903932137
49571,30,2.7333333,3.230037122964859
49591,13,2.8461537,3.387348697299049
49615,46,3.5,3.5146142641703286
49642,88,2.6079545,2.94132583728735
49644,20,3.4,3.4914710181100026
49647,406,3.1527092,3.193866059445498
49649,1358,2.554492,2.5890647023916245
49651,1384,3.3280346,3.3350090029515647
49663,11,3.2272727,3.4738191737503303
49666,123,3.3252032,3.383832141843145
49668,23,3.6956522,3.5808626168394744
49688,101,3.7524753,3.678165369475914
49735,32,2.609375,3.1695484068335555
49739,5,3.0,3.4800539883700283
49746,11,3.2727273,3.482015887244803
49752,13,3.4230769,3.506396327699934
49754,9,2.9444444,3.439033374948017
49757,15,2.9333334,3.3908149279080906
49766,37,3.5810812,3.5506088733673096
49772,929,3.7578042,3.7460705103986234
49793,525,3.5333333,3.53287470029748
49815,71,3.5633802,3.5487848471018895
49817,55,3.7,3.6181235426948186
49822,1420,3.425,3.428505375271752
49824,855,3.2877192,3.3009977103596895
49856,94,3.3670213,3.422937317026986
49872,9,3.1666667,3.472931696196734
49899,7,3.357143,3.5070696462664688
49902,40,3.3875,3.4655885696411133
49910,599,3.669449,3.658556201608596
49917,105,3.7666667,3.6896965657511065
49926,16,3.15625,3.437923778187145
49929,12,3.25,3.4742414412959928
49932,740,3.5777028,3.574560775032526
49951,15,3.2333333,3.4600456861349254
49953,25,3.02,3.358706251780192
49957,293,3.4675767,3.476393454276438
49961,1200,3.7454166,3.736722351074219
49973,9,3.1111112,3.4644571158845547
49994,9,3.2777777,3.4898808204521568
50003,251,2.4521914,2.6309069731702834
50005,525,3.4142857,3.4241790273915167
50011,252,3.8373015,3.7861024686042835
50059,18,3.0277777,3.3956318743088665
50064,308,3.017857,3.0891143809483705
50066,164,3.7987804,3.7355278585558738
50068,2419,3.8162463,3.810410165748117
50147,160,2.03125,2.3876331874302457
50149,132,2.3863637,2.7000163937662984
50151,46,2.4673913,3.0198225726683936
50153,95,2.463158,2.830365304289193
50158,138,2.9311595,3.0899094672913248
50160,472,3.5911016,3.585063115847065
50162,251,3.1095617,3.1790795730197945
50165,15,2.7666667,3.3523533711066613
50183,60,3.2666667,3.385481530969793
50208,10,2.65,3.381716171900431
50229,70,3.4571428,3.486691395441691
50253,22,2.1818182,3.1167079276508756
50259,92,3.4184783,3.4570631577935016
50271,15,3.1,3.4292764296898475
50274,255,3.6078432,3.594763853510872
50347,13,3.0384614,3.4270312407660106
50349,11,3.3181818,3.4902126007392758
50354,25,3.24,3.4320395946502686
50356,31,3.435484,3.492629274909879
50379,6,2.75,3.4446958814348494
50382,5,2.6,3.4436903433366255
50440,92,2.1467392,2.6331195764138666
50442,760,3.261842,3.278275183689447
50445,255,2.8333333,2.947222783917286
50447,174,3.183908,3.260727494955063
50477,24,3.7083333,3.586526587202742
50488,6,3.1666667,3.489338747092656
50514,361,3.803324,3.7698368069029202
50517,100,3.57,3.5560197512308758
50533,27,3.425926,3.492246370810967
50541,10,2.95,3.4317161639531455
50550,12,2.875,3.4016607961347027
50572,17,2.735294,3.326909986894522
50574,6,2.0,3.3643387385777066
50583,47,3.8829787,3.700030589841076
50585,8,3.625,3.541430506212958
50589,12,3.1666667,3.458112424419772
50594,84,3.6488094,3.603753445753411
50601,1242,3.4122384,3.416720597367538
50610,11,2.1363637,3.2770978779089255
50613,8,2.6875,3.4121201613853716
50615,62,3.282258,3.3919907808303833
50628,13,2.5769231,3.3317931758032904
50630,18,2.8888888,3.358867182451136
50641,132,3.6666667,3.628587801377852
50651,131,3.534351,3.532613065361318
50658,395,3.9886076,3.936860649773244
50685,971,3.562307,3.560629726507054
50703,100,2.49,2.8360198020935057
50705,51,3.4705882,3.4990392864340603
50740,409,3.99511,3.944233058065111
50742,249,3.9718876,3.897668825742792
50754,7,3.4285715,3.5158415719082483
50774,18,3.0555556,3.402984850546893
50792,368,3.0380435,3.0966578396883877
50794,1325,3.209434,3.2210204089771617
50796,186,2.7795699,2.938148153030266
50798,923,1.4723727,1.5780091740244584
50800,236,2.6461864,2.8003599593689392
50802,451,2.8835921,2.947910218419667
50804,807,3.0099132,3.040143438370392
50806,514,1.8589494,2.0069201643585313
50828,6,3.9166667,3.5696958899497986
50842,190,3.6105263,3.593345711628596
50851,521,3.912668,3.878989478126299
50858,103,3.0631068,3.215052073297937
50872,11759,3.8277915,3.8265223692289023
50886,41,3.0243902,3.3011315209524974
50892,21,2.8333333,3.322577009738331
50898,42,3.7380953,3.6239453398663066
50912,1114,3.731149,3.7224251793831895
50923,341,3.0718474,3.130186562647905
50940,14,3.3214285,3.4828588888049126
50944,34,3.8970587,3.6774162621725175
50949,19,3.2894738,3.4623618989750957
50954,182,3.2472527,3.307771384716034
50970,23,2.5434783,3.217848892081274
50977,5,3.2,3.49823581088673
51004,11,2.8636363,3.408245379807519
51007,131,3.5305343,3.529850598856889
51014,8,3.25,3.4897063682819236
51037,247,3.2854252,3.3262726947514696
51044,72,2.875,3.1426472898389473
51060,15,3.6666667,3.560045700806838
51063,128,3.4453125,3.4685560076424244
51077,2000,2.4915,2.5167818395102897
51080,1199,3.5979984,3.5951985810831895
51082,67,3.2238805,3.353871494276911
51084,1499,3.284523,3.2923840940806697
51086,1679,3.071769,3.0849642098604977
51088,360,2.973611,3.0412267591895126
51091,985,3.4096446,3.415365124670204
51094,94,2.8404255,3.0791872607337103
51103,9,3.2777777,3.4898808204521568
51106,5,2.4,3.4255085424943403
51111,8,3.1875,3.481085678626751
51127,102,3.740196,3.6704142125029313
51167,20,4.25,3.734328133719308
51174,202,3.2772276,3.326995843932742
51182,11,3.409091,3.5066060707217357
51185,17,3.5294118,3.528402534883414
51187,72,3.4236112,3.4664178129102363
51194,7,2.2142856,3.3667187481595757
51207,16,2.9375,3.384893475156842
51209,19,3.2105262,3.4406227201655293
51246,12,3.5,3.5226285380701863
51249,7,2.2142856,3.3667187481595757
51251,6,2.5,3.417910167149135
51255,9087,3.8507757,3.849009732416217
51265,5,2.9,3.4709630879488858
51277,272,3.8216913,3.776096261065939
51287,53,3.6509433,3.5912909044802768
51302,5,3.9,3.5618721788579766
51312,78,3.7564104,3.6672107614576817
51314,36,3.375,3.4639880158180416
51317,11,3.2272727,3.4738191737503303
51321,29,3.086207,3.3658603776859333
51341,11,3.409091,3.5066060707217357
51354,16,3.34375,3.4833783236416904
51357,175,3.7114286,3.6706799189249675
51372,157,2.8121018,2.9850384463434634
51380,34,3.3088236,3.4393210865202404
51402,10,3.7,3.5567161639531455
51412,1484,3.2240567,3.233965542978538
51418,202,3.2029703,3.2674720760375733
51433,8,2.75,3.420740851040544
51455,31,3.8387096,3.6469502066388544
51457,15,3.1333334,3.4369687850658712
51471,496,3.783266,3.759895492386032
51486,18,3.6111112,3.550043681088616
51498,81,2.7037036,3.0183432393401635
51503,41,2.9268293,3.2571755189162035
51520,97,1.9175258,2.465326318935472
51528,11,3.0,3.432835563284452
51540,4644,3.6754951,3.6739246773120438
51545,87,3.5632184,3.550386615043139
51559,27,3.574074,3.544194391795567
51573,62,3.862903,3.7134193096842085
51575,907,2.7331862,2.774715667234319
51579,22,2.5681818,3.234763443470001
51605,13,3.0384614,3.4270312407660106
51617,16,2.96875,3.3924692327325996
51619,23,3.673913,3.574013265844894
51638,73,3.239726,3.35693473350711
51660,194,3.652062,3.6266515802164547
51662,12847,3.6218963,3.621532473497967
51666,100,2.715,2.986019738515218
51678,134,3.5708954,3.559255203475123
51686,6,3.25,3.4982673100062778
51694,226,3.4048672,3.427184602488642
51698,440,3.2227273,3.2538836342947826
51705,339,3.597345,3.5884394933754495
51709,1007,3.4985104,3.4999081386973976
51773,23,3.5434783,3.5329173852319586
51800,7,3.2142856,3.4895257657034353
51817,11,2.2727273,3.301688018392344
51820,12,3.4583333,3.5145640065593104
51834,662,3.5279455,3.5279535148920638
51847,67,2.880597,3.157290393470699
51857,39,3.3461537,3.448347922121541
51884,474,3.7099156,3.692562942286484
51886,9,3.4444444,3.5153045613886946
51891,5,3.0,3.4800539883700283
51894,24,3.4791667,3.512202314428381
51903,162,2.7777777,2.9547309065764806
51911,37,3.3513513,3.4529076554309364
51917,27,2.425926,3.1415970201616163
51925,573,2.943281,2.990213395313122
51927,311,2.9646301,3.042667420617101
51931,922,3.6279826,3.6228425326170743
51933,58,3.387931,3.4528053115915367
51935,2683,3.6065972,3.605160342874956
51937,391,2.4283888,2.5530680350435566
51939,597,2.9162478,2.963528489403231
51991,67,3.5074627,3.516264725954105
52005,75,3.18,3.319223794937134
52009,14,3.7857144,3.584421418607235
52016,14,2.5357144,3.310983918607235
52033,7,3.357143,3.5070696462664688
52037,54,3.4166667,3.4702209004989037
52042,846,3.8333333,3.8162978818374023
52078,12,4.2083335,3.6597253430274224
52088,16,3.46875,3.5136813539447207
52101,9,3.3888888,3.5068299810765153
52104,18,3.6944444,3.5721024835810944
52108,6,1.9166666,3.3554101628916606
52153,6,3.5833333,3.533981587205614
52170,42,3.8809524,3.6891627000725786
52180,6,2.8333333,3.4536244443484714
52182,6,2.9166667,3.4625530328069414
52189,24,3.4583333,3.5054455061216614
52202,11,3.3636363,3.4984093142337485
52227,133,3.0150375,3.1552074411527706
52237,19,3.7631578,3.5927966435750327
52241,888,3.5664415,3.5643955791937008
52245,2183,3.059322,3.069817803229551
52265,5,3.1,3.489144888791171
52279,151,2.2682118,2.581606753429963
52281,3956,3.7034883,3.701298772247208
52283,310,2.7629032,2.869174904293484
52285,55,2.3909092,2.9324092864990234
52287,992,3.4959676,3.497507538310397
52299,52,3.5,3.513754601572074
52319,1170,3.8760684,3.861805691093695
52321,174,3.2988505,3.3500132262706757
52328,2984,3.6199732,3.6184584530231274
52352,15,3.3,3.475430286847628
52356,59,3.338983,3.425715319607236
52365,5,3.6,3.5345994342457163
52375,277,3.2797835,3.3177461631436596
52378,21,3.5714285,3.5408868823252933
52413,36,3.5416667,3.5337554909462154
52418,7,3.5714285,3.533385423191807
52424,54,3.6851852,3.6096439407421994
52427,9,3.7222223,3.557677462949591
52435,1602,3.784332,3.7765756008411433
52443,51,3.235294,3.3802274123276814
52448,153,3.238562,3.3098668558844206
52456,304,2.8388157,2.9361664939061396
52458,1609,3.2936606,3.300725099622233
52460,242,2.6342976,2.787339009650766
52462,327,3.2201834,3.2610157351911226
52495,66,3.6515152,3.598301513441678
52528,81,3.8024693,3.697732663336601
52545,45,3.211111,3.3779259731895044
52548,12,2.5416667,3.3371446824842885
52551,32,2.390625,3.084182553175019
52561,15,3.1333334,3.4369687850658712
52570,7,4.0,3.586017006321957
52572,22,2.8636363,3.325041208002302
52579,706,3.6990085,3.6877023088868963
52581,12,3.7083333,3.562951103333504
52589,7,2.7142856,3.4281222569315055
52591,156,2.9807692,3.1136065918265037
52604,1857,3.7030156,3.6984283561536513
52606,248,3.3487904,3.378869095104653
52617,15,3.5333333,3.52927644436176
52634,6,3.4166667,3.51612446137837
52644,487,2.9681726,3.0203035406116223
52666,140,3.7,3.6547525054530094
52668,279,3.2741935,3.312774963291945
52694,728,2.8406594,2.884836758316942
52709,14,3.4642856,3.5141088739037514
52712,251,3.129482,3.1956908940476834
52715,81,2.1666667,2.6862822579973527
52717,247,2.8704453,2.9811547019264917
52722,5284,2.9254353,2.9310841993039407
52724,129,2.8139534,3.0134243459008925
52730,68,2.9632354,3.2025675854440463
52742,17,3.4705882,3.5134771475151405
52767,417,3.9460433,3.90129123305866
52781,10,3.2,3.473382830619812
52784,47,3.712766,3.617556372868646
52804,5,3.2,3.49823581088673
52806,195,3.102564,3.189399870074525
52813,34,3.5294118,3.528606789452689
52831,55,3.1090908,3.308599653698149
52838,107,2.817757,3.043967877223993
52845,21,2.5952382,3.2521545316132023
52858,13,3.5769231,3.538142382152497
52865,17,2.8235295,3.349298067946932
52867,161,2.6801243,2.8810567720241456
52872,9,2.8888888,3.4305587946358376
52885,1572,3.8765903,3.8658463904948768
52891,15,2.8666666,3.3754302721757155
52913,18,3.1111112,3.4176907399121452
52922,10,3.35,3.498382806777954
52927,43,3.6627908,3.590354545142061
52929,88,3.5170455,3.521036037500354
52938,17,3.5588236,3.5358652285675505
52942,7,3.0,3.4632099887780976
52950,519,3.3159924,3.3346274196577825
52952,1337,3.8201196,3.809591132269201
52967,453,3.7317882,3.7115367895092217
52973,5721,3.4883761,3.4887199566282074
52975,1416,3.358404,3.364190260352412
52980,17,2.735294,3.326909986894522
53000,4080,3.4324756,3.433632755972283
53002,197,2.9593909,3.0745059613756807
53004,128,1.8671875,2.3337245469682673
53022,25,3.82,3.6253729025522867
53024,294,3.9132652,3.8572760071865346
53038,57,3.6842105,3.6112427109869842
53052,11,3.8181818,3.5803765351655055
53066,18,3.5,3.520631902358111
53084,5,1.8,3.370963074944236
53121,2817,2.9875755,2.9970014789689072
53123,2434,3.9022186,3.8946871955229656
53125,7063,3.3915474,3.39250703620857
53127,242,3.0020661,3.0921334730435723
53129,1486,3.665545,3.661069544032216
53131,56,2.3839285,2.9236129005000278
53133,49,2.6632652,3.100029955006609
53138,138,3.25,3.323951964682721
53140,151,3.3013246,3.3577262928236777
53143,65,3.0384614,3.2513301165207573
53152,12,2.7083333,3.36940271623673
53154,26,2.8461537,3.2947758749911658
53161,290,3.6224139,3.6085382138981537
53189,346,3.4797688,3.4858660553440903
53207,646,2.9373064,2.9797455551980554
53226,17,4.0,3.6478055128410682
53282,25,3.02,3.358706251780192
53318,1085,3.678341,3.671720580382494
53322,4777,3.4972787,3.497597529128987
53326,149,3.2516778,3.321120373567744
53342,13,3.0769231,3.4349677789778936
53349,67,3.335821,3.41797410728585
53352,44,2.8295455,3.2010954390180872
53355,37,3.3783784,3.4644019521515945
53370,14,2.7857144,3.365671418607235
53373,11,2.909091,3.4164421362955064
53375,12,3.4166667,3.5064995211939656
53379,28,2.9107144,3.306448361812494
53406,50,3.51,3.519029688835144
53416,7,2.4285715,3.3930345543643883
53435,527,2.5740037,2.656677499800869
53443,24,3.5625,3.5392293156804264
53447,315,3.2571428,3.2942546459093487
53450,56,3.2767856,3.395310977719865
53453,17,2.235294,3.200044315252731
53460,701,3.3031383,3.3181130317809897
53464,2503,2.705953,2.722053676038175
53466,161,2.9161491,3.0611515677935706
53468,525,3.5342858,3.533744357979816
53476,17,3.5,3.520939841199277
53498,30,3.3166666,3.4487870931625366
53519,3008,3.573637,3.5728917892186605
53548,12,1.625,3.1597253122637348
53550,1068,3.6100187,3.606353285487521
53569,34,2.9264705,3.28455913066864
53574,82,3.2560976,3.359113400632685
53578,108,3.3842592,3.429765604719331
53582,25,3.34,3.465372896194458
53592,46,3.652174,3.5875309705734253
53600,5,3.3,3.5073267113078725
53651,6,3.5833333,3.533981587205614
53737,74,3.3648648,3.430669084672005
53741,15,2.8666666,3.3754302721757155
53752,12,3.3333333,3.4903704581722135
53766,26,3.0961537,3.3803021907806396
53769,148,3.7195945,3.6712270312839084
53774,18,3.5833333,3.5426907048505893
53788,69,3.5797102,3.5580082039873138
53827,140,3.567857,3.5573839639362537
53833,16,3.65625,3.559135899399266
53835,55,3.6909091,3.61336164247422
53837,14,3.4285715,3.5062964037060738
53839,6,3.1666667,3.489338747092656
53841,5,3.3,3.5073267113078725
53843,13,2.5769231,3.3317931758032904
53845,6,3.3333333,3.5071958729199
53847,7,3.642857,3.542157348833586
53849,5,3.1,3.489144888791171
53851,6,3.5,3.525053024291992
53853,10,3.55,3.5317161480585733
53855,15,3.1333334,3.4369687850658712
53859,68,2.7573528,3.083923404499636
53873,16,2.84375,3.3621662024295693
53880,30,3.45,3.498787134885788
53883,157,3.987261,3.8763427791964027
53885,11,4.0,3.613163432136911
53887,110,3.7,3.646268591284752
53894,2134,3.6834583,3.679900660182967
53916,11,3.590909,3.539392924699627
53919,84,3.2857144,3.376141626443436
53921,244,3.2827868,3.324499863345607
53953,2702,3.2901554,3.294477794059487
53956,1395,3.7010753,3.6950886051547567
53967,23,3.0217392,3.368533862780218
53972,4719,3.5267005,3.526714743795973
53974,377,2.5848806,2.6953230724960076
53988,133,3.086466,3.20711998470494
53993,1725,2.7211595,2.7438890336265027
53996,6785,3.1918201,3.194279831870246
53999,147,2.4081633,2.692400892373874
54001,7904,3.748545,3.747158927236456
54004,1101,2.8474114,2.876979074097011
54020,18,3.5833333,3.5426907048505893
54049,19,3.0789473,3.4043908430182417
54075,154,3.172078,3.2593282601412605
54094,119,3.4369748,3.4639228772834914
54116,95,3.1,3.2476066227616935
54121,48,2.9583333,3.2490098525066764
54144,16,3.5625,3.536408626671993
54171,25,3.32,3.45870623588562
54176,20,3.75,3.5914709908621654
54185,63,3.6190476,3.578787352131531
54190,1829,3.6096227,3.607452324947948
54193,86,3.3255813,3.4000217809396633
54196,53,3.45283,3.4893491592222046
54198,11,2.909091,3.4164421362955064
54220,9,3.2222223,3.4814062765089133
54229,68,3.7132354,3.634770975274555
54239,6,3.5,3.525053024291992
54241,30,3.3333333,3.455037087202072
54243,14,3.1785715,3.4516089037060738
54248,24,3.1875,3.417607694058805
54251,11,2.7727273,3.3918519528185733
54254,10,3.4,3.506716171900431
54256,628,3.3980892,3.407673994700114
54259,4817,3.8384886,3.83529945621996
54262,9,3.3333333,3.498355400764336
54268,35,1.4428571,2.6694466997595394
54270,87,2.1609194,2.6598756174101448
54272,6237,3.4503767,3.4509945527460952
54274,173,1.783237,2.1744527667092637
54276,579,3.2659757,3.2868090741016527
54278,158,2.579114,2.8072258417422953
54281,785,3.5910828,3.587308953622144
54284,24,2.8333333,3.3027428034189583
54286,13844,3.9536622,3.952130550718383
54290,180,1.2666667,1.7582737673883853
54318,11,3.3636363,3.4984093142337485
54328,89,3.3707864,3.4273594351981185
54331,258,3.381783,3.405529173937711
54341,12,2.625,3.3532736993605092
54349,13,3.0,3.419094751751612
54354,7,3.7142856,3.5509292744753655
54372,695,3.8280575,3.8079234241639206
54378,51,3.1470587,3.335672914391697
54406,25,3.14,3.398706293106079
54419,32,3.359375,3.462231333662824
54426,61,3.4262295,3.472098805882909
54445,9,3.3888888,3.5068299810765153
54455,22,3.0,3.3667079077826605
54491,18,3.1388888,3.425043653039371
54493,6,2.0,3.3643387385777066
54501,8,2.8125,3.4293615406957167
54503,7994,3.7403052,3.7389859051208836
54505,28,3.0714285,3.3641406205984263
54510,72,2.9097223,3.1631391556536563
54513,150,3.4433334,3.4645148873329163
54519,20,3.025,3.384328160967146
54554,9,3.2777777,3.4898808204521568
54580,12,3.0,3.4258543445217993
54605,38,3.4473684,3.4932155446572737
54607,7,3.4285715,3.5158415719082483
54612,116,3.362069,3.4120660287788116
54617,23,2.9347825,3.341136533920079
54621,51,3.5980392,3.5633957031929846
54648,1023,2.9936461,3.01854890546061
54652,5,3.0,3.4800539883700283
54686,191,2.7722514,2.9290580106474056
54725,9,2.6666667,3.396660509756056
54732,547,2.5292504,2.6129027287564686
54734,238,3.1218488,3.192371489273177
54736,1355,3.5608857,3.5597174727619754
54738,50,2.93,3.229029726982117
54745,352,3.5255682,3.5258780901704854
54768,137,2.2445254,2.587716329543986
54771,542,2.9944649,3.0395319784009778
54775,420,3.0357144,3.0880915154802038
54778,9,2.3888888,3.3542876081951594
54780,438,2.9429224,3.002874918648454
54783,28,2.1964285,3.050038056495862
54785,542,2.9566422,3.004903741784998
54787,327,3.2538226,3.2901934963954855
54796,493,3.402637,3.414186027168569
54833,35,3.6714287,3.587093802059398
54872,31,3.451613,3.498802108529173
54875,7,3.4285715,3.5158415719082483
54878,11,3.590909,3.539392924699627
54881,1501,3.80513,3.796198005602484
54908,90,2.9,3.1243069853101457
54910,172,3.4796512,3.490553954700092
54922,9,2.8888888,3.4305587946358376
54934,114,2.5921052,2.8774570517423674
54958,31,3.080645,3.35682675279217
54962,375,3.3373334,3.3597717874190387
54964,6,3.1666667,3.489338747092656
54967,43,3.6046512,3.5634728118937504
54978,70,3.2428572,3.3616914550463357
54986,13,3.6538463,3.5540154093787786
54995,2751,3.570338,3.5695833049046914
54997,4991,3.747245,3.7450710435018633
54999,1483,3.279501,3.287607889741523
55020,173,2.8034682,2.9659326129964647
55040,14,3.607143,3.5453589111566544
55050,28,3.1964285,3.409012415470221
55052,2519,3.7379913,3.7339054640743603
55061,26,3.4423077,3.4987232873314307
55063,140,3.692857,3.6494892270941484
55067,120,3.7583334,3.6906057806576
55069,789,3.8529785,3.8336149947151665
55071,285,3.7894738,3.750456699684485
55078,38,3.5131578,3.5216246301477607
55080,517,3.301741,3.3216984246773693
55094,768,3.5690105,3.566507372121648
55098,123,3.9674797,3.840479613728606
55106,40,3.7,3.604477458530002
55110,82,3.152439,3.294719522649592
55112,19,3.2631578,3.4551154841547427
55116,178,3.4101124,3.435977952522144
55118,3459,3.8226366,3.818439151799791
55132,12,3.375,3.4984349896830897
55154,32,3.1875,3.3951581629311165
55156,86,3.8197675,3.71252185456893
55159,57,3.5,3.5131118631808556
55167,300,3.7366667,3.7068656376429967
55176,262,3.914122,3.8522530794143677
55178,29,3.1551723,3.3911768032025686
55190,77,3.2012987,3.329944648141936
55205,157,3.264331,3.3280335866310744
55207,87,3.5229886,3.5248392254766756
55209,30,2.7833333,3.2487871050834656
55223,27,3.0370371,3.355882753025402
55226,17,3.1176472,3.4239249442940327
55232,1726,3.1775782,3.187445361066509
55241,332,2.4728916,2.611002540089073
55245,636,2.8152516,2.867205509986544
55247,6651,3.9188843,3.9159681089350293
55250,270,3.088889,3.1575092747807503
55253,566,3.7491167,3.731173698778276
55255,151,3.0430465,3.163696452752868
55257,124,2.580645,2.852890573698899
55259,156,2.7403846,2.9315677846519694
55261,446,2.764574,2.8415382985145814
55267,1440,3.4416666,3.44456568980377
55269,3403,3.732295,3.7293376709943296
55272,493,3.250507,3.276064415662987
55274,647,3.4513137,3.456819161109979
55276,3019,3.7229216,3.719746923943846
55278,180,3.25,3.3104476928710938
55280,2245,3.7231627,3.718912035291751
55282,1531,3.080013,3.0941827505317994
55284,364,3.3502748,3.371746369606055
55286,276,3.4945652,3.4997023863295103
55288,166,3.2740965,3.3328841968818947
55290,3129,3.8088846,3.8044677406183838
55292,78,2.0961537,2.655491881072521
55294,16,2.9375,3.384893475156842
55298,17,2.7941177,3.3418353742627955
55324,16,2.375,3.2485298387932056
55329,35,2.6285715,3.1576820261338177
55343,15,2.8666666,3.3754302721757155
55360,35,3.4571428,3.4988584518432617
55363,1861,3.6587856,3.65536522066824
55369,20,3.425,3.4986138343811035
55389,15,3.2,3.452353385778574
55391,81,2.9753087,3.1862822179575914
55402,52,3.3461537,3.4353231729245652
55406,14,2.7142856,3.3500463739037514
55408,7,2.857143,3.445666137494539
55417,66,3.4924242,3.5077842227343856
55419,61,3.2295082,3.363990695626886
55440,27,3.2592592,3.433804784502302
55442,2704,3.9450815,3.9375102653309497
55444,958,3.835073,3.8198441446773588
55451,375,3.4213333,3.433889321719899
55462,15,2.4666667,3.2831226128798265
55467,12,3.5,3.5226285380701863
55469,9,3.2777777,3.4898808204521568
55485,6,3.0833333,3.480410158634186
55487,24,2.75,3.275715802166913
55489,14,3.392857,3.498483881354332
55492,52,2.8942308,3.2049311095593023
55498,76,2.9868422,3.2016108982146734
55507,17,3.6764705,3.565715942809831
55517,49,3.0510204,3.291949173416754
55549,15,2.7333333,3.34466107075031
55553,405,3.0753086,3.1250613993340797
55555,337,3.888724,3.842126582020013
55566,78,2.8846154,3.1359607204794884
55577,1176,2.732143,2.7646028135962433
55603,66,2.8560605,3.145715195557167
55620,114,3.627193,3.59696931955291
55628,5,1.6,3.3527812632647427
55652,71,3.640845,3.594239410290048
55659,10,2.55,3.3650494813919067
55668,14,2.607143,3.3266089111566544
55671,12,3.5,3.5226285380701863
55681,8,2.625,3.4034994717301994
55684,22,3.409091,3.491707934273614
55687,193,3.6165802,3.5983660790164773
55691,8,3.3125,3.4983270579370958
55705,33,3.4242425,3.4867827921028596
55713,15,3.6,3.544661045074463
55721,1279,3.98319,3.9660670095318866
55726,57,3.6052632,3.5691866696437944
55729,228,3.3289473,3.3647588311339454
55732,277,3.5108304,3.513464803724843
55757,6,3.0833333,3.480410158634186
55765,5499,3.8086925,3.8061637738348666
55768,1176,2.919643,2.944455994672915
55782,10,3.25,3.4817161560058594
55805,1220,3.5622952,3.5609473318565548
55814,1683,3.9064171,3.8955008664436583
55820,12012,3.9948385,3.9929035603753014
55826,7,3.142857,3.4807538400616562
55830,1644,3.189781,3.199765556114764
55844,58,3.1724138,3.3370645487750017
55851,62,3.5,3.512526512145996
55854,40,3.55,3.5378107494778104
55856,25,3.32,3.45870623588562
55872,877,3.6208665,3.6158607577043056
55875,10,3.15,3.4650495052337646
55895,106,3.7358491,3.669249861668318
55901,192,3.7291667,3.6876156389220687
55908,2192,3.955748,3.9462099747398303
55926,31,3.3064516,3.4432465147089073
55946,326,2.96319,3.03830567826616
55955,250,2.722,2.856343134244283
55995,1820,2.9417582,2.9574346593357026
55999,542,3.2214022,3.247302271224357
56001,148,3.0033784,3.1358735922611123
56003,387,2.7248063,2.8167116952979048
56006,11,3.8636363,3.588573248659978
56009,6,3.5833333,3.533981587205614
56015,61,3.5163934,3.521648361876204
56022,21,3.6666667,3.569055929989882
56028,13,2.8076923,3.3794122082846507
56030,10,3.1,3.4567161401112876
56060,93,3.5591397,3.5482724763296702
56079,159,3.0503144,3.164607479241476
56093,93,3.5215054,3.5237969751958245
56095,74,3.5743244,3.555669134662997
56098,26,3.6346154,3.564512767289814
56141,70,3.7642858,3.6658581296602883
56145,2112,3.4831913,3.4842289052111037
56152,2487,3.5225172,3.5226264313820734
56156,1119,3.0089366,3.031140353763277
56158,40,2.7875,3.1989218393961587
56165,133,2.6390977,2.881983400042591
56167,87,3.086207,3.2474669400792924
56169,367,3.0912807,3.1436522441516392
56171,2095,3.1105013,3.1202345783616003
56174,8471,3.4793413,3.4796271394387808
56176,701,2.4179742,2.4918813676872205
56274,260,3.0596154,3.1351708596752537
56286,540,3.437037,3.4447507534996937
56331,15,3.5,3.5215841440054088
56333,680,3.6014705,3.596442314043437
56339,1762,3.759648,3.7532576680446565
56350,37,3.7702703,3.6310686462226953
56367,12609,3.7884448,3.7874162979850707
56370,49,3.6632652,3.594979449956104
56372,19,3.9210527,3.6362749355426733
56379,95,3.494737,3.50622741929416
56389,445,3.3134832,3.3351575967037315
56432,32,3.484375,3.511011821467702
56449,6,2.5,3.417910167149135
56474,30,2.7666667,3.24253711104393
56479,58,3.474138,3.499101616718151
56485,8,3.0,3.4552236096612337
56490,10,3.6,3.5400494734446206
56508,97,3.556701,3.5469589184741586
56511,39,2.7179487,3.173067052712601
56515,14,3.3214285,3.4828588888049126
56551,7,3.2142856,3.4895257657034353
56561,24,3.5416667,3.532472584698651
56563,313,3.694888,3.6719089513311043
56570,7,2.7857144,3.4368942118527595
56574,8,3.6875,3.5500511958681304
56587,2262,3.5954907,3.594032404538257
56599,5,3.6,3.5345994342457163
56602,6,3.6666667,3.542910175664084
56607,938,3.7905116,3.777229613138114
56614,16,3.21875,3.45307529333866
56616,9,3.0555556,3.4559825355723754
56620,57,2.9385965,3.214046440391897
56626,27,3.5,3.518220381303267
56631,10,3.8,3.57338281472524
56633,105,3.1619048,3.280019191003615
56651,9,3.6666667,3.549202882637412
56671,102,3.6078432,3.5815984983193245
56693,19,3.1052632,3.4116372578385947
56700,38,2.6973684,3.1693519082936374
56715,1117,3.8370636,3.8238242980038497
56719,74,3.7567568,3.66454009086855
56744,64,3.7109375,3.6307278014065925
56748,13,2.6538463,3.347666203029572
56757,4249,3.5124736,3.5126548556567183
56775,2630,3.2507606,3.2559340409378508
56779,13,3.4615386,3.514332865911817
56782,6317,3.9453855,3.9421081978091084
56786,33,3.6666667,3.5831683371440475
56788,2084,3.6710653,3.667714675788915
56797,10,3.0,3.440049489339193
56801,1383,2.44577,2.483533087428932
56805,767,3.2953064,3.3095508103271447
56835,8,1.125,3.1966029200060615
56837,32,3.0625,3.3463776751262384
56846,98,3.2091837,3.316911968025001
56848,66,2.75,3.085370425520272
56869,29,3.8275862,3.6380122583123704
56885,512,3.7197266,3.702674322705252
56908,138,3.5253623,3.5260795760662
56915,265,3.1433961,3.2044537975674583
56931,20,3.35,3.4771852493286133
56941,1411,3.504961,3.5057515125418264
56945,71,2.9788733,3.2058096720167426
56949,2469,3.1464155,3.153990778008734
56995,19,3.5263157,3.527579238449318
57017,8,3.1875,3.481085678626751
57027,14,3.392857,3.498483881354332
57038,6,4.25,3.605410167149135
57041,60,2.025,2.7082088643854316
57044,19,3.631579,3.556564766427745
57069,27,3.851852,3.6415970356433425
57147,362,3.2444751,3.278890691914605
57179,13,2.6538463,3.347666203029572
57183,116,4.0560346,3.89700589697045
57209,9,3.5,3.523779141700874
57223,201,1.7288557,2.087262832311045
57236,8,3.1875,3.481085678626751
57243,308,3.7662337,3.7329691162322485
57269,7,3.357143,3.5070696462664688
57274,1270,3.726378,3.718865896716262
57276,16,2.71875,3.331863172126539
57282,7,2.9285715,3.454438063136318
57326,256,2.0664062,2.3052384619619333
57353,235,3.393617,3.4172033134259676
57357,10,3.45,3.5150494972864785
57368,4039,3.3291657,3.3315977549372167
57370,138,2.7608695,2.9649093658366104
57393,54,3.5462964,3.5375285836366506
57401,246,3.1239836,3.192239663085422
57418,20,3.7,3.5771852902003696
57421,77,2.883117,3.137031301738709
57426,5,2.0,3.3891448974609375
57430,7,2.4285715,3.3930345543643883
57432,22,2.7954545,3.3042078945371838
57453,36,3.7916667,3.638406653736913
57464,258,3.5019379,3.5061783728661475
57468,5,2.7,3.4527812654321846
57473,15,2.7333333,3.34466107075031
57476,36,3.4444444,3.4930577721706655
57478,11,3.5454545,3.5311962112051543
57480,11,3.7272727,3.5639831081765596
57484,15,3.0,3.4061995286207933
57499,14,3.107143,3.4359839111566544
57502,167,3.8173652,3.7507048510186682
57504,1115,3.9044843,3.888328697548404
57509,30,2.7833333,3.2487871050834656
57513,12,3.25,3.4742414412959928
57520,172,2.2819767,2.5626259537430496
57522,48,2.3854167,2.968397685459682
57526,360,2.9930556,3.0582999485294993
57528,1653,3.2961283,3.3029377596278926
57530,15,2.5333333,3.2985072135925293
57532,660,1.6325758,1.766060513509831
57534,300,2.6,2.7325798307146343
57536,175,2.5428572,2.7617909961276585
57538,154,2.7012987,2.903936133665197
57543,70,3.8285713,3.703358014424642
57550,37,3.9054055,3.6885399270331725
57637,133,3.1353383,3.2426391481701793
57640,2904,3.3870523,3.3894390120406204
57655,47,3.3085105,3.4216800497979234
57669,6447,3.8690088,3.8663848808623835
57690,24,3.3125,3.4581482345993453
57692,18,3.4444444,3.505926012992859
57695,30,3.25,3.4237871170043945
57706,26,3.6346154,3.564512767289814
57754,16,3.0,3.400044990308357
57772,56,3.75,3.64531103170143
57774,6,2.6666667,3.435767318521227
57776,24,3.375,3.478418504869616
57778,8,4.0625,3.6017753337991647
57792,116,3.586207,3.568692597998194
57805,5,3.1,3.489144888791171
57811,8,3.5625,3.5328098165577857
57843,21,3.357143,3.477506630857226
57845,123,3.682927,3.6381674984286976
57848,14,3.142857,3.443796381354332
57854,47,3.4893618,3.509308991972933
57865,44,2.6931818,3.1372656010566873
57868,11,3.5,3.5229994977106815
57873,38,2.8552632,3.237533775242892
57910,348,2.9181035,2.994731085983353
57940,6,2.9166667,3.4625530328069414
57942,14,3.0,3.412546396255493
57946,21,3.857143,3.625393954800888
57949,59,2.5254238,2.9853483624414565
57951,547,2.926874,2.9772244637935006
57960,9,3.2222223,3.4814062765089133
57964,26,3.0192308,3.353986464048687
57970,15,3.5,3.5215841440054088
57980,115,3.6782608,3.632745222611861
57991,21,3.452381,3.505675608003643
57996,7,3.0,3.4632099887780976
58003,12,3.4583333,3.5145640065593104
58007,16,2.9375,3.384893475156842
58025,2617,3.0175774,3.0271477505290916
58029,28,3.25,3.428243196927584
58047,1511,3.5648577,3.5636790431057466
58059,18,3.5555556,3.5353377917233635
58061,5,3.9,3.5618721788579766
58078,248,3.310484,3.346989881272284
58084,28,3.6785715,3.582089363000332
58094,11,3.2727273,3.482015887244803
58103,1194,3.283501,3.2933304306011872
58105,749,3.3064086,3.3202791533273213
58107,479,3.0427976,3.088663522147051
58111,65,3.5461538,3.538286654845528
58123,28,3.6607144,3.575679131043263
58146,77,1.5974026,2.3575036807323064
58154,837,3.3721626,3.3809504500908405
58156,690,2.8630435,2.9079770494151758
58162,765,3.2797387,3.2949730647853546
58185,22,3.340909,3.470874547958374
58191,250,3.822,3.773009920120239
58207,6,3.0,3.471481595720564
58223,77,3.551948,3.5425430770934097
58246,125,3.216,3.3051598821367536
58274,6,3.0,3.471481595720564
58287,69,2.942029,3.1882602547397134
58291,114,2.118421,2.548188855008381
58293,1979,2.52476,2.54948399453518
58295,2127,3.619417,3.6173187076470477
58297,569,2.9200351,2.969148553823616
58299,1223,3.367539,3.3738437388136173
58301,559,3.2692308,3.2904811336097657
58303,1055,3.9530807,3.933848922608665
58306,513,3.677388,3.6641260908509654
58309,29,3.7413793,3.6063666826562035
58315,483,2.1335404,2.264358308928098
58324,38,2.4868422,3.078442855314775
58332,329,2.93769,3.0155751604518035
58334,135,3.5074074,3.5129890377457076
58347,677,3.5443132,3.5431953240621534
58351,299,3.6856186,3.663045680283817
58365,35,3.4285715,3.487093771205229
58367,40,3.075,3.3266996807522244
58373,6,3.0,3.471481595720564
58376,498,3.4598393,3.4660638005194
58379,51,3.372549,3.4495343689871305
58381,41,3.3292682,3.4384941347352753
58409,5,3.0,3.4800539883700283
58411,13,2.0384614,3.220682034416804
58418,108,2.8796296,3.0848289079303983
58422,20,3.55,3.534328120095389
58425,243,4.0288067,3.9433549288596716
58432,145,2.6655173,2.8866819601792555
58434,20,3.05,3.3914709772382463
58437,8,2.75,3.420740851040544
58439,42,3.2261906,3.390249708424444
58452,5,3.5,3.5255085338245737
58485,75,2.66,3.0072238063812256
58490,449,3.5979955,3.5909878911379582
58492,155,3.467742,3.482453532335235
58494,88,3.1193182,3.267412862915924
58509,6,3.75,3.5518387385777066
58520,25,3.68,3.5787062803904215
58530,6,3.8333333,3.5607673014913286
58554,96,3.7708333,3.687691518705185
58559,26922,4.1807075,4.179497592477121
58576,36,2.9722223,3.295383409012196
58578,6,4.0,3.5786244528634206
58595,24,3.2916667,3.4513915036175704
58598,5,3.4,3.516417633403431
58610,13,3.2692308,3.4746503224448553
58622,123,3.49187,3.50232930817356
58627,282,3.29078,3.32651490475758
58632,15,3.5,3.5215841440054088
58649,24,3.6666667,3.573013125239192
58652,103,3.2087379,3.3130912936590855
58655,357,2.7156863,2.8154864522104472
58706,94,3.744681,3.6694650848706565
58709,35,3.5285714,3.5282702025245216
58718,16,2.625,3.309135899399266
58722,9,2.7222223,3.405135090068235
58740,18,3.5,3.520631902358111
58743,54,2.9907408,3.249067031420194
58760,7,2.0714285,3.349174896876017
58774,5,3.5,3.5255085338245737
58783,79,2.892405,3.1387826897377193
58803,2872,3.491121,3.491753126479925
58806,333,3.0870872,3.1446553309966006
58808,28,3.6607144,3.575679131043263
58812,10,3.8,3.57338281472524
58816,17,3.2058823,3.4463129648521766
58839,311,2.9115756,2.9969611280182393
58847,6,2.8333333,3.4536244443484714
58850,42,2.9642856,3.2706844029219253
58870,34,3.0735295,3.344082996958778
58874,24,3.7916667,3.6135536657797322
58876,160,3.18125,3.263823736281622
58879,152,3.4177632,3.4450642614081355
58881,22,2.6818182,3.2694857054286532
58889,33,3.621212,3.56509597042957
58895,12,3.4166667,3.5064995211939656
58898,32,3.0625,3.3463776751262384
58904,12,3.5,3.5226285380701863
58920,6,2.8333333,3.4536244443484714
58922,5,3.8,3.552781256762418
58933,26,2.7115386,3.248723312428123
58937,64,3.4375,3.477219029476768
58939,8,3.8125,3.567292575178475
58941,6,3.0833333,3.480410158634186
58945,11,3.2727273,3.482015887244803
58964,164,3.3292682,3.375714752161614
58972,226,3.079646,3.1608803997869077
58975,362,2.7900553,2.879618880818191
58992,69,3.7246377,3.642041797397517
58998,4294,3.609455,3.608518233395852
59000,66,3.1060605,3.2879565748675117
59014,441,2.260771,2.3898228030583524
59016,502,3.2659361,3.2896791843400486
59018,887,3.874859,3.856353240435508
59022,1249,3.1305044,3.1458067183681777
59026,288,3.6319444,3.6165768098549025
59031,9,3.3888888,3.5068299810765153
59037,563,3.0754886,3.112402989852681
59040,60,2.9833333,3.2309360937638716
59044,6,3.0,3.471481595720564
59053,20,3.075,3.398613861628941
59065,64,2.796875,3.1175699066697504
59103,786,3.3053436,3.318663948460629
59105,83,3.0120482,3.206037395878842
59107,83,3.126506,3.277465976270518
59116,8,2.1875,3.3431546441439925
59118,555,3.4585586,3.4643024294829567
59126,1052,3.6335552,3.628768613680305
59129,74,2.8310812,3.112120762948067
59131,19,1.9210526,3.0855502650357676
59138,10,3.0,3.440049489339193
59141,478,3.5721757,3.567998056158875
59143,300,3.3066666,3.338294151851109
59154,13,2.9615386,3.4111582627372137
59157,13,2.9615386,3.4111582627372137
59159,26,2.7692308,3.268460148259213
59173,35,3.0142858,3.316505558350507
59178,18,3.0277777,3.3956318743088665
59180,19,2.9736843,3.375405380691307
59182,12,3.2916667,3.482305972806869
59184,16,3.0,3.400044990308357
59188,72,3.4166667,3.462319467888504
59216,9,3.0555556,3.4559825355723754
59220,229,3.5305676,3.5301181372775825
59256,214,3.0327103,3.126526426185261
59258,680,3.0963235,3.125894441996535
59260,39,3.3461537,3.448347922121541
59273,64,3.125,3.30178043298554
59290,30,2.4333334,3.1175371408462524
59295,126,2.1031747,2.507971476424824
59302,8,3.6875,3.5500511958681304
59306,185,2.0270271,2.3463956954631398
59313,16,3.34375,3.4833783236416904
59315,16118,3.8710759,3.8700150803785878
59333,550,3.0427272,3.0831715782483418
59336,319,3.437304,3.4496014951690426
59339,74,3.2297297,3.3500239003089165
59362,65,2.976923,3.21654750989831
59366,6,4.1666665,3.596481578690665
59369,6796,3.7913477,3.789424806389236
59376,24,2.6666667,3.2486888009148673
59382,62,3.1290324,3.3071694331509724
59387,1987,3.9187217,3.90913251807541
59399,38,3.0789473,3.3341246247291565
59404,135,3.1666667,3.2643404329145276
59418,210,3.7071428,3.6727037063011756
59421,956,3.0523012,3.075947203171656
59435,27,3.2962964,3.446791831549112
59440,127,3.488189,3.4994518083367643
59447,7,3.2857144,3.4982977206246897
59463,5,3.1,3.489144888791171
59478,8,2.9375,3.4466029200060615
59485,41,3.5487804,3.537395246736296
59501,2042,3.2612634,3.2676399483507494
59519,111,3.68018,3.6329376238473454
59527,18,3.5,3.520631902358111
59547,25,3.78,3.612039581934611
59549,115,3.6869564,3.638805793993401
59590,176,3.7755682,3.720809649577183
59594,233,2.8283262,2.9519539924055445
59602,29,3.310345,3.448138891896115
59604,192,3.3359375,3.375632104794841
59607,92,3.5652175,3.5521336542048925
59615,5325,2.921784,2.9274236958525903
59621,37,3.2837837,3.424172015025698
59625,11,3.1363637,3.4574257467613845
59641,10,3.35,3.498382806777954
59655,14,2.9285715,3.3969214037060738
59665,11,3.2272727,3.4738191737503303
59669,12,3.125,3.4500478929088962
59680,16,3.625,3.5515601418235083
59684,105,3.7809525,3.6993740450951362
59705,18,3.3611112,3.4838672105003807
59709,204,3.1029413,3.1866259424705206
59715,136,2.5514705,2.8139944076538086
59721,82,3.140244,3.2871437722986396
59725,1360,2.8154411,2.8407112825001386
59727,550,3.060909,3.0998382290204365
59729,63,2.8015873,3.1230351502916456
59731,364,3.7005494,3.6797172412780172
59738,159,2.808176,2.980396936955064
59753,20,3.725,3.5843281064714705
59784,6438,3.6540074,3.653036811789808
59795,27,3.0555556,3.362376234748147
59801,8,3.5,3.524189126902613
59805,7,3.2857144,3.4982977206246897
59810,280,3.6214285,3.6072816559762666
59814,44,3.409091,3.472372055053711
59832,53,3.6037736,3.5670191246329
59834,51,2.72549,3.122801624902404
59838,14,3.0714285,3.4281713888049126
59840,6,2.75,3.4446958814348494
59842,11,2.7727273,3.3918519528185733
59844,7,3.357143,3.5070696462664688
59846,36,3.1805556,3.3825926780700684
59850,8,3.25,3.4897063682819236
59854,10,3.0,3.440049489339193
59893,11,3.0454545,3.4410322767789245
59900,1565,2.630671,2.658453945774043
59905,6,3.3333333,3.5071958729199
59908,150,2.7933333,2.9770148158073426
59910,55,3.1,3.3038377534775507
59912,42,3.3452382,3.4445975448774253
59915,100,3.07,3.2226864178975423
59938,21,2.8095238,3.3155347830812696
59942,11,2.2272727,3.2934913048978713
59945,32,3.375,3.4683288946384336
59947,7,3.142857,3.4807538400616562
59954,5,3.5,3.5255085338245737
59960,20,3.075,3.398613861628941
59976,49,3.7448978,3.6353834710939967
59985,296,3.4881756,3.493939179216506
59988,8,3.8125,3.567292575178475
59995,506,3.7796443,3.7570197127705853
60007,114,3.3508773,3.4048962186022504
60020,79,3.329114,3.4062245908633684
60030,22,3.1136363,3.4014300968911915
60032,31,2.516129,3.1407773936236345
60037,1393,2.441852,2.479489213133222
60040,3489,3.2648323,3.2685512060767414
60044,51,2.990196,3.256464998320778
60046,59,3.5677967,3.5495685787375915
60059,5,3.6,3.5345994342457163
60069,16716,4.015225,4.013772095897865
60072,3247,3.236064,3.2404921560313507
60074,4333,3.1547427,3.159001406648511
60086,9,3.2777777,3.4898808204521568
60096,25,3.6,3.55203955968221
60103,35,3.5428572,3.534152591929716
60106,11,2.2727273,3.301688018392344
60110,18,3.1111112,3.4176907399121452
60124,9,3.4444444,3.5153045613886946
60126,2067,3.1855345,3.1936243428449673
60128,141,3.2234042,3.3031568439843144
60133,43,3.0930233,3.3269136695451635
60135,32,3.390625,3.4744264556140436
60137,57,3.745614,3.6439529935890267
60141,165,3.1636364,3.248385967210282
60145,5,3.6,3.5345994342457163
60147,33,3.4545455,3.498830973383892
60150,11,3.1363637,3.4574257467613845
60179,18,2.7222223,3.3147495774661793
60183,5,3.6,3.5345994342457163
60189,18,2.3611112,3.2191613281474396
60193,10,3.1,3.4567161401112876
60198,12,2.9166667,3.4097253276455786
60201,62,3.7741935,3.6643122136592865
60223,5,3.9,3.5618721788579766
60225,8,3.4375,3.515568437247441
60227,10,3.55,3.5317161480585733
60229,5,3.2,3.49823581088673
60237,5,2.6,3.4436903433366255
60243,12,2.75,3.3774672477476058
60256,6,4.1666665,3.596481578690665
60259,43,3.1162791,3.337666362844488
60284,8,3.0625,3.4638442993164062
60286,25,2.62,3.225372886657715
60289,88,3.340909,3.4087171139924424
60291,335,3.8492537,3.807540113275701
60293,425,3.5294118,3.52926943427638
60295,91,3.7637362,3.6801628931194332
60303,33,3.4848485,3.5108791546649245
60309,8,3.875,3.575913264833648
60311,35,3.4857142,3.5106231324812947
60314,9,3.2222223,3.4814062765089133
60316,11,3.0454545,3.4410322767789245
60322,37,3.162162,3.37244788257555
60333,425,3.86,3.825058789002268
60336,38,3.5657895,3.5443519191308455
60338,51,2.7058823,3.112900665490934
60341,90,3.7055554,3.6421639919281006
60343,12,3.1666667,3.458112424419772
60353,12,2.7083333,3.36940271623673
60363,178,2.1657302,2.4644866303393713
60376,8,3.375,3.5069477475922683
60382,173,3.569364,3.56010293105258
60384,34,3.5588236,3.5405115627107167
60389,47,3.3297873,3.431989384680679
60391,15,2.7,3.3369687703939586
60393,11,3.590909,3.539392924699627
60397,1568,3.0854592,3.099136616597217
60405,50,3.05,3.289029669761658
60408,239,3.5711298,3.5636781705704528
60411,29,3.413793,3.4861135301710684
60418,88,3.3579545,3.4195867068525674
60421,9,3.0555556,3.4559825355723754
60436,16,3.09375,3.42277226303563
60450,19,3.5263157,3.527579238449318
60461,41,3.4268293,3.482450244190929
60463,44,2.0113637,2.8181167460502463
60469,21,3.7619047,3.597224907136299
60471,103,3.0679612,3.2183200954611784
60475,8,3.9375,3.58453395448882
60479,30,2.3833334,3.098787158727646
60482,107,3.2383177,3.3305921417892357
60484,13,3.3846154,3.4984598386855352
60487,740,3.716892,3.704940572569642
60503,109,3.4954128,3.505679040584924
60508,8,2.625,3.4034994717301994
60514,799,2.8423028,2.8826889351484213
60516,269,2.4405205,2.610981161691552
60522,105,2.9142857,3.112277184763262
60524,26,3.0961537,3.3803021907806396
60526,46,3.2282608,3.3844058761994043
60530,83,3.5180724,3.5218268856966404
60538,68,2.5220587,2.9483301922426386
60544,11,3.3181818,3.4902126007392758
60546,15,3.4333334,3.506199543292706
60551,42,3.5238094,3.5261191907136338
60566,76,3.7302632,3.650023611765059
60568,6,3.0833333,3.480410158634186
60579,51,3.2156863,3.3703264529162116
60585,14,3.4642856,3.5141088739037514
60590,15,3.0,3.4061995286207933
60599,35,3.142857,3.3694466703078327
60609,253,3.5988142,3.587138529264494
60618,16,2.6875,3.3242874145507812
60625,27,3.6296296,3.563674920565122
60641,21,3.5714285,3.5408868823252933
60647,419,3.3400955,3.3601343118305653
60649,113,2.2212389,2.622104046534907
60654,42,3.1785715,3.368510552074598
60666,18,3.0,3.3882789611816406
60684,7157,3.7208328,3.719495420534005
60688,23,2.6956522,3.265794123688789
60702,15,2.4,3.267738012167124
60707,20,2.75,3.3057567051478793
60728,7,3.2142856,3.4895257657034353
60735,93,3.4569893,3.48183897325209
60737,24,3.0625,3.377067153518264
60743,6,3.5833333,3.533981587205614
60745,28,3.5357144,3.5308073361714682
60753,599,3.7312188,3.715567086988311
60756,2094,3.3748806,3.3784528198971677
60758,148,3.3885136,3.4237524090391216
60760,801,2.9019976,2.938781456997756
60763,123,3.3373983,3.3925026538055065
60766,1425,3.8392982,3.828747778423762
60768,12,2.7083333,3.36940271623673
60803,45,3.1888888,3.367399629793669
60825,21,2.4761906,3.216943257291552
60827,11,3.090909,3.4492289902733977
60832,185,2.8594594,3.00171471656637
60857,69,3.2173913,3.3479240822191
60880,5,3.9,3.5618721788579766
60885,24,3.2291667,3.4311212333473
60887,8,3.6875,3.5500511958681304
60894,79,3.21519,3.3364571637885514
60930,6,2.8333333,3.4536244443484714
60937,908,2.6112335,2.6590845121969013
60939,184,2.9538043,3.0765083427103157
60941,260,2.926923,3.0238805124836583
60943,410,3.690244,3.6726152015768965
60946,19,3.2105262,3.4406227201655293
60948,193,3.341969,3.380259213624177
60950,2418,3.6236558,3.6217190778815764
60990,34,3.9411764,3.6952734220595587
60992,70,3.7142856,3.6366913517316184
61004,10,2.9,3.423382838567098
61009,39,3.5,3.5157637006781073
61011,29,2.637931,3.2013034367863136
61013,19,3.8157895,3.607289407564246
61018,26,3.3269231,3.4592496156692505
61024,3315,3.477677,3.478425729150758
61026,348,3.6666667,3.6492537613490117
61031,7,3.2857144,3.4982977206246897
61035,23,2.7173913,3.272643399565187
61037,52,3.625,3.5774800917681526
61041,5,3.4,3.516417633403431
61071,299,3.0685618,3.1343923933526505
61073,103,2.5776699,2.8882546720941082
61075,263,3.4695818,3.4789233032506877
61100,34,3.5,3.5167020161946616
61110,11,2.8181818,3.4000486663130465
61116,14,3.107143,3.4359839111566544
61123,406,2.357143,2.485532888194971
61132,4163,3.3877013,3.389367046928904
61136,27,2.9629629,3.3299086589317817
61160,1020,3.009804,3.034021551363936
61167,153,3.3300653,3.378832279167739
61206,24,3.2916667,3.4513915036175704
61210,170,2.55,2.7722861875187266
61215,37,3.2702703,3.418424968061776
61236,1213,3.9043694,3.889471889202876
61240,3713,3.9761648,3.9702107196091148
61246,251,3.1494024,3.2123022150755722
61248,1123,3.0934997,3.112023093003243
61250,569,2.801406,2.860101664393707
61253,19,3.2105262,3.4406227201655293
61255,248,2.985887,3.0768555634773818
61257,96,3.6927083,3.6363216556914866
61262,429,3.0198135,3.0728663402708687
61264,28,3.0714285,3.3641406205984263
61267,56,2.0357144,2.7396507083245045
61269,18,3.3333333,3.4765142342623543
61279,14,3.5714285,3.5375463888049126
61285,10,3.0,3.440049489339193
61289,186,3.0672042,3.1648430399975536
61301,12,2.7916667,3.385531779258482
61312,38,3.0789473,3.3341246247291565
61317,15,2.5666666,3.3061995139488807
61319,43,3.3372092,3.439816838951521
61323,5076,3.537234,3.5371445762985534
61348,418,1.2308612,1.4762883451249864
61350,765,2.877124,2.9170587530896706
61352,563,3.5168738,3.5177861979112732
61354,86,2.3313954,2.7713453874868503
61357,49,3.3469388,3.43841386804677
61361,136,2.7757354,2.9779730150776524
61373,31,3.5,3.517320609387056
61396,12,3.625,3.5468220864572833
61398,31,2.1612904,3.0049749627525424
61401,504,2.3640873,2.469138971734994
61406,195,3.8564103,3.78939988175217
61414,11,3.0,3.432835563284452
61434,10,3.5,3.523382822672526
61449,75,3.4133334,3.459223804473877
61451,11,3.909091,3.5967700051479654
61465,451,2.597561,2.690425004787788
61467,12,3.0,3.4258543445217993
61470,21,3.2619047,3.449337583192637
61473,28,3.2142856,3.41542264742729
61475,5,3.9,3.5618721788579766
61493,40,3.325,3.4378107918633356
61567,34,2.2205882,2.998844861984253
61586,12,3.5,3.5226285380701863
61628,8,3.5625,3.5328098165577857
61634,10,2.35,3.3317161401112876
61646,91,3.5604396,3.5489572464151586
61678,107,3.2570093,3.343330961883448
61692,54,2.8055556,3.1529131806813755
61697,452,2.9214602,2.981878402223625
61705,318,2.9245284,3.0065298585788063
61707,12,3.5,3.5226285380701863
61724,70,3.7357142,3.649191359678904
61729,944,3.4401484,3.4445704377632986
61742,36,3.4444444,3.4930577721706655
61768,11,3.090909,3.4492289902733977
61816,42,3.3690476,3.4554670686307163
61818,53,2.1226416,2.804883225450238
61862,25,3.0,3.352039591471354
61913,7,3.857143,3.5684731550383986
61931,28,2.5714285,3.1846534411112466
61934,24,2.625,3.2351752616263725
61937,59,3.7288136,3.6367245376656907
61941,67,3.477612,3.499170723124447
61948,80,2.94375,3.168484321007362
61950,35,3.1142857,3.3576819896698
61967,76,3.7302632,3.650023611765059
61986,413,3.401937,3.415557135258586
61991,98,2.9846938,3.16826323238579
61994,16,3.71875,3.5742874145507812
62000,35,3.3714285,3.4635643117568073
62010,35,3.2428572,3.4106231997994816
62014,9,2.8333333,3.422084214323658
62049,439,3.7050114,3.686918118248688
62054,14,3.4285715,3.5062964037060738
62081,1342,3.2690015,3.278306724696324
62113,541,3.2088726,3.235876518659382
62115,42,3.6904762,3.602206183516461
62137,152,2.8289473,3.001994850611923
62153,19,3.2631578,3.4551154841547427
62155,1217,3.4182415,3.422575276953645
62157,13,3.5384614,3.530205843940614
62198,30,3.7666667,3.61753711104393
62203,389,3.5501285,3.547614898116822
62208,14,3.5714285,3.5375463888049126
62213,5,2.2,3.407326719977639
62235,131,3.4541984,3.4746019589966832
62245,38,3.618421,3.5670792081139306
62250,402,3.477612,3.483192479715938
62254,11,3.7727273,3.5721798216710323
62265,225,2.951111,3.0560107707977293
62277,15,2.9,3.383122627551739
62293,572,3.5402098,3.5392330513123147
62299,28,1.7678572,2.8961919332161927
62304,12,3.2916667,3.482305972806869
62334,8,2.75,3.420740851040544
62344,617,3.350081,3.3634226776134484
62374,1399,3.596855,3.594481028055964
62376,837,3.4217443,3.4277373026833864
62378,40,3.025,3.304477479722765
62383,64,3.234375,3.36318394175747
62385,13,3.0769231,3.4349677789778936
62390,21,2.9047618,3.343703760227687
62394,874,2.5726545,2.6243538851345773
62420,8,3.4375,3.515568437247441
62434,2212,3.2863925,3.2917343366472833
62437,521,3.1669865,3.1986040593028693
62439,259,3.111969,3.1792975367080047
62474,9,2.9444444,3.439033374948017
62511,1050,3.7319047,3.722639047015797
62526,44,3.2954545,3.41918050481918
62553,256,3.6171875,3.602624082876966
62577,139,3.2877698,3.351338469792926
62586,62,2.346774,2.8741336039134433
62644,732,3.8346994,3.815093253884474
62660,7,3.2857144,3.4982977206246897
62662,24,3.7083333,3.586526587202742
62669,9,3.5555556,3.532253722013053
62718,134,3.227612,3.309255325275919
62721,12,3.2916667,3.482305972806869
62726,30,3.3333333,3.455037087202072
62729,29,2.7413793,3.239278075061267
62733,404,3.0272276,3.082385321545706
62764,40,2.8,3.204477416144477
62788,75,2.3,2.791223726272583
62792,306,3.238562,3.2792218374402338
62796,35,2.8,3.228270208134371
62799,157,3.6273885,3.6033959434804133
62801,104,3.8846154,3.7688504751626546
62803,91,3.7142856,3.648247943702319
62834,126,2.984127,3.13865327835083
62836,108,3.2175925,3.315841499763199
62847,11,3.6363637,3.547589681187614
62849,1765,3.6784704,3.6743268198218226
62851,7,3.0,3.4632099887780976
62912,355,2.3873239,2.5281554033726823
62916,7,2.357143,3.384262628722609
62925,28,3.0,3.3384996071839943
62953,5,2.5,3.434599442915483
62972,17,3.5,3.520939841199277
62974,35,3.2714286,3.4223878804375145
62999,1338,3.2806427,3.28955545102485
63001,17,3.5882354,3.543327922251687
63033,568,3.3248239,3.341266860468102
63062,2031,3.7223043,3.7176372380510996
63072,1990,3.6168342,3.6146583113015867
63082,12343,3.8839424,3.8825065430915355
63113,4319,3.3517017,3.3537200203911066
63119,24,3.0625,3.377067153518264
63121,17,3.3235295,3.4761637395887233
63131,2277,3.5797102,3.578600428675089
63179,96,3.5677083,3.554129874869569
63181,77,3.1753247,3.314196611013938
63189,127,3.2322834,3.315835905613872
63194,36,3.375,3.4639880158180416
63222,317,3.4305995,3.4438773715203723
63226,8,3.75,3.5586718855233026
63237,32,2.5625,3.1512557239067265
63239,119,3.1344538,3.250905138501049
63273,29,2.275862,3.0683919840221163
63276,46,3.5217392,3.5250309854745865
63278,5,3.4,3.516417633403431
63283,8,3.5625,3.5328098165577857
63310,16,3.28125,3.4682268084901753
63312,57,3.3508773,3.4336726598650498
63327,6,3.0,3.471481595720564
63329,65,3.2076924,3.3469823858012324
63332,11,3.2727273,3.482015887244803
63339,5,3.2,3.49823581088673
63391,11,3.590909,3.539392924699627
63393,153,2.3921568,2.671935792039768
63433,415,3.76747,3.741726818905082
63436,789,2.6736376,2.7245566844940186
63446,74,3.4256756,3.466959403407189
63458,46,2.0543478,2.8219058960676193
63468,5,3.0,3.4800539883700283
63479,574,3.1445992,3.175325175890556
63481,48,2.9583333,3.2490098525066764
63483,9,2.5555556,3.3797113491316972
63515,165,3.551515,3.5460602849028833
63540,190,1.8052632,2.164179041981697
63544,10,3.6,3.5400494734446206
63617,15,2.8333333,3.367737971819364
63629,9,3.7777777,3.5661520068928345
63645,20,3.625,3.5557567051478793
63676,69,3.7246377,3.642041797397517
63698,77,3.564935,3.5504170233809105
63760,7,3.4285715,3.5158415719082483
63768,9,3.5,3.523779141700874
63772,5,3.5,3.5255085338245737
63781,7,4.0,3.586017006321957
63788,24,2.9791667,3.3500401522662187
63793,22,3.1818182,3.422263483206431
63808,352,3.6860795,3.666425258959111
63826,186,3.311828,3.357639654208038
63828,56,3.205357,3.357575146657116
63836,27,3.0925925,3.3753631981936367
63853,1002,3.1951098,3.2109344422590596
63859,2122,3.4427426,3.444706600893488
63862,6,2.5,3.417910167149135
63876,2984,3.8063002,3.8017147846259642
63989,29,3.2586207,3.429151528998266
63992,3237,2.4901142,2.5059028517557995
64010,66,2.9015152,3.171577375510643
64030,987,3.1190476,3.1387685552282525
64032,392,2.8635204,2.938694479238933
64034,1655,3.8268883,3.8181250109350926
64037,103,3.1019418,3.2411959295958477
64114,127,3.551181,3.5446495268977967
64116,218,2.9357798,3.046279731081493
64153,11,2.1818182,3.285294591403398
64167,84,2.797619,3.0701714487218146
64197,545,3.7633028,3.7435344487679103
64229,124,3.4435484,3.467833195609608
64231,286,2.694056,2.818163675921304
64234,45,2.5444446,3.0621365747953715
64241,17,4.0588236,3.6627309002093416
64243,11,3.409091,3.5066060707217357
64245,9,3.7222223,3.557677462949591
64249,328,3.0259147,3.0923359280540827
64273,33,3.409091,3.4807587014623436
64275,8,3.6875,3.5500511958681304
64278,140,3.7357142,3.6810681945399235
64280,8,3.375,3.5069477475922683
64283,10,3.65,3.548382838567098
64285,557,3.6723518,3.6604661328788644
64321,34,3.5588236,3.5405115627107167
64325,6,2.9166667,3.4625530328069414
64338,21,3.7142856,3.5831403833040048
64368,9,2.0,3.29496558237884
64385,7,3.5714285,3.533385423191807
64418,16,4.09375,3.665196505459872
64427,5,3.5,3.5255085338245737
64497,1359,2.772259,2.7990794508401344
64499,372,3.514785,3.516357839954973
64501,232,3.4547415,3.467741107264309
64511,40,3.8125,3.6544774373372397
64519,26,3.4807692,3.511881150697407
64522,10,3.95,3.598382830619812
64524,25,2.82,3.2920395692189532
64548,5,1.7,3.3618721745230933
64550,5,2.9,3.4709630879488858
64575,1680,3.733631,3.72768952253926
64614,8420,3.9296317,3.927261153247027
64620,2222,3.79838,3.792430943166706
64622,1774,3.7748027,3.768038888249481
64650,32,3.328125,3.4500362117116046
64652,14,1.9285715,3.1781714037060738
64658,6,3.3333333,3.5071958729199
64660,12,3.5416667,3.5306930695810625
64695,68,3.860294,3.719516681412519
64701,276,3.7880435,3.748168635222078
64716,2277,3.7147563,3.7107447148598873
64750,16,2.78125,3.347014687278054
64839,4706,3.8297918,3.8266196606838974
64845,18,2.9722223,3.3809260480544148
64895,7,2.5714285,3.410578405647947
64918,7,2.642857,3.4193503312897264
64921,7,2.9285715,3.454438063136318
64930,47,3.7340426,3.627865707751402
64942,17,3.4705882,3.5134771475151405
64957,6197,3.6094885,3.608836741605453
64969,2937,3.3970037,3.3991974192716063
64976,9,2.2222223,3.3288639036275574
64983,1413,3.427813,3.4312391069272734
64986,41,3.2317073,3.3945381326989814
64990,9,3.6111112,3.5407283023252325
64993,425,3.8623528,3.8271640627007737
64997,414,3.0519323,3.10323912932955
65001,17,3.264706,3.46123835222045
65011,7,3.642857,3.542157348833586
65033,6,3.0,3.471481595720564
65037,148,3.4932432,3.5020351795235065
65051,7,3.0714285,3.4719819144198767
65063,5,3.4,3.516417633403431
65088,762,3.1154857,3.140890453836601
65091,24,3.4791667,3.512202314428381
65111,8,2.9375,3.4466029200060615
65126,513,3.3635478,3.3781580670900495
65130,1180,3.501695,3.5027666440824183
65133,297,3.7558923,3.7230633301418865
65142,106,3.6179245,3.589121546500768
65155,43,2.7558138,3.1709996167049614
65181,46,2.902174,3.2281559705734253
65188,647,4.048686,4.011338348881244
65193,156,3.022436,3.1451600500680867
65204,7,2.9285715,3.454438063136318
65216,895,3.5921788,3.5887862588993458
65225,262,3.4866412,3.4932787036284423
65227,6,3.0,3.471481595720564
65230,1193,3.297569,3.306840571106583
65235,26,3.4230769,3.492144314866317
65238,7,3.357143,3.5070696462664688
65243,20,2.85,3.3343281064714705
65259,38,3.4868422,3.5102610371329566
65261,1962,3.8391948,3.831462781898544
65288,12,3.6666667,3.5548866179681595
65290,8,3.3125,3.4983270579370958
65293,8,3.0625,3.4638442993164062
65300,30,2.85,3.2737870812416077
65304,7,3.142857,3.4807538400616562
65310,59,2.9491525,3.214706101548781
65315,38,2.1710527,2.9420792243697425
65350,10,2.95,3.4317161639531455
65352,7,2.5,3.401806480006168
65357,21,3.9761906,3.660605229122538
65359,65,2.676923,3.0469823194586714
65400,27,1.7222222,2.894843753282126
65418,229,3.4956331,3.5014442833521033
65435,125,2.64,2.8937313284192765
65465,260,3.2557693,3.2996870163948304
65514,1833,3.9511728,3.9399377399470916
65518,8,2.75,3.420740851040544
65521,9,2.3888888,3.3542876081951594
65538,8,3.25,3.4897063682819236
65552,51,2.509804,3.013890830597075
65558,5,3.2,3.49823581088673
65567,160,2.9,3.049538021995908
65577,291,3.0343642,3.106753543674771
65585,655,2.8671756,2.9140467711374267
65588,84,3.6488094,3.603753445753411
65596,236,3.6991525,3.6692410915881606
65601,212,2.5896227,2.7687136999523365
65603,12,3.0416667,3.4339188760326755
65612,189,3.6560845,3.6293010332594355
65631,78,3.2628205,3.366429429501295
65642,848,3.7895048,3.774947674077975
65651,12,2.7083333,3.36940271623673
65660,40,3.475,3.5044773949517145
65665,32,3.234375,3.413450845857946
65667,12,2.7916667,3.385531779258482
65669,8,3.375,3.5069477475922683
65672,32,3.203125,3.4012557239067265
65682,1242,3.3091788,3.3176494390233753
65685,438,3.1152968,3.1575880851901945
65702,7,3.0,3.4632099887780976
65709,46,3.4130435,3.4729476074377694
65731,59,2.70339,3.0816786464201202
65738,60,1.9833333,2.685481548309326
65740,52,2.0096154,2.753950698702943
65764,7,3.642857,3.542157348833586
65770,12,3.2916667,3.482305972806869
65772,59,3.0338984,3.260577726801601
65796,33,3.6060605,3.5590718797890535
65802,710,2.3767605,2.4525038317630163
65810,150,3.2133334,3.2920148730278016
65813,195,2.4128206,2.6404203346797397
65817,75,2.6333334,2.9912238216400144
65845,20,3.05,3.3914709772382463
65866,7,3.5,3.5246134975500274
65868,241,3.2946057,3.3347180438615203
65878,7,3.357143,3.5070696462664688
65882,269,3.1189592,3.183081476665963
65894,46,3.1956522,3.3687809656063714
65899,75,3.28,3.379223737716675
65907,10,1.55,3.19838281472524
65932,5,2.3,3.4164176203987817
65935,12,3.125,3.4500478929088962
65939,101,3.3663366,3.4198871811494134
65974,12,2.8333333,3.3935962646238265
65982,437,3.3203661,3.3416898857641515
65984,7,2.7142856,3.4281222569315055
66015,28,3.0892856,3.3705508525554952
66019,20,3.925,3.6414709772382463
66025,11,2.5,3.3426716288582226
66053,10,3.1,3.4567161401112876
66059,30,2.9666667,3.3175371289253235
66066,91,2.0384614,2.5666876667780234
66068,14,3.857143,3.6000464111566544
66090,311,3.4115756,3.4277090504559125
66092,28,3.5714285,3.5436278000856056
66097,3941,3.7595787,3.7566781871989687
66105,8,2.75,3.420740851040544
66118,20,3.9,3.634328160967146
66130,226,3.517699,3.519575884376747
66140,21,2.6666667,3.273281282102558
66152,22,2.7727273,3.297263456715478
66156,103,3.276699,3.3588429619284237
66171,927,3.201726,3.2184267493084975
66198,581,3.1790018,3.206660887329779
66200,216,3.4212964,3.4413645966608724
66203,1407,3.2555082,3.2648613485638704
66234,31,2.919355,3.2950984165992265
66246,34,2.4411764,3.0881305649167015
66252,7,3.357143,3.5070696462664688
66279,53,3.6320755,3.581582266150169
66284,9,3.2222223,3.4814062765089133
66289,16,3.25,3.4606510509144175
66295,11,3.6363637,3.547589681187614
66304,135,2.6925926,2.9183944495948584
66310,73,3.0616438,3.251243655274554
66317,78,3.5705128,3.553929418325424
66320,59,3.3474576,3.430302482132518
66323,14,3.4285715,3.5062964037060738
66330,58,3.25,3.378731197781033
66335,195,3.3641026,3.397563170413582
66337,25,3.36,3.472039556503296
66339,21,3.452381,3.505675608003643
66344,11,2.6363637,3.367261812335155
66352,8,3.625,3.541430506212958
66365,46,3.1195652,3.3323226124048233
66369,14,3.0,3.412546396255493
66371,751,4.0266314,3.9955095095878534
66385,157,3.512739,3.516439533463999
66427,163,3.0153375,3.135694725412718
66440,6,3.75,3.5518387385777066
66503,11,2.4545455,3.3344749153637494
66506,29,2.775862,3.2519362878195848
66509,1031,3.172648,3.1890869647898574
66511,65,3.3,3.3991562283557393
66537,5,3.4,3.516417633403431
66544,90,3.5666666,3.5528783117021834
66547,73,3.5684931,3.552056647897736
66549,8,2.1875,3.3431546441439925
66579,6,2.5833333,3.4268387300627574
66584,7,2.4285715,3.3930345543643883
66592,10,3.3,3.4900494813919067
66596,84,3.357143,3.4209177244955034
66618,21,3.6666667,3.569055929989882
66639,138,2.1195652,2.4941647534674787
66655,13,3.5,3.522269354926215
66659,67,2.358209,2.8581450026259465
66665,914,3.7062364,3.696994818097823
66667,5,3.4,3.516417633403431
66686,14,3.642857,3.553171381354332
66691,148,3.037162,3.1611260356325093
66718,19,3.5263157,3.527579238449318
66744,125,3.544,3.5394454751695905
66758,10,3.8,3.57338281472524
66762,84,3.5952382,3.570171484306677
66783,317,2.5283911,2.6645857092470173
66785,312,3.5641026,3.5591242985172165
66789,48,2.4583333,3.004111893323003
66798,289,2.731834,2.849271317147224
66801,37,3.445946,3.493137592556833
66808,54,1.9166666,2.6913746847556186
66813,12,3.75,3.5710156348443802
66854,12,3.25,3.4742414412959928
66857,8,3.6875,3.5500511958681304
66859,6,2.75,3.4446958814348494
66861,6,3.6666667,3.542910175664084
66866,8,3.125,3.472464988971579
66868,6,3.3333333,3.5071958729199
66870,65,3.7,3.6252432387808096
66915,89,3.0337079,3.2115321485258694
66932,6,1.75,3.337553024291992
66934,3615,3.9799447,3.9737798312188497
66943,52,3.0288463,3.273558579239191
66947,9,3.2222223,3.4814062765089133
66977,7,3.7142856,3.5509292744753655
66979,9,2.8888888,3.4305587946358376
67009,7,3.142857,3.4807538400616562
67068,67,3.3656716,3.4350681101155076
67073,159,2.6415095,2.853602799502286
67087,2475,3.6159596,3.614219045166922
67096,15,3.3333333,3.4831225872039795
67098,26,3.5384614,3.531617986528497
67138,61,3.442623,3.4811078041523427
67140,27,3.5555556,3.537700910072822
67168,86,2.9651163,3.1720806465429416
67186,262,3.0248091,3.105458203034523
67193,536,3.090485,3.1278207863557053
67197,1524,2.996391,3.013280140853746
67223,83,3.4939759,3.5067892271773258
67233,7,2.857143,3.445666137494539
67252,162,3.0679011,3.1764290242824913
67255,3798,3.8982358,3.8934258133358868
67267,769,3.5104032,3.511481070256495
67314,11,2.7272727,3.3836552393241006
67354,14,2.9642856,3.4047338739037514
67356,11,2.409091,3.3262782018692767
67359,7,3.0714285,3.4719819144198767
67361,117,2.8418803,3.047323155545903
67363,12,3.5833333,3.538757554946407
67365,54,2.7129629,3.104836193414835
67370,11,3.6363637,3.547589681187614
67405,27,2.7037036,3.2389995804080716
67408,1398,3.2206724,3.2312865616208284
67420,27,3.0370371,3.355882753025402
67422,48,3.7604167,3.641867073214784
67429,162,3.7067902,3.6646367131539113
67457,15,2.6,3.313891814305232
67459,15,2.4666667,3.2831226128798265
67464,14,3.25,3.467233896255493
67501,11,2.8181818,3.4000486663130465
67504,31,3.919355,3.6778144659819425
67508,366,3.6762295,3.658420571914086
67534,136,2.8014705,2.9967901065785396
67536,7,3.357143,3.5070696462664688
67603,9,1.8888888,3.2780164217544816
67607,28,3.267857,3.434653428884653
67620,170,3.5058823,3.510922518643466
67624,18,3.3055556,3.4691613211351284
67665,443,3.785553,3.7594380098230697
67667,10,2.95,3.4317161639531455
67695,460,2.7880435,2.8605940762688133
67702,9,3.3333333,3.498355400764336
67706,15,3.2,3.452353385778574
67734,1873,3.4268553,3.4294867365544994
67744,9,2.7222223,3.405135090068235
67748,22,3.090909,3.394485659069485
67784,55,3.2545455,3.3847901821136475
67788,659,2.9438543,2.9850535601251384
67792,39,3.3461537,3.448347922121541
67799,248,2.8951614,3.0013523293821605
67801,114,3.631579,3.60001808841054
67839,63,3.4126985,3.463743144432
67845,6,3.5833333,3.533981587205614
67847,10,3.25,3.4817161560058594
67850,5,1.6,3.3527812632647427
67865,6,4.0,3.5786244528634206
67867,364,1.7678572,1.9804419998961371
67869,25,3.06,3.372039572397868
67888,11,3.7272727,3.5639831081765596
67890,10,3.55,3.5317161480585733
67892,9,3.0555556,3.4559825355723754
67894,11,1.8181819,3.2197208189573443
67898,38,2.6052632,3.1295792297883467
67900,8,2.125,3.33453395448882
67907,31,3.483871,3.511147775767762
67923,1206,3.1791046,3.192996080134325
67925,13,3.6153846,3.546078871166895
67927,17,3.1176472,3.4239249442940327
67929,23,3.152174,3.4096297433931535
67931,7,3.0,3.4632099887780976
67949,24,2.6875,3.2554455318966427
67957,50,3.46,3.494029712677002
67980,11,2.1818182,3.285294591403398
67983,21,3.547619,3.533844655668232
67997,1036,3.8180501,3.8046988220285094
67999,61,3.5245903,3.5261529265223324
68028,57,3.1666667,3.335541812058921
68039,10,3.25,3.4817161560058594
68044,7,3.7142856,3.5509292744753655
68067,6,3.25,3.4982673100062778
68069,35,3.4,3.4753290905671963
68073,1236,3.695793,3.6892713921993368
68099,203,3.9162562,3.839537453745665
68115,13,3.7307692,3.5698883874075755
68135,1655,3.0797584,3.0929050620350322
68137,12,3.375,3.4984349896830897
68153,18,3.3888888,3.4912201236276066
68157,13522,4.006878,4.005113905241382
68159,1039,3.5543792,3.5531707841174334
68168,10,3.65,3.548382838567098
68173,40,3.55,3.5378107494778104
68175,14,3.392857,3.498483881354332
68180,9,3.9444444,3.5915757478293724
68194,444,3.7432432,3.7214634775632787
68201,8,3.125,3.472464988971579
68205,1043,3.0958772,3.11564762878069
68214,9,3.3333333,3.498355400764336
68226,16,2.71875,3.331863172126539
68237,6600,4.0176516,4.013970413781647
68259,18,3.4722223,3.5132789892308853
68263,86,3.5290697,3.528698237503276
68269,506,3.7450593,3.725544875474285
68271,9,3.1111112,3.4644571158845547
68273,20,3.725,3.5843281064714705
68288,73,2.4246576,2.873194901923823
68319,4116,3.25328,3.2565778056074666
68324,161,2.8136647,2.9829525213105983
68339,5,3.0,3.4800539883700283
68347,478,3.8253138,3.797164713794535
68349,11,3.409091,3.5066060707217357
68358,10353,3.8955858,3.8938193311373177
68392,21,2.6666667,3.273281282102558
68411,6,3.0833333,3.480410158634186
68442,79,3.2088609,3.3325812280640124
68444,135,3.1185186,3.229205292624396
68462,7,2.357143,3.384262628722609
68472,74,3.7905405,3.684701315818294
68480,7,2.7857144,3.4368942118527595
68482,43,3.2325583,3.391429829341109
68486,232,3.7327585,3.6964643491920848
68489,7,3.2857144,3.4982977206246897
68495,9,3.0555556,3.4559825355723754
68498,8,3.125,3.472464988971579
68511,70,3.3642857,3.4325247406959534
68517,12,3.7083333,3.562951103333504
68519,168,2.2619047,2.5523071639034725
68522,345,3.873913,3.830134105078782
68524,5,2.7,3.4527812654321846
68536,213,3.7511737,3.708756558342125
68548,21,3.047619,3.38595733172457
68552,123,3.317073,3.3780518005349043
68554,2490,3.2516065,3.257048451055692
68574,6,3.0833333,3.480410158634186
68593,7,3.2857144,3.4982977206246897
68597,24,3.5,3.5189590454101562
68612,41,3.3536584,3.4494831352443485
68614,15,3.1,3.4292764296898475
68650,96,3.0572917,3.2185135410256582
68653,16,3.75,3.581863172126539
68659,452,3.233407,3.262754865851535
68662,14,2.7142856,3.3500463739037514
68667,13,2.9615386,3.4111582627372137
68674,25,3.5,3.5187062581380206
68676,5,3.6,3.5345994342457163
68685,53,2.9150944,3.212650206482526
68690,52,3.5192308,3.523558560539694
68749,134,2.8992538,3.070124916408373
68791,2840,3.177993,3.1840495700242197
68793,1160,2.988362,3.0106636157705764
68831,10,3.3,3.4900494813919067
68835,66,3.6742425,3.611232535592441
68838,57,3.6052632,3.5691866696437944
68848,743,3.576716,3.5736480673204305
68858,46,3.0217392,3.285447652141253
68868,21,3.8809524,3.6324361814579493
68872,50,3.63,3.579029750823975
68874,45,3.7777777,3.6463469957050525
68884,16,3.03125,3.4076207478841147
68886,51,3.5686274,3.54854420388099
68890,7,3.5714285,3.533385423191807
68892,15,3.1666667,3.4446610854222226
68897,6,2.8333333,3.4536244443484714
68899,5,3.1,3.489144888791171
68901,54,3.4351852,3.479836248434507
68915,10,3.65,3.548382838567098
68919,18,3.75,3.5868083729463467
68921,7,3.142857,3.4807538400616562
68932,386,3.300518,3.326612227553621
68941,322,3.122671,3.177158590286009
68943,7,2.7857144,3.4368942118527595
68952,1390,3.1802158,3.192293736669752
68954,14618,3.9910042,3.989426151003342
68956,45,3.9,3.7042418279145894
68959,172,3.5436046,3.5401034355163574
68963,154,3.3051949,3.3598185146556183
68965,59,1.5677966,2.4669997068720124
68967,75,3.5466666,3.5392237281799317
68974,7,3.9285715,3.577245080680178
68976,23,3.326087,3.464424250877067
69005,10,3.15,3.4650495052337646
69007,9,3.1666667,3.472931696196734
69027,99,3.4141414,3.452368923481679
69061,10,3.25,3.4817161560058594
69069,236,3.0317798,3.1185419376079855
69072,12,3.9583333,3.6113382001076975
69075,26,2.6923077,3.2421443399630094
69088,67,3.7537313,3.6572902834313545
69118,82,2.9146342,3.1469922426975137
69122,10078,3.6657572,3.665077391582266
69131,93,2.6774194,2.974845984598973
69134,976,3.446209,3.450197766398826
69136,36,3.8055556,3.6442205850468126
69140,237,3.3607595,3.389905819078771
69155,5,2.4,3.4255085424943403
69159,5,3.0,3.4800539883700283
69169,9,3.0,3.447507955260196
69187,16,2.6875,3.3242874145507812
69199,6,2.5,3.417910167149135
69203,6,3.4166667,3.51612446137837
69217,6,3.0,3.471481595720564
69219,34,3.4558823,3.49884485630762
69222,7,3.0,3.4632099887780976
69227,44,2.0568182,2.839393321503984
69231,9,3.1666667,3.472931696196734
69233,10,3.05,3.44838281472524
69241,44,3.7727273,3.6425847702838006
69243,14,3.3214285,3.4828588888049126
69251,69,3.5724638,3.553806455195451
69253,211,2.9004738,3.0207009507321763
69255,5,3.0,3.4800539883700283
69269,23,2.6956522,3.265794123688789
69275,422,3.1753554,3.2127181412809986
69278,476,2.735294,2.8106520203129874
69280,18,2.9722223,3.3809260480544148
69284,31,3.3709676,3.467937849186085
69299,9,3.5555556,3.532253722013053
69302,10,2.8,3.4067161480585733
69304,73,2.9931507,3.210593262339026
69306,891,3.2093153,3.2262517552066687
69310,10,3.85,3.5817161401112876
69324,148,3.5506756,3.5449644580031885
69336,6,3.5,3.525053024291992
69354,14,3.7142856,3.5687963739037514
69356,24,2.9583333,3.343283343959499
69358,16,3.65625,3.559135899399266
69361,11,3.3636363,3.4984093142337485
69370,7,3.0714285,3.4719819144198767
69372,39,3.2820513,3.4202581014526023
69374,12,3.5833333,3.538757554946407
69381,49,3.0306122,3.281848168132281
69387,7,3.357143,3.5070696462664688
69394,154,3.8181818,3.7470733301312316
69406,2100,3.475,3.4762338460877884
69419,8,2.0625,3.325913264833648
69421,19,3.0263157,3.389898079029028
69429,10,3.75,3.565049489339193
69436,746,2.455764,2.5231192896713566
69438,44,3.0568182,3.307478427886963
69442,15,1.9666667,3.167737997495211
69444,9,2.6666667,3.396660509756056
69446,6,2.9166667,3.4625530328069414
69448,15,3.6,3.544661045074463
69453,33,3.0454545,3.3361803365040976
69458,217,3.5990784,3.585778973075781
69460,7,3.5,3.5246134975500274
69466,33,3.060606,3.3422044271446136
69469,22,2.159091,3.1097634898291693
69481,5082,3.7479339,3.7457916736602783
69483,14,3.9285715,3.6156714037060738
69489,21,3.7857144,3.6042672043115322
69495,28,3.517857,3.5243970186282425
69498,36,3.625,3.568639178608739
69500,8,3.875,3.575913264833648
69503,12,2.875,3.4016607961347027
69509,20,3.45,3.5057567187717984
69516,195,3.194872,3.2628693483313738
69518,5,1.9,3.380053986202587
69521,13,3.6153846,3.546078871166895
69524,973,3.987667,3.9652033644570865
69526,2702,2.8058846,2.819005507889182
69529,309,3.9546926,3.8952729343371804
69542,58,3.2327585,3.369471885539867
69552,31,3.0,3.325962584695698
69559,8,3.5,3.524189126902613
69569,6,2.6666667,3.435767318521227
69574,119,3.6764705,3.6325618995011912
69604,740,3.5628378,3.560636671283577
69606,467,2.837259,2.904067597029518
69611,13,2.9615386,3.4111582627372137
69626,17,3.0882354,3.416462250609896
69640,1631,3.306867,3.3134460782522535
69644,1471,3.364718,3.370087501016751
69654,140,3.475,3.48896292636269
69666,16,3.3125,3.4758025660659326
69677,14,3.2857144,3.475046418607235
69685,180,3.7583334,3.708273866902227
69689,12,2.7916667,3.385531779258482
69699,29,3.8275862,3.6380122583123704
69704,26,1.6153846,2.873723268508911
69712,422,3.5343602,3.5336927145214405
69714,22,1.8409091,3.0125412510501013
69729,9,3.6666667,3.549202882637412
69744,7,3.4285715,3.5158415719082483
69746,236,3.3538136,3.3842761900041487
69753,6,2.8333333,3.4536244443484714
69757,7264,3.7653496,3.7637274619298844
69761,19,3.6842105,3.5710575304169585
69768,6,3.0833333,3.480410158634186
69771,22,3.590909,3.547263436847263
69773,11,3.2727273,3.482015887244803
69784,1675,2.7907462,2.812117608388265
69786,9,3.7222223,3.557677462949591
69792,18,2.9166667,3.3662201586891625
69805,125,3.16,3.265159886223929
69809,20,2.825,3.3271852902003696
69818,129,3.1899226,3.2843741957701784
69821,11,2.2727273,3.301688018392344
69830,34,3.514706,3.522654402823675
69842,60,3.025,3.253663409839977
69844,7006,3.8118756,3.809864412562377
69849,425,3.8505883,3.816637907530132
69856,5,3.1,3.489144888791171
69860,11,2.9545455,3.424638849789979
69873,39,2.8461537,3.2292467985260354
69904,42,2.392857,3.009814853253572
69906,6,2.3333333,3.400053015777043
69908,16,3.21875,3.45307529333866
69911,20,3.775,3.59861387525286
69919,10,3.4,3.506716171900431
69926,16,3.09375,3.42277226303563
69928,12,2.9583333,3.4177898130109234
69931,6,2.9166667,3.4625530328069414
69934,79,3.335443,3.410100526587908
69945,73,2.6438355,3.0032761310174214
69947,15,3.3,3.475430286847628
69949,16,3.3125,3.4758025660659326
69951,1435,3.4299653,3.433268090289851
69953,24,3.5,3.5189590454101562
69957,8,3.5625,3.5328098165577857
69964,6,1.3333334,3.29291017140661
69971,16,3.71875,3.5742874145507812
69979,5,3.1,3.489144888791171
69981,7,2.4285715,3.3930345543643883
69986,9,3.5,3.523779141700874
69988,103,3.1553397,3.277143531375461
69995,104,3.5913463,3.5707985766522294
70008,6,2.4166667,3.408981604235513
70015,45,3.6333334,3.577926045969913
70032,103,3.1407766,3.2673396253897473
70046,31,3.516129,3.5234934430063505
70048,11,2.8181818,3.4000486663130465
70088,18,2.9166667,3.3662201586891625
70093,57,2.8333333,3.1579716339289585
70121,20,2.25,3.1628995622907365
70130,18,3.4722223,3.5132789892308853
70133,60,3.1666667,3.3309361284429375
70157,9,3.5,3.523779141700874
70159,709,3.3667138,3.3773425913296826
70173,5,3.1,3.489144888791171
70175,25,2.76,3.2720395882924396
70183,1088,3.1636028,3.179615858778593
70186,27,3.851852,3.6415970356433425
70188,31,3.387097,3.474110774051996
70201,44,3.6022727,3.5627975565321903
70206,151,3.0562913,3.1736465769620676
70208,298,3.124161,3.1821923817711313
70223,16,3.6875,3.5667116569750235
70227,14,2.392857,3.279733881354332
70229,19,2.6578948,3.2884488624075185
70235,16,2.96875,3.3924692327325996
70237,5,3.1,3.489144888791171
70282,120,2.6125,2.8817821390488567
70286,11030,3.8245695,3.8232314218682935
70293,1698,3.5365136,3.536271742606872
70295,31,3.532258,3.529666276625645
70301,100,2.51,2.8493531227111815
70305,372,2.798387,2.8848411189436347
70315,8,2.4375,3.377637402764682
70334,230,2.4152174,2.613939183098929
70336,1294,2.8037095,2.830657047175226
70342,61,3.7786884,3.665792465209961
70344,134,3.3208954,3.3771899860838186
70361,202,2.779703,2.928186331476484
70366,27,1.9814814,2.985752831805836
70374,5,3.5,3.5255085338245737
70377,12,3.25,3.4742414412959928
70418,18,2.6944444,3.307396601228153
70421,6,3.8333333,3.5607673014913286
70423,15,3.8,3.5908149022322435
70425,8,3.4375,3.515568437247441
70432,55,3.5,3.513361612955729
70451,184,3.6875,3.653431492992955
70465,37,3.8108108,3.6483099899072755
70488,8,3.8125,3.567292575178475
70492,6,2.5833333,3.4268387300627574
70495,14,2.4642856,3.2953588739037514
70497,35,3.4142857,3.4812113818000343
70500,5,3.4,3.516417633403431
70507,17,3.4705882,3.5134771475151405
70513,6,2.8333333,3.4536244443484714
70517,8,2.6875,3.4121201613853716
70533,386,3.857513,3.8197315789143973
70535,13,2.6923077,3.3556026920439703
70537,6,3.75,3.5518387385777066
70541,17,3.0882354,3.416462250609896
70543,6,3.5,3.525053024291992
70545,12,2.9583333,3.4177898130109234
70549,7,3.5,3.5246134975500274
70565,128,2.7695312,2.9826009514626493
70567,378,3.6666667,3.650474297666104
70571,10,3.25,3.4817161560058594
70587,35,2.5714285,3.134152566685396
70595,19,3.4473684,3.5058401252912437
70597,102,3.1568627,3.2789668974123503
70599,1118,3.571109,3.5692661767953062
70607,44,2.6363637,3.110669937539608
70629,18,2.9722223,3.3809260480544148
70637,38,3.5131578,3.5216246301477607
70641,93,2.4946237,2.8559648240362847
70643,84,3.3392856,3.4097235878901695
70649,13,3.8076923,3.585761414633857
70656,23,3.326087,3.464424250877067
70661,17,3.1470587,3.4313875774839033
70663,215,2.5790699,2.758124481956914
70670,31,3.887097,3.665468798743354
70678,6,2.8333333,3.4536244443484714
70682,17,3.6764705,3.565715942809831
70687,137,3.1313868,3.2374489575146352
70689,9,3.1111112,3.4644571158845547
70695,30,2.2666667,3.05503711104393
70697,223,2.455157,2.651659302659087
70703,8,2.5,3.3862580924198546
70706,81,2.4629629,2.8694882556682324
70708,81,3.271605,3.3694883630475925
70712,9,3.5555556,3.532253722013053
70722,7,4.071429,3.594788961243211
70724,10,3.5,3.523382822672526
70726,36,2.875,3.254685690236646
70728,464,3.4568965,3.463818999116059
70730,5,1.7,3.3618721745230933
70740,7,1.7857143,3.314087179669163
70742,31,3.435484,3.492629274909879
70762,18,3.3333333,3.4765142342623543
70769,93,3.548387,3.5412794760057142
70789,6,3.4166667,3.51612446137837
70795,5,3.4,3.516417633403431
70802,51,3.4117646,3.4693362878100706
70804,18,3.6388888,3.5573965942158416
70806,18,3.6944444,3.5721024835810944
70821,7,3.4285715,3.5158415719082483
70824,19,1.5526316,2.9841010155885117
70828,21,3.547619,3.533844655668232
70831,9,3.5,3.523779141700874
70833,12,3.4166667,3.5064995211939656
70839,7,2.7857144,3.4368942118527595
70843,7,2.2857144,3.3754907030808297
70846,90,3.5055556,3.513592685971941
70849,112,3.736607,3.6722405045120805
70862,250,3.736,3.701343282063802
70869,5,3.0,3.4800539883700283
70871,42,3.9047618,3.700032223825869
70877,11,3.1818182,3.465622460255857
70880,11,3.2727273,3.482015887244803
70891,5,3.2,3.49823581088673
70898,89,2.5561798,2.905776749411933
70912,68,3.4485295,3.4822285943112132
70927,30,3.2833333,3.4362871050834656
70932,122,2.8565574,3.0517614442248675
70948,9,3.8333333,3.574626587205014
70958,20,3.1,3.4057566779000417
70961,11,3.2727273,3.482015887244803
70964,11,3.5454545,3.5311962112051543
70968,19,3.1052632,3.4116372578385947
70970,31,3.2741935,3.4309008474703186
70976,16,2.84375,3.3621662024295693
70978,28,3.75,3.6077303764147635
70984,258,3.253876,3.298386265705158
70992,39,3.2051282,3.386550212174319
70994,193,2.5803108,2.775320814470205
71007,6,2.8333333,3.4536244443484714
71011,53,3.4433963,3.484494901397853
71014,16,3.34375,3.4833783236416904
71027,13,3.8076923,3.585761414633857
71029,19,3.3157895,3.469608248143956
71033,1604,4.0062346,3.9917795291979052
71057,1964,3.447556,3.4495546128804304
71067,5,2.9,3.4709630879488858
71096,7,3.2857144,3.4982977206246897
71102,10,2.7,3.3900494972864785
71104,6,3.1666667,3.489338747092656
71106,525,3.7485714,3.729396438598633
71108,631,3.8074484,3.7869352447128857
71110,7,3.0,3.4632099887780976
71116,28,2.8035715,3.2679867988977676
71129,266,3.2857144,3.3240601156331318
71131,302,3.8758278,3.826428868553855
71133,9,2.5555556,3.3797113491316972
71135,1222,3.433306,3.4370305624398045
71139,7,3.2142856,3.4895257657034353
71141,23,3.5652175,3.539766736226539
71143,13,3.0,3.419094751751612
71147,14,3.7142856,3.5687963739037514
71154,16,2.65625,3.3167116569750235
71156,1592,3.200377,3.2103551360489244
71164,10,3.8,3.57338281472524
71168,7,2.0,3.340402971234238
71170,25,3.3,3.4520395755767823
71178,19,3.9736843,3.6507676995318867
71180,22,3.7727273,3.6028190122710333
71182,19,3.2631578,3.4551154841547427
71184,38,3.4078948,3.476170155135068
71187,13,3.4230769,3.506396327699934
71189,25,3.62,3.558706219991048
71199,23,3.9130435,3.649355751194366
71205,562,2.5987544,2.674678015553094
71211,852,3.334507,3.345236057188453
71239,41,2.6463416,3.130801905642499
71241,7,3.0714285,3.4719819144198767
71243,6,3.5,3.525053024291992
71246,44,3.5113637,3.520244405624714
71248,458,3.0578604,3.104139804840088
71252,475,2.6505263,2.734100866317749
71254,954,2.981132,3.008369448650406
71264,1698,3.437868,3.440447960074488
71268,22,3.3636363,3.4778189857800803
71280,5,3.2,3.49823581088673
71282,959,3.8086548,3.7947501569129787
71285,24,3.125,3.3973374237885348
71302,53,2.3679245,2.9310967505556866
71304,316,3.5474684,3.544816916106177
71318,89,3.1741574,3.3014602609675565
71322,32,3.0625,3.3463776751262384
71325,176,2.9517045,3.0792166448272433
71327,251,3.376494,3.4016709169280093
71341,35,2.7,3.187093776815078
71343,7,3.2142856,3.4895257657034353
71350,11,3.6363637,3.547589681187614
71361,8,3.25,3.4897063682819236
71372,38,2.5526316,3.106851940805262
71374,54,2.2129629,2.8452208087994504
71376,12,2.8333333,3.3935962646238265
71379,1466,3.022169,3.0388541485829217
71382,6,3.25,3.4982673100062778
71390,65,3.676923,3.612199710763019
71402,5,2.5,3.434599442915483
71404,16,3.875,3.6121662024295693
71409,6,2.6666667,3.435767318521227
71413,13,3.3846154,3.4984598386855352
71416,16,3.71875,3.5742874145507812
71418,36,3.3055556,3.4349182594654173
71426,10,3.05,3.44838281472524
71429,338,3.4497042,3.4598014920028213
71433,15,3.5,3.5215841440054088
71438,84,3.75,3.6671863385100862
71442,16,3.75,3.581863172126539
71444,15,3.7333333,3.5754303015195408
71446,11,3.5454545,3.5311962112051543
71448,15,3.3666666,3.490814887560331
71450,508,3.5718503,3.567926382933039
71453,15,3.4333334,3.506199543292706
71460,132,3.4242425,3.452763620313707
71462,707,3.9165487,3.890888930941825
71464,1566,3.5881226,3.586264214598306
71466,463,3.7095032,3.691818594235426
71472,21,3.452381,3.505675608003643
71482,13,2.7692308,3.371475719270252
71484,139,3.3417265,3.3910209451402937
71488,7,3.5714285,3.533385423191807
71490,37,2.6351352,3.14831000909038
71494,45,3.0555556,3.304241795288889
71497,8,3.5,3.524189126902613
71500,391,3.410486,3.423816300844119
71518,859,3.5995343,3.595602761269665
71520,1092,3.2293956,3.24247197470189
71522,11,3.3181818,3.4902126007392758
71525,8,3.1875,3.481085678626751
71530,1801,3.2487507,3.2562954921712106
71533,38,2.9210527,3.265942860733379
71535,7675,3.7940717,3.792349911970614
71537,97,2.6082475,2.921108698358341
71542,138,3.5253623,3.5260795760662
71545,11,2.6818182,3.375458525829628
71550,103,3.252427,3.342503011616227
71558,11,3.1818182,3.465622460255857
71560,22,3.1818182,3.422263483206431
71571,100,2.28,2.6960197766621907
71573,169,2.6390533,2.8420227608179935
71575,46,3.1956522,3.3687809656063714
71579,1281,3.7053084,3.6986499456066015
71591,19,2.9473684,3.368158965870954
71606,6,3.0833333,3.480410158634186
71619,260,3.4096153,3.42871916678644
71634,12,3.7083333,3.562951103333504
71638,9,3.0,3.447507955260196
71640,32,3.578125,3.5475971873213603
71650,24,3.2916667,3.4513915036175704
71664,18,3.25,3.454455431769876
71668,561,2.7370768,2.801805288623866
71670,266,2.556391,2.710135998605173
71677,14,3.357143,3.4906714111566544
71688,80,3.725,3.6492535517765927
71691,96,3.3541667,3.413719020477713
71693,16,3.4375,3.506105596368963
71695,38,3.5,3.515942833640359
71700,109,2.8394496,3.0559935884655647
71707,16,2.6875,3.3242874145507812
71709,6,3.8333333,3.5607673014913286
71717,14,3.142857,3.443796381354332
71719,7,3.4285715,3.5158415719082483
71730,7,3.5,3.5246134975500274
71732,104,3.2884614,3.366252985867587
71736,11,3.5,3.5229994977106815
71738,17,3.5588236,3.5358652285675505
71740,20,3.25,3.448613848005022
71743,8,3.3125,3.4983270579370958
71745,1414,3.3394625,3.3459036685729937
71748,5,2.7,3.4527812654321846
71750,7,2.7857144,3.4368942118527595
71755,11,4.1363635,3.6377535726203294
71760,6,3.3333333,3.5071958729199
71762,14,3.5714285,3.5375463888049126
71779,11,3.0454545,3.4410322767789245
71792,22,3.2272727,3.4361523588498435
71804,6,3.1666667,3.489338747092656
71808,6,1.8333334,3.346481599978038
71817,20,3.375,3.484328133719308
71821,26,2.5,3.1763548600046256
71823,246,3.0345528,3.117915409642297
71838,1266,3.6390204,3.6348045973792265
71840,20,2.875,3.3414709908621654
71851,6,2.8333333,3.4536244443484714
71865,6,3.0,3.471481595720564
71867,63,3.6031747,3.5699378283677903
71876,132,2.8522727,3.037928418798761
71878,108,2.5324075,2.8474872263172006
71902,120,3.1791666,3.2817820941700653
71910,115,2.9347825,3.114563378420743
71926,77,3.2792208,3.37718875952593
71928,86,3.4825583,3.499286609537461
71936,11,3.3181818,3.4902126007392758
71938,16,3.625,3.5515601418235083
71940,5,3.5,3.5255085338245737
71942,7,3.2857144,3.4982977206246897
71970,14,3.0714285,3.4281713888049126
71973,11,3.5454545,3.5311962112051543
71976,13,2.9615386,3.4111582627372137
71978,13,3.5769231,3.538142382152497
71980,12,3.5,3.5226285380701863
71986,5,3.6,3.5345994342457163
71989,14,3.142857,3.443796381354332
71991,40,3.1375,3.354477458530002
71999,25,3.08,3.3787062327067057
72001,5,3.1,3.489144888791171
72011,4287,3.7236996,3.7214440914626383
72013,9,3.4444444,3.5153045613886946
72018,18,3.6388888,3.5573965942158416
72027,5,3.7,3.5436903563412754
72030,14,3.107143,3.4359839111566544
72035,28,3.6964285,3.588499594957401
72037,19,3.5263157,3.527579238449318
72039,55,3.3454545,3.4324091843196323
72041,28,2.6964285,3.2295252359830418
72043,147,2.9217687,3.0756495591952717
72045,11,3.5,3.5229994977106815
72090,6,2.3333333,3.400053015777043
72092,10,3.2,3.473382830619812
72094,6,2.5,3.417910167149135
72096,15,3.5,3.5215841440054088
72102,13,3.5384614,3.530205843940614
72104,93,3.887097,3.761559296321202
72113,56,3.544643,3.536820501651404
72117,53,3.6132076,3.5718735051386563
72124,6,2.4166667,3.408981604235513
72129,574,2.7883275,2.8476008474826813
72131,238,3.2983193,3.3382047646575503
72153,6,2.5833333,3.4268387300627574
72156,15,2.3333333,3.2523533564347487
72159,33,3.7575758,3.6193128809871444
72161,10,3.4,3.506716171900431
72163,9,3.4444444,3.5153045613886946
72165,244,2.9795082,3.072799186317288
72167,533,3.1707318,3.2013773750481844
72169,121,3.4917355,3.5023564901965405
72171,382,3.5785341,3.572692142592536
72176,165,3.3060606,3.3576881885528564
72178,31,3.6612904,3.5790490368266163
72204,6,2.75,3.4446958814348494
72209,263,3.1996198,3.2520861625671387
72212,15,2.7666667,3.3523533711066613
72224,92,2.9347825,3.143682815659214
72226,3608,3.8521342,3.847704555246594
72228,105,3.4857142,3.499373935884045
72249,68,3.1911764,3.333923436827579
72258,11,1.7727273,3.2115240839661143
72261,55,3.009091,3.256218751271566
72263,12,1.7083334,3.1758543522127214
72265,10,2.5,3.3567161560058594
72273,8,3.75,3.5586718855233026
72276,9,2.8888888,3.4305587946358376
72281,5,2.8,3.461872165853327
72283,13,3.5,3.522269354926215
72290,10,3.4,3.506716171900431
72292,8,3.625,3.541430506212958
72294,463,3.2678187,3.2931832797810814
72298,12,3.7083333,3.562951103333504
72302,5,3.8,3.552781256762418
72304,8,3.0,3.4552236096612337
72310,13,2.5769231,3.3317931758032904
72315,5,3.3,3.5073267113078725
72321,5,3.1,3.489144888791171
72327,11,3.590909,3.539392924699627
72330,79,3.113924,3.2744416081628134
72332,5,2.9,3.4709630879488858
72334,23,3.6956522,3.5808626168394744
72340,7,3.142857,3.4807538400616562
72356,509,3.8595285,3.8298801377762195
72360,19,3.6842105,3.5710575304169585
72369,24,3.2708333,3.4446346953108504
72378,3375,2.7317038,2.7433293878597063
72380,608,2.756579,2.8152020579051102
72386,354,3.7132769,3.6903539081611254
72388,5,3.2,3.49823581088673
72393,373,2.9101877,2.983222197133599
72395,896,3.597098,3.5934491308748595
72405,565,3.3725665,3.385208162834974
72407,1622,2.399815,2.4335544457275904
72479,296,3.570946,3.564748493922239
72485,47,3.606383,3.5660100450220797
72489,489,3.119632,3.1575195178914823
72491,45,3.3,3.42003123383773
72524,6,3.5833333,3.533981587205614
72552,19,2.7105262,3.3029415607452393
72557,36,3.5,3.51631359721339
72559,16,2.8125,3.3545904448538115
72583,12,3.625,3.5468220864572833
72585,6,3.5,3.525053024291992
72589,8,3.75,3.5586718855233026
72591,94,2.994681,3.179881751537323
72601,63,2.8333333,3.1407341978191274
72603,87,2.8908045,3.123379294889687
72605,511,3.4794521,3.4837843305074383
72612,33,3.2424242,3.4144936096237366
72618,6,2.75,3.4446958814348494
72624,12,3.5,3.5226285380701863
72626,6,2.75,3.4446958814348494
72628,18,2.8333333,3.3441612930858837
72630,67,3.1492538,3.3111365554679155
72641,3847,3.7802184,3.7769830667394415
72643,9,3.6666667,3.549202882637412
72645,5,3.3,3.5073267113078725
72647,11,3.8181818,3.5803765351655055
72651,6,2.9166667,3.4625530328069414
72657,7,3.642857,3.542157348833586
72672,22,3.5454545,3.5333745612038507
72674,5,2.6,3.4436903433366255
72692,45,3.2555556,3.3989786599811755
72694,154,3.4155843,3.443151742804284
72696,177,2.579096,2.7881188340124057
72701,365,2.99863,3.0624167143580423
72703,119,3.2058823,3.3012009725062805
72712,58,3.724138,3.6333608759774103
72718,32,3.375,3.4683288946384336
72720,1014,3.8150887,3.8016005270463182
72726,13,3.2307692,3.4667137842329723
72731,793,3.151324,3.173668953871812
72733,1086,3.584254,3.581780670814111
72735,21,3.1190476,3.4070840822139257
72737,1183,3.5295858,3.5295239384350308
72741,288,3.5034723,3.5071094670944665
72751,21,3.2857144,3.4563798803678702
72762,168,2.8095238,2.974325556273854
72764,16,1.90625,3.134893475156842
72777,37,2.6351352,3.14831000909038
72781,6,4.0,3.5786244528634206
72784,6,2.0,3.3643387385777066
72787,66,3.1666667,3.32243943625483
72822,10,3.15,3.4650495052337646
72833,11,3.3636363,3.4984093142337485
72844,11,3.590909,3.539392924699627
72846,7,4.214286,3.6123328125267697
72848,7,3.4285715,3.5158415719082483
72850,12,3.875,3.5952091832314768
72852,25,3.48,3.5120395978291827
72854,6,3.0,3.471481595720564
72856,5,3.4,3.516417633403431
72872,5,2.6,3.4436903433366255
72874,37,2.5405405,3.108080071964483
72876,5,3.8,3.552781256762418
72878,5,3.3,3.5073267113078725
72880,7,2.7857144,3.4368942118527595
72883,8,3.375,3.5069477475922683
72899,12,3.3333333,3.4903704581722135
72904,11,2.8636363,3.408245379807519
72913,18,3.7222223,3.5794554598191204
72915,10,4.25,3.648382822672526
72919,257,2.7431908,2.871019531150594
72921,35,3.357143,3.457682020523969
72927,9,2.3888888,3.3542876081951594
72931,15,3.7333333,3.5754303015195408
72934,10,3.5,3.523382822672526
72947,27,3.5555556,3.537700910072822
72949,17,3.5,3.520939841199277
72953,8,3.3125,3.4983270579370958
72958,22,2.659091,3.262541267606947
72980,78,3.2435896,3.3547106347978115
72995,17,3.3823528,3.49108906646273
72998,14267,3.6912105,3.690640727243186
73000,262,2.7194657,2.84904804902199
73010,5,2.9,3.4709630879488858
73015,754,3.2625995,3.2791081696600464
73017,8505,3.7667842,3.7653889555738798
73023,946,3.6892178,3.681127523801413
73027,116,3.3275862,3.387969671961773
73042,266,2.0714285,2.3019081022165997
73049,40,2.925,3.2600329717000327
73051,31,3.6774194,3.5852218704459107
73060,9,2.5555556,3.3797113491316972
73064,18,3.8333333,3.608867175438825
73086,8,3.5,3.524189126902613
73089,61,2.8032787,3.1297564785759726
73101,149,3.557047,3.5497635980347293
73109,15,3.3333333,3.4831225872039795
73111,12,3.25,3.4742414412959928
73114,15,3.3333333,3.4831225872039795
73117,42,3.5119047,3.5206844288369883
73133,7,3.9285715,3.577245080680178
73135,13,3.3461537,3.4905233004736522
73143,7,3.2857144,3.4982977206246897
73152,5,2.3,3.4164176203987817
73154,6,3.5,3.525053024291992
73158,5,3.2,3.49823581088673
73160,15,2.8333333,3.367737971819364
73168,237,3.1666667,3.2296271365694054
73170,21,2.7380953,3.294408032591914
73183,73,3.671233,3.6130323080512565
73188,9,3.6111112,3.5407283023252325
73194,6,3.75,3.5518387385777066
73208,26,2.7692308,3.268460148259213
73211,429,3.5594406,3.5561649107485076
73232,17,3.0294118,3.4015368632416227
73240,9,3.0555556,3.4559825355723754
73245,7,3.0714285,3.4719819144198767
73261,5,3.1,3.489144888791171
73266,752,3.3789895,3.388283094563092
73268,950,3.203684,3.219902856349945
73270,37,3.0675676,3.332218046846061
73276,59,3.559322,3.5449814162123094
73290,700,3.807143,3.788537400563558
73319,486,3.2037036,3.2339607076858408
73321,2930,3.4424915,3.4439272336511806
73323,1128,3.8244681,3.811887119338549
73328,13,3.6153846,3.546078871166895
73330,11,3.3636363,3.4984093142337485
73334,6,3.4166667,3.51612446137837
73339,7,3.5714285,3.533385423191807
73344,1242,3.9263284,3.9109155323483256
73359,15,3.2666667,3.4677379864912767
73370,49,3.142857,3.3374036971968835
73386,27,3.0925925,3.3753631981936367
73390,13,3.1923077,3.4587772952185736
73392,96,3.78125,3.694540886029805
73399,10,3.1,3.4567161401112876
73401,8,3.375,3.5069477475922683
73413,51,3.2941177,3.409930410951671
73416,9,3.2777777,3.4898808204521568
73449,7,2.857143,3.445666137494539
73457,10,3.95,3.598382830619812
73460,10,3.35,3.498382806777954
73462,51,2.2156863,2.8653759578667066
73469,33,3.3939395,3.4747346108218276
73488,90,2.7666667,3.0385926280702864
73492,9,3.3333333,3.498355400764336
73494,22,3.3181818,3.4639301101366677
73499,30,2.9333334,3.3050371408462524
73501,13,2.3076923,3.2762376051100475
73504,11,3.3181818,3.4902126007392758
73511,83,2.7228916,3.0255862375847378
73513,94,3.8829787,3.7597428129778967
73515,38,3.0394738,3.317079235206951
73523,18,3.5,3.520631902358111
73531,7,3.2857144,3.4982977206246897
73533,5,3.6,3.5345994342457163
73569,42,3.547619,3.5369888233101885
73572,74,2.858108,3.1282497144514516
73581,5,4.1,3.5800539797002617
73587,301,3.7009966,3.676361701427362
73590,16,3.34375,3.4833783236416904
73608,91,3.7087913,3.6447019407935177
73614,27,3.7777777,3.6156229415497223
73630,13,3.3461537,3.4905233004736522
73641,17,2.8529413,3.356760761631069
73664,72,3.1875,3.327073519347144
73668,5,3.3,3.5073267113078725
73678,21,2.857143,3.329619306913564
73681,102,3.5392158,3.5355459294821086
73710,9,3.3333333,3.498355400764336
73713,54,3.7314816,3.6336824343754697
73718,42,2.642857,3.1239452880361807
73730,14,2.9285715,3.3969214037060738
73741,40,2.325,2.993366347418891
73744,12,2.6666667,3.361338230871385
73772,16,3.625,3.5515601418235083
73774,10,3.5,3.523382822672526
73776,17,3.4705882,3.5134771475151405
73778,8,3.6875,3.5500511958681304
73790,8,3.5,3.524189126902613
73804,132,2.5,2.7824338975843492
73808,295,3.8762712,3.8258057608120684
73813,12,3.5833333,3.538757554946407
73818,13,3.8461537,3.5936979036482555
73820,21,2.8333333,3.322577009738331
73822,17,3.4117646,3.498551760146867
73824,32,3.484375,3.511011821467702
73826,5,3.6,3.5345994342457163
73829,98,1.6836735,2.306776840944548
73831,9,2.9444444,3.439033374948017
73854,461,3.6138828,3.6054851878179264
73858,18,1.6388888,3.0279848295099594
73860,167,3.5898204,3.5755897403312717
73862,8,4.0,3.5931546441439925
73868,19,3.7105262,3.578303879585819
73870,47,2.531915,3.045391463741814
73872,7,3.857143,3.5684731550383986
73879,27,2.8703704,3.2974411667167365
73881,817,3.868421,3.8487923758527676
73885,30,3.6166666,3.561287075281143
73900,30,3.55,3.536287099123001
73912,9,2.7777777,3.4136096340114785
73914,23,3.2608695,3.443876273011508
73929,528,2.5672348,2.6503510722652024
73954,11,3.5,3.5229994977106815
73967,6,2.25,3.3911244528634206
73978,13,3.5,3.522269354926215
73981,27,3.3888888,3.479259323764157
73983,33,3.5757575,3.5470236985080215
74014,14,3.642857,3.553171381354332
74064,9,3.8333333,3.574626587205014
74089,144,3.5416667,3.5381596948682645
74095,58,3.1982758,3.350953389097143
74097,14,3.0714285,3.4281713888049126
74099,10,3.55,3.5317161480585733
74109,9,3.3333333,3.498355400764336
74111,60,3.2916667,3.399117946624756
74115,33,2.6818182,3.1916020663387803
74127,5,1.9,3.380053986202587
74129,12,3.25,3.4742414412959928
74131,94,3.1223404,3.2632150749365487
74135,16,3.59375,3.543984384247751
74139,47,3.1702127,3.354669777388425
74144,10,3.15,3.4650495052337646
74148,24,3.625,3.5594995859506966
74150,16,2.46875,3.271257111520478
74152,261,3.756705,3.719945293530774
74154,410,2.9085367,2.9758760980937793
74156,452,3.2090707,3.2408424658604353
74161,7,2.5714285,3.410578405647947
74164,13,3.0,3.419094751751612
74204,63,3.6111112,3.574362590249661
74226,13,3.2307692,3.4667137842329723
74228,472,3.5911016,3.585063115847065
74255,9,2.6111112,3.3881859294438765
74257,12,2.4583333,3.3210156194625364
74261,8,2.9375,3.4466029200060615
74263,11,3.090909,3.4492289902733977
74266,14,3.5714285,3.5375463888049126
74271,6,3.4166667,3.51612446137837
74275,774,3.2971575,3.3111685612826673
74287,9,2.3888888,3.3542876081951594
74297,6,3.6666667,3.542910175664084
74300,9,2.1666667,3.320389323315378
74302,5,2.3,3.4164176203987817
74306,15,3.4666667,3.5138918436490574
74310,11,3.5454545,3.5311962112051543
74327,65,3.7846153,3.6730692386627197
74337,5,3.7,3.5436903563412754
74339,14,2.2857144,3.256296418607235
74342,5,3.0,3.4800539883700283
74355,34,2.6470587,3.1714638812201366
74370,201,3.3731344,3.4039959309110603
74382,10,2.95,3.4317161639531455
74404,7,2.7142856,3.4281222569315055
74416,421,3.6365795,3.625059330286241
74426,41,3.1341465,3.3505821306626875
74428,15,3.0,3.4061995286207933
74431,24,3.7916667,3.6135536657797322
74434,12,3.625,3.5468220864572833
74436,28,2.9107144,3.306448361812494
74438,28,3.0714285,3.3641406205984263
74446,11,2.909091,3.4164421362955064
74450,696,2.946839,2.985794877878143
74452,455,2.6263735,2.7156493569364644
74456,19,2.7894738,3.324680739554806
74458,9735,3.9202363,3.9182323789377267
74473,5,2.9,3.4709630879488858
74475,34,2.8088236,3.236940134139288
74480,16,3.40625,3.4985298387932056
74484,80,2.4,2.8338690537672777
74486,55,3.1454546,3.3276473794664656
74488,214,3.6028037,3.588647585926634
74493,9,2.1666667,3.320389323315378
74504,66,3.5454545,3.537956607752833
74508,231,3.857143,3.7985871355728746
74510,1074,3.7574487,3.7472445235133596
74512,16,3.40625,3.4985298387932056
74530,928,2.9326508,2.9630909161089876
74532,416,2.6826923,2.773396913585745
74538,7,3.142857,3.4807538400616562
74541,95,3.4578948,3.4820894866154113
74545,1418,3.6205924,3.6174406878629886
74547,5,2.8,3.461872165853327
74553,464,3.799569,3.773157461144117
74573,82,3.682927,3.6242649591330327
74575,15,3.2333333,3.4600456861349254
74580,178,2.747191,2.91843403013129
74582,50,2.73,3.129029703140259
74588,8,3.9375,3.58453395448882
74590,10,3.35,3.498382806777954
74613,6,3.6666667,3.542910175664084
74619,8,2.3125,3.3603960234543373
74621,27,3.0370371,3.355882753025402
74624,353,3.5254958,3.525813834542968
74630,10,2.5,3.3567161560058594
74641,24,2.7916667,3.289229341455408
74647,18,2.1111112,3.152984857559204
74649,15,3.6666667,3.560045700806838
74653,30,3.6166666,3.561287075281143
74668,327,3.3363914,3.3618115999338167
74677,236,3.786017,3.7409194666188914
74681,11,2.2727273,3.301688018392344
74683,21,3.4047618,3.491591084171349
74685,695,3.2482014,3.266983787485417
74688,468,3.1207266,3.160044423401586
74696,47,3.4574468,3.4938450474100016
74698,248,2.2883065,2.4963187083301928
74701,15,3.0333333,3.4138918289771447
74706,11,3.909091,3.5967700051479654
74727,305,3.9442623,3.8856421423629977
74731,62,3.0241935,3.249133642230715
74733,20,3.675,3.570042405809675
74738,18,2.5555556,3.2706319093704224
74740,102,3.3235295,3.39080905600598
74748,12,3.2083333,3.466176909785117
74750,252,3.1785715,3.236433701799405
74754,227,2.2378855,2.4707688527847456
74787,151,3.460265,3.477129216217876
74789,4004,3.1814435,3.185718439692162
74791,138,3.75,3.6909732412784657
74795,1023,3.3944283,3.400655239848255
74799,12,3.0,3.4258543445217993
74818,41,2.890244,3.2406920181525933
74820,24,3.5416667,3.532472584698651
74827,45,3.5444446,3.5358207853216874
74851,634,3.1474764,3.1752968259722167
74857,7,2.7857144,3.4368942118527595
74859,8,3.3125,3.4983270579370958
74864,61,2.3114755,2.859486268447326
74868,334,3.1676648,3.214591149240732
74870,10,3.65,3.548382838567098
74886,18,2.8055556,3.336808379958658
74916,350,3.2142856,3.2535073339939116
74937,10,2.95,3.4317161639531455
74944,235,3.1,3.1750980594701934
74946,687,3.2328966,3.252921181100356
74948,528,3.4753788,3.479935900150286
74967,11,2.409091,3.3262782018692767
75341,444,3.4752252,3.4805727989567434
75345,15,3.5333333,3.52927644436176
75349,18,2.5833333,3.277984822497648
75351,42,3.3214285,3.4337279122808706
75362,5,1.1,3.3073267178101973
75367,8,2.625,3.4034994717301994
75370,22,2.5454545,3.227819005648295
75386,10,2.35,3.3317161401112876
75389,42,3.0119047,3.292423559271771
75392,17,3.3235295,3.4761637395887233
75395,241,2.9917011,3.083858902921382
75397,5,3.0,3.4800539883700283
75402,7,2.0,3.340402971234238
75404,19,2.3157895,3.1942459293033765
75414,12,2.875,3.4016607961347027
75423,22,3.090909,3.394485659069485
75425,100,2.295,2.7060198465983074
75428,7,3.0,3.4632099887780976
75434,7,3.7142856,3.5509292744753655
75436,16,2.71875,3.331863172126539
75446,27,3.1851852,3.407830774010002
75803,14,2.607143,3.3266089111566544
75805,628,2.8407643,2.891449763711575
75808,14,2.9642856,3.4047338739037514
75813,275,3.4127274,3.430470745380108
75816,35,2.8142858,3.2341525975395653
75820,8,2.4375,3.377637402764682
75823,7,3.5,3.5246134975500274
75825,14,2.7857144,3.365671418607235
75831,9,2.0,3.29496558237884
75929,26,2.6923077,3.2421443399630094
75938,6,3.1666667,3.489338747092656
75940,10,3.3,3.4900494813919067
75947,24,2.8958333,3.323013073689229
75950,11,2.6363637,3.367261812335155
75962,7,3.2857144,3.4982977206246897
75981,10,3.65,3.548382838567098
75983,98,3.75,3.6750200632456185
75985,678,3.240413,3.260168887101687
75990,29,3.310345,3.448138891896115
75992,8,3.0,3.4552236096612337
75994,6,3.6666667,3.542910175664084
76022,7,3.5,3.5246134975500274
76030,238,3.0735295,3.152440923783514
76051,25,3.02,3.358706251780192
76054,127,3.6417322,3.609621247329281
76056,17,3.2058823,3.4463129648521766
76060,86,2.8662791,3.1095806921229645
76063,14,2.892857,3.389108881354332
76077,1656,3.116244,3.1283136940226046
76079,334,3.1901197,3.234122301141421
76082,5,1.1,3.3073267178101973
76085,16,2.96875,3.3924692327325996
76087,14,3.0714285,3.4281713888049126
76089,8,3.5,3.524189126902613
76091,318,3.8207548,3.780986372543418
76093,7769,3.9357703,3.933163092712381
76108,54,2.5462964,3.0182978144058814
76111,115,3.8217392,3.73274531508937
76117,20,3.525,3.5271853038242886
76119,41,1.8292683,2.762670012620779
76127,47,3.3617022,3.447453329243611
76130,124,2.576613,2.850017098174698
76132,27,3.2037036,3.4143242557327467
76134,17,3.6470587,3.558253249125694
76137,13,3.5,3.522269354926215
76143,25,3.44,3.498706277211507
76145,8,1.75,3.2828098165577857
76147,45,2.8333333,3.198978587200767
76151,32,3.703125,3.5963776751262384
76158,41,3.3658535,3.4549776354988855
76169,12,3.9583333,3.6113382001076975
76171,14,3.9285715,3.6156714037060738
76173,457,3.6936543,3.677323439652633
76175,1367,2.7362838,2.7642222268529233
76187,12,3.5416667,3.5306930695810625
76208,23,3.652174,3.567163989968496
76210,298,3.3221476,3.3517326335797364
76217,7,3.0,3.4632099887780976
76238,7,2.4285715,3.3930345543643883
76241,8,2.5625,3.394878782075027
76244,22,2.9318182,3.345874594317542
76251,6610,3.6739032,3.6728083031313554
76258,9,3.0555556,3.4559825355723754
76269,13,2.3076923,3.2762376051100475
76272,70,3.4571428,3.486691395441691
76277,7,3.357143,3.5070696462664688
76288,5,2.6,3.4436903433366255
76291,10,2.5,3.3567161560058594
76293,1234,3.193274,3.206310834468711
76298,12,2.75,3.3774672477476058
76303,7,3.0,3.4632099887780976
76312,19,2.9210527,3.3609126167020937
76317,144,2.8680556,3.038159655541489
76680,26,2.6346154,3.2224075041319193
76692,6,3.5,3.525053024291992
76695,9,3.2222223,3.4814062765089133
76709,30,3.2,3.405037134885788
76714,10,3.4,3.506716171900431
76716,16,2.8125,3.3545904448538115
76722,7,2.642857,3.4193503312897264
76729,11,2.6363637,3.367261812335155
76738,148,3.858108,3.7747624233515578
76743,14,2.857143,3.3812964111566544
76747,18,2.5833333,3.277984822497648
76751,8,3.25,3.4897063682819236
76753,35,3.0142858,3.316505558350507
76758,16,2.96875,3.3924692327325996
76763,275,3.2963636,3.3320090990800124
76772,26,3.6346154,3.564512767289814
76776,12,3.2916667,3.482305972806869
76778,16,3.34375,3.4833783236416904
76808,11,3.7272727,3.5639831081765596
76811,18,2.3611112,3.2191613281474396
76814,7,2.357143,3.384262628722609
76816,14,3.1785715,3.4516089037060738
76818,9,3.3333333,3.498355400764336
76823,12,3.2916667,3.482305972806869
76827,17,2.735294,3.326909986894522
76836,6,2.1666667,3.3821958899497986
76860,23,3.1304348,3.402780392398573
76862,20,3.05,3.3914709772382463
76866,38,3.2631578,3.4136700846932153
76873,13,2.6153846,3.339729664817689
77141,8,3.375,3.5069477475922683
77143,12,3.0416667,3.4339188760326755
77146,25,3.34,3.465372896194458
77149,6,2.3333333,3.400053015777043
77154,64,3.421875,3.4684470996522068
77156,10,3.6,3.5400494734446206
77162,11,3.090909,3.4492289902733977
77177,76,3.7236843,3.6460553729344927
77181,8,4.0625,3.6017753337991647
77184,10,3.45,3.5150494972864785
77189,6,3.5833333,3.533981587205614
77191,234,2.9594016,3.0595174137975127
77201,296,2.9966216,3.073418975565475
77204,37,2.837838,3.234516930306095
77206,181,2.9779005,3.096982514187371
77208,25,3.54,3.5320395787556964
77210,8,1.9375,3.3086718855233026
77212,6,3.1666667,3.489338747092656
77217,8,2.625,3.4034994717301994
77223,5,3.4,3.516417633403431
77233,82,3.762195,3.6735073364142217
77238,9,3.4444444,3.5153045613886946
77240,145,3.4551723,3.473861296971639
77259,10,1.9,3.2567161520322165
77264,49,3.3265307,3.428312862762297
77266,45,3.5222223,3.525294441925852
77291,15,2.9,3.383122627551739
77293,58,3.689655,3.614842251495079
77296,7,2.5,3.401806480006168
77298,12,3.25,3.4742414412959928
77307,543,3.6813996,3.668470393545913
77312,22,3.25,3.4430967966715493
77316,58,3.7413793,3.6426200601789684
77318,10,2.7,3.3900494972864785
77326,17,2.764706,3.334372680578659
77328,163,3.429448,3.452596128266742
77330,129,3.492248,3.5022512228129297
77332,6,3.25,3.4982673100062778
77339,8,2.0625,3.325913264833648
77353,24,3.7083333,3.586526587202742
77357,12,3.4583333,3.5145640065593104
77359,110,3.4818182,3.496268570423126
77364,427,3.1662765,3.2041991941583983
77414,209,3.2631578,3.314297138493954
77416,9,2.0,3.29496558237884
77421,273,3.1648352,3.221061866718918
77427,401,2.2630923,2.40333253528485
77433,17,3.7058823,3.5731786364939677
77449,15,2.5,3.290814913236178
77455,2182,3.9003208,3.8919815797105057
77479,11,3.7272727,3.5639831081765596
77481,8,1.6875,3.274189126902613
77493,7,3.142857,3.4807538400616562
77496,32,3.46875,3.504914260492092
77509,6,3.1666667,3.489338747092656
77517,13,3.0384614,3.4270312407660106
77540,274,3.0164235,3.0953796248377103
77550,9,3.0,3.447507955260196
77561,6512,3.5574324,3.5572086015658857
77596,73,3.3219178,3.405715176729652
77629,137,3.5583942,3.5502832828358533
77665,43,2.1976745,2.912935197994273
77667,317,2.6908517,2.804912682774931
77672,33,3.1060605,3.360276699066162
77680,7,1.5,3.2789994624623082
77682,23,3.0652175,3.3822324896511966
77688,17,3.0882354,3.416462250609896
77707,5,3.6,3.5345994342457163
77709,45,3.4,3.4673997226514315
77711,14,3.4285715,3.5062964037060738
77715,13,3.0384614,3.4270312407660106
77719,18,3.25,3.454455431769876
77721,17,2.7941177,3.3418353742627955
77729,12,3.5,3.5226285380701863
77731,53,3.3490567,3.435951219021695
77736,12,3.3333333,3.4903704581722135
77742,5,2.8,3.461872165853327
77770,11,3.3636363,3.4984093142337485
77772,10,2.35,3.3317161401112876
77774,12,3.625,3.5468220864572833
77780,35,2.8285713,3.2400348887724033
77788,33,3.469697,3.504855064024408
77795,209,3.3803828,3.408891774512626
77798,309,2.5809062,2.7128216449928817
77800,781,3.6914213,3.6815920355231038
77808,16,2.90625,3.3773177175810845
77810,28,3.0,3.3384996071839943
77816,5,3.1,3.489144888791171
77818,23,3.1304348,3.402780392398573
77820,48,1.8333334,2.6979895027316347
77829,18,3.5277777,3.527984815485337
77833,112,3.580357,3.5642158131540556
77835,6,2.5833333,3.4268387300627574
77837,274,3.640511,3.6231573864265725
77841,34,2.8823528,3.266701970781599
77843,182,3.3269231,3.370271462818672
77846,571,3.9115586,3.8806810724562495
77854,166,3.9819276,3.8768655392858715
77866,1425,3.2017543,3.2128155199147885
77875,13,3.5384614,3.530205843940614
77881,20,2.85,3.3343281064714705
77883,6,4.0,3.5786244528634206
77891,12,3.9166667,3.603273714742353
77893,16,3.3125,3.4758025660659326
77899,5,3.2,3.49823581088673
77907,22,3.1363637,3.408374607563019
77910,11,2.7727273,3.3918519528185733
77921,6,3.25,3.4982673100062778
77941,6,2.0,3.3643387385777066
77944,18,3.5555556,3.5353377917233635
77947,9,3.1111112,3.4644571158845547
77966,17,3.735294,3.5806413301781044
77968,5,3.2,3.49823581088673
77979,13,3.4615386,3.514332865911817
77981,12,3.7916667,3.579080166355256
77983,18,3.2222223,3.44710251864265
77985,8,2.75,3.420740851040544
77990,8,2.0,3.317292575178475
78000,6,2.75,3.4446958814348494
78003,33,3.7424242,3.6132887903466284
78006,11,2.590909,3.359065055847168
78009,22,3.6136363,3.554207874668969
78011,26,2.3076923,3.1105653800462423
78014,9,3.2222223,3.4814062765089133
78016,10,3.65,3.548382838567098
78019,11,2.7727273,3.3918519528185733
78032,39,2.525641,3.0887973817546714
78034,160,3.465625,3.4804903666178384
78037,6,2.8333333,3.4536244443484714
78039,1199,3.6855712,3.6792656770222085
78041,396,2.9280303,2.995298092675316
78054,8,2.625,3.4034994717301994
78062,5,2.1,3.39823579788208
78064,16,2.84375,3.3621662024295693
78081,31,3.3548386,3.4617650155667907
78084,6,2.5,3.417910167149135
78088,677,3.3655834,3.376757832963988
78095,7,3.5,3.5246134975500274
78099,9,3.3888888,3.5068299810765153
78103,15,3.4666667,3.5138918436490574
78105,1640,3.172256,3.1827827205319377
78111,21,3.047619,3.38595733172457
78116,134,3.3768656,3.4179508867471116
78122,48,3.5729167,3.5500303385209064
78124,5,3.8,3.552781256762418
78128,24,3.3333333,3.4649049655811206
78130,11,2.7727273,3.3918519528185733
78132,7,1.9285715,3.3316310455924585
78140,6,3.6666667,3.542910175664084
78142,18,3.5,3.520631902358111
78157,19,3.1578948,3.426130021827808
78168,15,3.3,3.475430286847628
78170,10,3.45,3.5150494972864785
78174,466,2.309013,2.4271375504575032
78181,8,2.875,3.437982230350889
78186,11,3.2727273,3.482015887244803
78207,41,2.597561,3.1088237972049924
78209,1302,3.2100616,3.221821825179828
78218,488,3.5,3.5026077497404304
78222,7,2.9285715,3.454438063136318
78224,7,3.2142856,3.4895257657034353
78235,19,3.868421,3.62178217155346
78245,38,3.1842105,3.3795792026953264
78247,38,2.8157895,3.220488282767209
78251,35,3.3428571,3.4517996311187744
78264,247,2.7955465,2.918865194224348
78266,648,2.8179011,2.868772069499281
78268,23,3.4782608,3.5123694073664
78270,9,3.6111112,3.5407283023252325
78272,15,3.4,3.4985072429363546
78276,19,2.9473684,3.368158965870954
78278,20,3.325,3.4700424330575124
78290,9,2.6111112,3.3881859294438765
78295,24,3.125,3.3973374237885348
78308,18,2.8611112,3.35151426932391
78313,47,3.3085105,3.4216800497979234
78316,512,3.3955078,3.407300657224825
78332,27,3.7777777,3.6156229415497223
78335,21,3.2380953,3.442295356535576
78337,5,2.1,3.39823579788208
78342,20,3.25,3.448613848005022
78344,30,3.7333333,3.605037122964859
78349,642,3.5568535,3.554773030942575
78358,14,2.9285715,3.3969214037060738
78370,16,2.8125,3.3545904448538115
78376,9,3.5555556,3.532253722013053
78381,13,3.3461537,3.4905233004736522
78405,6,3.0833333,3.480410158634186
78408,15,2.8,3.3600456714630127
78410,10,2.5,3.3567161560058594
78413,7,2.7857144,3.4368942118527595
78416,6,3.5833333,3.533981587205614
78418,6,3.4166667,3.51612446137837
78420,13,3.4230769,3.506396327699934
78422,6,3.0,3.471481595720564
78438,10,3.35,3.498382806777954
78445,28,3.5535715,3.5372175681285367
78459,17,3.0882354,3.416462250609896
78465,5,3.7,3.5436903563412754
78467,258,2.3585272,2.548386307505818
78469,1864,3.247854,3.255173884464531
78483,5,2.4,3.4255085424943403
78490,5,3.2,3.49823581088673
78499,8620,3.922854,3.9205771614523495
78517,121,3.2644627,3.34153776140938
78519,15,4.0,3.636968759390024
78534,11,3.6363637,3.547589681187614
78536,11,2.9545455,3.424638849789979
78557,11,2.8636363,3.408245379807519
78574,1484,3.7099056,3.7039784328256777
78579,23,2.5652175,3.224698243075854
78583,6,2.8333333,3.4536244443484714
78585,19,3.368421,3.48410101213317
78606,22,2.840909,3.3180967701805963
78612,21,2.6666667,3.273281282102558
78614,16,3.625,3.5515601418235083
78618,15,3.4666667,3.5138918436490574
78620,5,3.9,3.5618721788579766
78626,22,3.0454545,3.380596783426073
78629,7,2.857143,3.445666137494539
78633,40,3.6125,3.565588527255588
78635,10,3.05,3.44838281472524
78637,1085,3.1709678,3.1866987234695365
78640,11,3.0454545,3.4410322767789245
78646,6,3.75,3.5518387385777066
78649,5,4.0,3.570963079279119
78653,33,3.6666667,3.5831683371440475
78666,8,3.3125,3.4983270579370958
78679,199,3.1055276,3.190373371882611
78681,13,3.6153846,3.546078871166895
78690,7,3.7142856,3.5509292744753655
78701,11,3.090909,3.4492289902733977
78703,182,3.4587913,3.473719732514743
78721,8,2.9375,3.4466029200060615
78723,8,3.5625,3.5328098165577857
78729,215,3.4697673,3.480765833044952
78737,5,2.8,3.461872165853327
78742,12,3.5,3.5226285380701863
78746,89,3.3820224,3.4345536780871933
78748,8,2.875,3.437982230350889
78757,12,3.5416667,3.5306930695810625
78759,70,3.4571428,3.486691395441691
78765,9,3.2222223,3.4814062765089133
78772,1473,2.4293957,2.465464740384979
78774,129,3.120155,3.2340948421861873
78827,25,3.16,3.405372953414917
78829,7,3.2857144,3.4982977206246897
78832,6,2.9166667,3.4625530328069414
78836,516,3.7732558,3.751595362336391
78838,19,2.8947368,3.3536662018817402
78856,24,3.625,3.5594995859506966
78858,6,2.75,3.4446958814348494
78860,6,3.25,3.4982673100062778
78893,724,2.1519337,2.2408306801965994
78895,26,3.7307692,3.5974074664868807
78898,29,3.724138,3.600037620037417
78903,22,3.8181818,3.616707887914446
78905,12,3.4583333,3.5145640065593104
78909,9,3.0,3.447507955260196
78913,18,3.5277777,3.527984815485337
78916,12,2.9166667,3.4097253276455786
78919,11,2.909091,3.4164421362955064
78921,10,3.6,3.5400494734446206
78934,16,3.15625,3.437923778187145
78941,9,1.8888888,3.2780164217544816
78944,11,3.9545455,3.604966718642438
78946,6,3.5833333,3.533981587205614
78955,14,2.7857144,3.365671418607235
78959,7,3.7857144,3.5597012293966195
78961,13,2.7692308,3.371475719270252
78967,52,2.7884614,3.1510094567841174
78976,15,3.5,3.5215841440054088
78978,16,3.5,3.521257111520478
78982,6,2.9166667,3.4625530328069414
78986,12,3.5833333,3.538757554946407
78991,19,2.131579,3.1435212881668755
78993,9,3.7222223,3.557677462949591
79003,5,3.7,3.5436903563412754
79006,108,3.4351852,3.4645757614811763
79029,34,3.4117646,3.480987696420579
79035,9,4.0,3.600050328141552
79038,7,3.2857144,3.4982977206246897
79045,5,2.8,3.461872165853327
79057,1095,3.1424658,3.1593039764587534
79060,14,2.2857144,3.256296418607235
79073,156,3.753205,3.6985580527666704
79081,5,3.1,3.489144888791171
79091,4975,3.7911558,3.78853794021986
79094,5,3.7,3.5436903563412754
79124,5,2.7,3.4527812654321846
79127,5,2.8,3.461872165853327
79132,22093,4.1480107,4.1466108496443335
79134,871,2.7026405,2.747451546137807
79136,8,3.1875,3.481085678626751
79139,986,3.1952333,3.2112963779552564
79163,6,3.0833333,3.480410158634186
79166,20,1.825,3.041471004486084
79185,1256,3.2539809,3.2644739267837033
79187,34,3.2794118,3.4274163132622126
79191,11,3.409091,3.5066060707217357
79197,7,3.0,3.4632099887780976
79203,18,3.1388888,3.425043653039371
79207,15,2.9666667,3.398507228264442
79213,7,3.142857,3.4807538400616562
79222,11,2.909091,3.4164421362955064
79224,835,3.0874252,3.112319816977291
79226,49,3.1530612,3.34245419983912
79228,14,3.2142856,3.4594213739037514
79230,53,3.471698,3.4990579202337173
79238,7,3.2857144,3.4982977206246897
79242,1067,3.5370197,3.536618639980989
79251,227,2.7863436,2.9202272952248474
79254,23,3.5,3.51921875836098
79259,32,2.78125,3.236621577565263
79276,11,3.5,3.5229994977106815
79287,65,3.4153845,3.464373598928037
79293,2354,3.2903569,3.295300770321622
79299,48,3.7604167,3.641867073214784
79303,7,3.5714285,3.533385423191807
79318,166,3.5572288,3.5504766239060297
79321,8,2.8125,3.4293615406957167
79327,5,3.6,3.5345994342457163
79329,7,3.7857144,3.5597012293966195
79333,31,3.7419355,3.609913204923088
79357,1778,3.8568616,3.847868095602457
79388,12,3.2916667,3.482305972806869
79397,5,2.8,3.461872165853327
79402,5,2.9,3.4709630879488858
79428,787,2.905972,2.9431337353149196
79430,19,3.368421,3.48410101213317
79463,119,2.9579833,3.1266448328480916
79467,39,3.5769231,3.549471589956391
79469,15,3.7666667,3.583122601875892
79473,5,3.6,3.5345994342457163
79475,7,3.0714285,3.4719819144198767
79477,26,3.6538463,3.571091739754928
79494,30,2.45,3.123787134885788
79496,8,2.75,3.420740851040544
79498,14,2.857143,3.3812964111566544
79501,7,3.5,3.5246134975500274
79505,19,3.2368422,3.4478691349858823
79507,23,3.652174,3.567163989968496
79515,12,2.8333333,3.3935962646238265
79519,13,3.5769231,3.538142382152497
79521,6,3.1666667,3.489338747092656
79523,19,3.0526316,3.3971444938493813
79525,14,3.607143,3.5453589111566544
79528,30,3.4166667,3.486287146806717
79533,80,3.475,3.4954073979304385
79539,5,2.9,3.4709630879488858
79541,67,3.6119404,3.5760938041230554
79543,5,3.3,3.5073267113078725
79545,9,2.2777777,3.337338447570801
79547,11,2.2272727,3.2934913048978713
79551,8,4.0,3.5931546441439925
79553,649,3.794299,3.775254573944812
79570,9,3.5,3.523779141700874
79572,69,3.1449275,3.305907285513998
79578,26,3.9423077,3.669775918910378
79588,171,3.4444444,3.463361831811758
79590,132,3.3863637,3.425291119041024
79592,1378,3.3544993,3.360576372520596
79596,17,3.3529413,3.48362643327286
79599,65,2.6153846,3.012199712836224
79603,9,3.3333333,3.498355400764336
79607,6,3.4166667,3.51612446137837
79610,5,3.8,3.552781256762418
79617,12,2.5,3.3290801509734123
79627,10,2.65,3.381716171900431
79633,18,3.3333333,3.4765142342623543
79638,8,3.1875,3.481085678626751
79644,6,2.8333333,3.4536244443484714
79647,8,2.5625,3.394878782075027
79651,6,3.5,3.525053024291992
79653,5,3.2,3.49823581088673
79663,29,3.189655,3.4038350159608863
79667,7,3.0,3.4632099887780976
79681,7,2.7857144,3.4368942118527595
79684,127,3.448819,3.471203234236119
79686,5,3.5,3.5255085338245737
79695,2126,2.9941204,3.006389178993071
79702,5031,3.780461,3.7779772932945663
79711,10,2.9,3.423382838567098
79718,8,3.25,3.4897063682819236
79720,516,3.6686046,3.656188956419065
79723,18,3.2777777,3.461808344897102
79725,10,3.7,3.5567161639531455
79731,8,3.1875,3.481085678626751
79739,6,2.5,3.417910167149135
79760,64,3.4765625,3.4991488540381717
79765,10,2.35,3.3317161401112876
79769,30,3.5666666,3.5425370931625366
79771,12,2.75,3.3774672477476058
79773,10,2.8,3.4067161480585733
79775,6,3.3333333,3.5071958729199
79794,11,2.8636363,3.408245379807519
79796,348,3.0747128,3.1316658480083523
79798,107,3.7943926,3.709573095771158
79800,73,3.1369863,3.2959590733535893
79802,12,2.7916667,3.385531779258482
79805,12,3.0833333,3.44198336139802
79807,14,3.3214285,3.4828588888049126
79809,16,3.5,3.521257111520478
79824,120,3.525,3.525899887084961
79828,7,3.2857144,3.4982977206246897
79830,12,3.75,3.5710156348443802
79832,25,3.62,3.558706219991048
79835,7,1.9285715,3.3316310455924585
79842,5,4.5,3.6164176247336646
79846,10,3.25,3.4817161560058594
79848,6,2.6666667,3.435767318521227
79850,13,3.5769231,3.538142382152497
79855,5,3.8,3.552781256762418
79860,172,3.2994187,3.3509143408354336
79863,55,3.0636363,3.2847901525951566
79868,52,2.8173077,3.165715395235548
79870,11,3.5,3.5229994977106815
79872,9,3.0555556,3.4559825355723754
79874,34,3.3676472,3.4631306330362954
79879,374,2.4505348,2.577601396812583
79884,11,2.8181818,3.4000486663130465
79895,72,3.0486112,3.2451063375004003
79897,231,3.448052,3.4622881319174987
79901,6,3.5833333,3.533981587205614
79910,44,3.1704545,3.3606698665213077
79912,16,3.1875,3.4454995357629024
79914,11,2.909091,3.4164421362955064
79916,17,3.4705882,3.5134771475151405
79918,6,3.4166667,3.51612446137837
79920,5,3.6,3.5345994342457163
79923,8,3.0,3.4552236096612337
79927,41,3.182927,3.3725601316808342
79929,39,3.2051282,3.386550212174319
79936,9,3.2222223,3.4814062765089133
79946,189,3.2989419,3.3468743896883404
79953,6,2.5833333,3.4268387300627574
79955,14,3.25,3.467233896255493
79972,15,2.9333334,3.3908149279080906
79974,8,2.1875,3.3431546441439925
79977,5,2.7,3.4527812654321846
79980,5,3.4,3.516417633403431
79987,68,3.360294,3.4313810881921802
79994,26,2.6923077,3.2421443399630094
79996,16,2.0625,3.17277226303563
80026,109,2.3944955,2.7509621224313414
80033,6,2.0,3.3643387385777066
80044,8,3.0625,3.4638442993164062
80049,5,3.5,3.5255085338245737
80054,7,3.5,3.5246134975500274
80072,9,3.5,3.523779141700874
80076,9,3.0555556,3.4559825355723754
80083,45,3.088889,3.3200312539150842
80086,9,2.6666667,3.396660509756056
80094,200,2.945,3.0616118240356447
80097,18,3.5277777,3.527984815485337
80100,10,2.75,3.398382822672526
80107,10,3.3,3.4900494813919067
80109,6,3.0833333,3.480410158634186
80111,21,3.6190476,3.5549714061575877
80122,8,2.875,3.437982230350889
80124,9,3.1666667,3.472931696196734
80126,710,3.2112677,3.2321092674606726
80129,6,3.25,3.4982673100062778
80132,6,3.5,3.525053024291992
80137,9,3.5555556,3.532253722013053
80141,14,2.857143,3.3812964111566544
80144,7,3.4285715,3.5158415719082483
80146,9,3.6111112,3.5407283023252325
80162,50,3.09,3.3090296506881716
80166,517,3.139265,3.1735502744267645
80181,42,3.1666667,3.363075790197953
80183,5,3.1,3.489144888791171
80185,269,3.747212,3.7128620043069964
80189,5,2.3,3.4164176203987817
80191,39,2.2307692,2.9595838932508833
80204,13,3.1923077,3.4587772952185736
80206,5,3.0,3.4800539883700283
80210,8,3.875,3.575913264833648
80214,6,3.5,3.525053024291992
80219,1669,3.3316357,3.337349025782906
80222,185,3.1567566,3.2357572241032377
80224,5,3.4,3.516417633403431
80235,7,3.5,3.5246134975500274
80241,265,3.181132,3.236199905001928
80258,13,3.1153846,3.4429042679922923
80264,7,3.2142856,3.4895257657034353
80281,44,3.5681818,3.5468400691417936
80283,8,2.75,3.420740851040544
80288,6,3.6666667,3.542910175664084
80295,9,2.7222223,3.405135090068235
80315,16,3.59375,3.543984384247751
80321,5,2.6,3.4436903433366255
80328,13,3.6538463,3.5540154093787786
80337,15,4.1666665,3.675430261171781
80339,12,3.2083333,3.466176909785117
80344,5,3.5,3.5255085338245737
80346,5,3.0,3.4800539883700283
80348,6,3.5,3.525053024291992
80350,221,1.8846154,2.187833865190344
80354,15,3.1333334,3.4369687850658712
80358,5,3.6,3.5345994342457163
80361,37,2.9864864,3.2977352580804933
80363,909,3.1545656,3.1740386600414827
80374,25,3.92,3.658706283569336
80398,167,3.266467,3.326741816261397
80400,10,3.7,3.5567161639531455
80405,9,2.9444444,3.439033374948017
80419,6,2.5833333,3.4268387300627574
80421,11,3.5454545,3.5311962112051543
80424,11,3.3636363,3.4984093142337485
80428,6,2.9166667,3.4625530328069414
80430,9,3.0,3.447507955260196
80432,16,3.65625,3.559135899399266
80447,11,3.1818182,3.465622460255857
80449,6,3.0,3.471481595720564
80451,9,3.0,3.447507955260196
80454,35,3.0714285,3.3400349196265724
80456,11,2.8636363,3.408245379807519
80463,7822,3.7914855,3.78981236356303
80476,14,2.5714285,3.3187963888049126
80487,17,3.2058823,3.4463129648521766
80489,2862,3.75,3.7461892065111098
80491,5,3.4,3.516417633403431
80494,14,3.75,3.576608896255493
80498,5,3.0,3.4800539883700283
80500,11,3.5,3.5229994977106815
80549,2762,3.6498914,3.6477250893458533
80551,571,2.8537652,2.9080562426464187
80553,124,3.4112904,3.444844711786029
80560,7,3.7857144,3.5597012293966195
80572,104,2.6826923,2.9571621263182006
80582,5,3.4,3.516417633403431
80584,42,3.4404762,3.488075748733852
80586,284,3.8169014,3.773661616319668
80588,34,3.75,3.6178924923851374
80590,579,3.0725389,3.1087487520966888
80599,7,4.071429,3.594788961243211
80615,521,3.231286,3.257273206360077
80617,88,2.034091,2.575383891230044
80646,24,3.1875,3.417607694058805
80648,39,3.7435896,3.622505228171188
80653,8,2.5625,3.394878782075027
80655,6,3.3333333,3.5071958729199
80677,14,3.5,3.521921396255493
80680,5,2.6,3.4436903433366255
80693,866,3.6408775,3.6347192921492733
80701,5,2.6,3.4436903433366255
80713,7,3.357143,3.5070696462664688
80717,13,3.4230769,3.506396327699934
80727,93,3.3817205,3.4328879709843987
80729,46,3.4456522,3.4885726322730384
80731,5,2.8,3.461872165853327
80733,14,2.75,3.357858896255493
80748,93,3.5537634,3.544775976167692
80759,11,2.5454545,3.3508683423526953
80761,8,3.25,3.4897063682819236
80763,22,3.0,3.3667079077826605
80775,120,2.9833333,3.143546889810001
80777,12,3.2916667,3.482305972806869
80779,18,3.1666667,3.4323966292773975
80789,8,3.1875,3.481085678626751
80797,10,3.35,3.498382806777954
80806,10,3.25,3.4817161560058594
80808,16,3.21875,3.45307529333866
80810,9,3.2777777,3.4898808204521568
80812,13,3.3461537,3.4905233004736522
80816,13,3.0,3.419094751751612
80820,36,3.2361112,3.405848503112793
80831,681,3.5976505,3.5928905320069697
80834,36,3.5416667,3.5337554909462154
80836,19,2.9473684,3.368158965870954
80839,372,3.719086,3.696452454933058
80844,53,3.1792452,3.3485724925994873
80846,591,2.9390862,2.9850279451718382
80858,177,2.90113,3.039220142994683
80860,523,3.5105162,3.5120469887219175
80862,390,3.475641,3.4815976457162336
80864,286,3.0944057,3.158937457061949
80870,11,2.090909,3.2689011214209382
80880,161,2.658385,2.864469007293195
80891,19,3.0263157,3.389898079029028
80893,6,2.3333333,3.400053015777043
80899,5,2.5,3.434599442915483
80903,9,2.5555556,3.3797113491316972
80906,1688,3.9804502,3.9674354592730454
80908,12,2.5833333,3.345209167849633
80917,566,3.319788,3.3366931258858026
80924,13,2.5,3.315920148577009
80928,108,3.4907408,3.5025504631332205
80939,163,3.4509203,3.469028100161485
80947,9,3.0555556,3.4559825355723754
80954,5,3.5,3.5255085338245737
80967,8,3.5,3.524189126902613
80969,1009,3.6521308,3.646272888714914
80980,10,3.25,3.4817161560058594
80990,11,3.090909,3.4492289902733977
81000,8,3.625,3.541430506212958
81014,13,2.4615386,3.3079836595626104
81018,414,3.6545894,3.640954713369238
81020,32,3.484375,3.511011821467702
81027,10,3.35,3.498382806777954
81029,5,3.5,3.5255085338245737
81031,11,3.3181818,3.4902126007392758
81041,5,2.6,3.4436903433366255
81046,10,3.4,3.506716171900431
81051,10,2.7,3.3900494972864785
81054,15,3.1,3.4292764296898475
81059,16,3.5625,3.536408626671993
81061,9,3.2222223,3.4814062765089133
81075,12,3.0416667,3.4339188760326755
81080,15,2.1333334,3.2061995542966404
81083,90,3.0833333,3.2421640157699585
81087,12,3.375,3.4984349896830897
81090,33,3.3636363,3.462686334747866
81094,8,3.125,3.472464988971579
81102,5,3.5,3.5255085338245737
81104,6,2.6666667,3.435767318521227
81111,18,3.4444444,3.505926012992859
81130,8,2.3125,3.3603960234543373
81132,223,2.9035873,3.0179595108870623
81138,16,3.28125,3.4682268084901753
81140,78,2.9807692,3.194554403424263
81142,10,2.85,3.4150494734446206
81145,17,3.235294,3.4537756585363133
81147,7,2.857143,3.445666137494539
81156,480,3.2416666,3.268684747084132
81158,347,3.704611,3.682375335573249
81162,7,1.9285715,3.3316310455924585
81164,76,2.7828948,3.078595063043019
81180,113,2.5132744,2.8245581600563656
81182,17,3.9411764,3.632880125472795
81191,261,3.6609194,3.639559292716612
81195,22,3.2272727,3.4361523588498435
81200,6,3.0833333,3.480410158634186
81204,6,2.5,3.417910167149135
81225,8,2.125,3.33453395448882
81229,2685,3.597393,3.5961255103186236
81248,7,3.142857,3.4807538400616562
81250,6,2.6666667,3.435767318521227
81257,230,3.778261,3.7335820964404514
81270,61,2.2049181,2.800927714184598
81276,26,3.6730769,3.5776706306557906
81281,5,2.4,3.4255085424943403
81305,27,3.2962964,3.446791831549112
81312,19,2.5789473,3.2667096835979517
81316,13,2.3846154,3.2921106323363287
81351,13,3.6153846,3.546078871166895
81355,12,3.375,3.4984349896830897
81359,11,3.5,3.5229994977106815
81364,42,2.4880953,3.053293165953263
81366,15,3.4,3.4985072429363546
81371,12,3.9166667,3.603273714742353
81381,9,3.7777777,3.5661520068928345
81383,141,3.3617022,3.4052512046554324
81385,115,3.3782609,3.4236543467550566
81391,6,3.4166667,3.51612446137837
81396,10,3.25,3.4817161560058594
81403,30,3.2666667,3.43003711104393
81411,13,3.1153846,3.4429042679922923
81413,15,3.4,3.4985072429363546
81417,516,2.8275194,2.8894045732046605
81427,9,1.7777778,3.2610672793145907
81441,6,2.5833333,3.4268387300627574
81443,9,3.3888888,3.5068299810765153
81445,11,3.6818182,3.555786394682087
81447,10,3.2,3.473382830619812
81451,10,2.3,3.32338281472524
81456,127,3.6181102,3.5926721028688937
81495,25,3.2,3.418706274032593
81497,9,3.1111112,3.4644571158845547
81499,22,2.9545455,3.3528190321392484
81512,412,3.0970874,3.143729375038312
81516,196,3.0688775,3.1622071188639818
81518,12,2.5,3.3290801509734123
81520,34,3.485294,3.5107496295656477
81524,5,3.8,3.552781256762418
81535,388,2.628866,2.731513609080554
81537,1245,3.175502,3.1891143137883957
81546,7,3.2142856,3.4895257657034353
81562,3588,3.6714046,3.669434490015115
81564,2684,3.628912,3.627067557546285
81568,49,3.4387755,3.4838683918268996
81591,7876,3.8108177,3.809033979348032
81617,5,2.5,3.434599442915483
81629,5,3.8,3.552781256762418
81637,15,2.6666667,3.329276470037607
81639,74,3.2635136,3.3701852675407165
81641,326,3.4555216,3.4651675680850413
81656,10,3.0,3.440049489339193
81658,6,3.1666667,3.489338747092656
81660,15,2.7,3.3369687703939586
81665,42,3.6309524,3.57503226528997
81667,12,3.1666667,3.458112424419772
81669,18,3.2222223,3.44710251864265
81671,14,3.1785715,3.4516089037060738
81673,13,3.4615386,3.514332865911817
81679,7,2.642857,3.4193503312897264
81681,13,3.3076923,3.4825868114592535
81684,10,3.05,3.44838281472524
81688,6,3.3333333,3.5071958729199
81690,10,2.65,3.381716171900431
81698,21,2.5952382,3.2521545316132023
81702,12,3.5,3.5226285380701863
81704,21,3.3809524,3.4845488575142873
81708,9,2.8333333,3.422084214323658
81711,39,2.974359,3.2854266488150263
81725,42,3.3214285,3.4337279122808706
81727,5,3.2,3.49823581088673
81733,13,3.6538463,3.5540154093787786
81736,21,4.0,3.6676474557795995
81744,8,2.1875,3.3431546441439925
81751,101,3.40099,3.4430659622546065
81753,11,3.409091,3.5066060707217357
81755,5,3.1,3.489144888791171
81768,8,3.0,3.4552236096612337
81782,905,3.360221,3.3690082639923893
81784,428,3.228972,3.26025725408578
81786,131,3.6030533,3.582336772212666
81788,980,3.730102,3.720294165379793
81791,337,3.2537093,3.2891550618548724
81804,178,3.5,3.506153374387507
81817,168,3.767857,3.712857605120458
81819,484,3.605372,3.59813294785746
81823,9,3.0555556,3.4559825355723754
81825,9,3.6111112,3.5407283023252325
81831,7,3.357143,3.5070696462664688
81834,6860,3.8508017,3.848466378390013
81845,8834,3.952513,3.9501241141748236
81847,3932,3.7778485,3.7747120042951305
81853,10,2.9,3.423382838567098
81880,6,2.75,3.4446958814348494
81898,7,3.0714285,3.4719819144198767
81910,83,3.5060241,3.5143080564369833
81932,2891,3.8505707,3.845087657774115
81949,57,2.3508773,2.900962379491218
81957,12,3.125,3.4500478929088962
81979,6,3.3333333,3.5071958729199
81981,28,3.732143,3.601320144457695
81989,12,3.3333333,3.4903704581722135
81993,11,2.6363637,3.367261812335155
82003,7,3.4285715,3.5158415719082483
82005,34,2.735294,3.207178200994219
82007,6,3.4166667,3.51612446137837
82015,19,3.4473684,3.5058401252912437
82022,31,2.903226,3.288925582979932
82030,5,3.5,3.5255085338245737
82032,11,2.5454545,3.3508683423526953
82037,140,3.5821428,3.5679103449771277
82041,113,3.4778762,3.493269806259249
82043,8,3.1875,3.481085678626751
82047,6,3.5,3.525053024291992
82049,6,3.4166667,3.51612446137837
82051,8,3.5625,3.5328098165577857
82053,133,3.1541352,3.2563002982426212
82059,39,3.5128205,3.521381664811895
82063,15,3.0666666,3.421584129333496
82066,23,3.173913,3.416479019269551
82068,10,3.1,3.4567161401112876
82070,11,3.1363637,3.4574257467613845
82093,149,3.1879194,3.2733816920812404
82095,399,2.2794485,2.418492036832202
82097,10,3.6,3.5400494734446206
82102,14,3.607143,3.5453589111566544
82108,6,3.25,3.4982673100062778
82121,13,3.8846154,3.6016344418601385
82129,8,3.125,3.472464988971579
82131,10,3.3,3.4900494813919067
82139,6,2.5,3.417910167149135
82143,262,3.898855,3.839432601745312
82150,68,3.5955882,3.566974300449177
82152,250,2.9,3.004676644007365
82167,841,3.3638525,3.373067253232671
82169,927,3.3101401,3.321292602418023
82173,142,3.330986,3.382307211558024
82175,6,3.25,3.4982673100062778
82182,5,3.6,3.5345994342457163
82186,9,2.7777777,3.4136096340114785
82194,6,3.8333333,3.5607673014913286
82196,8,3.8125,3.567292575178475
82202,1030,3.0330098,3.0559287314061767
82240,28,3.2857144,3.4410637464278784
82242,389,3.488432,3.4929453082942747
82244,143,3.0524476,3.1756630573865663
82261,11,3.5454545,3.5311962112051543
82269,9,3.2777777,3.4898808204521568
82271,6,3.5833333,3.533981587205614
82274,10,3.4,3.506716171900431
82276,13,3.4615386,3.514332865911817
82280,10,3.95,3.598382830619812
82298,6,3.3333333,3.5071958729199
82300,9,3.3333333,3.498355400764336
82302,18,3.5,3.520631902358111
82304,8,3.9375,3.58453395448882
82306,6,3.4166667,3.51612446137837
82308,8,3.8125,3.567292575178475
82311,5,3.8,3.552781256762418
82313,13,3.2307692,3.4667137842329723
82315,11,3.090909,3.4492289902733977
82320,6,3.75,3.5518387385777066
82322,22,3.5,3.519485685560438
82324,10,2.7,3.3900494972864785
82330,7,3.0714285,3.4719819144198767
82332,14,3.5714285,3.5375463888049126
82335,9,3.6666667,3.549202882637412
82337,12,3.625,3.5468220864572833
82356,7,3.4285715,3.5158415719082483
82360,24,3.1458333,3.40409415477031
82362,5,3.1,3.489144888791171
82364,6,3.5,3.525053024291992
82366,29,3.0,3.334214802029767
82378,212,3.0448112,3.1370341759601623
82380,14,2.9642856,3.4047338739037514
82382,11,3.5,3.5229994977106815
82420,6,3.9166667,3.5696958899497986
82438,10,2.9,3.423382838567098
82447,104,3.1490386,3.27209726556555
82452,13,3.1153846,3.4429042679922923
82454,6,3.1666667,3.489338747092656
82459,4657,3.8106077,3.807606309038174
82461,2774,3.3237202,3.327338119910729
82463,272,3.6617646,3.641002939354559
82465,8,2.3125,3.3603960234543373
82499,233,2.753219,2.890116503718885
82527,236,3.6122882,3.5975629132944387
82529,5,2.2,3.407326719977639
82531,5,3.5,3.5255085338245737
82534,226,3.3827434,3.4090687261111494
82536,8,3.0625,3.4638442993164062
82564,35,3.3142858,3.4400349504807415
82581,15,1.8333334,3.1369687685599694
82589,80,3.575,3.5569459475003757
82591,5,3.0,3.4800539883700283
82602,8,3.125,3.472464988971579
82608,14,3.142857,3.443796381354332
82631,6,3.5,3.525053024291992
82633,46,3.652174,3.5875309705734253
82635,7,3.142857,3.4807538400616562
82638,7,2.7142856,3.4281222569315055
82641,11,2.8636363,3.408245379807519
82643,5,2.9,3.4709630879488858
82667,449,3.7494433,3.7272605365646148
82669,10,3.0,3.440049489339193
82671,8,2.9375,3.4466029200060615
82673,13,3.3076923,3.4825868114592535
82676,7,3.142857,3.4807538400616562
82678,7,3.5714285,3.533385423191807
82680,5,3.8,3.552781256762418
82682,9,3.2222223,3.4814062765089133
82684,32,2.890625,3.2793045043945312
82711,6,3.6666667,3.542910175664084
82722,24,3.2708333,3.4446346953108504
82744,271,3.1494465,3.2084204593551493
82747,8,3.5,3.524189126902613
82749,12,3.4166667,3.5064995211939656
82759,10,3.35,3.498382806777954
82765,57,3.6140351,3.573859549014368
82767,303,3.490099,3.4954757852527303
82770,14,3.0357144,3.420358918607235
82834,8,3.0625,3.4638442993164062
82836,8,3.9375,3.58453395448882
82848,31,3.935484,3.683987299601237
82850,21,3.3809524,3.4845488575142873
82852,600,2.6725,2.738312163719764
82854,317,2.3880126,2.5433323669173737
82857,18,3.1666667,3.4323966292773975
82906,14,3.357143,3.4906714111566544
82911,5,3.1,3.489144888791171
82915,6,2.9166667,3.4625530328069414
82920,14,3.0,3.412546396255493
82926,55,3.590909,3.5609806151617143
82928,23,2.3043478,3.1425064067318016
82931,48,3.21875,3.376560911840322
82934,48,3.65625,3.5908466261260363
82976,29,3.8793104,3.656999621210219
82978,20,3.375,3.484328133719308
82980,13,2.6153846,3.339729664817689
83034,10,3.55,3.5317161480585733
83038,9,3.7222223,3.557677462949591
83049,10,2.85,3.4150494734446206
83059,44,3.1704545,3.3606698665213077
83067,24,2.7708333,3.282472533148688
83082,46,3.6413043,3.5823225528001785
83086,316,3.2405064,3.279789604124476
83096,16,3.34375,3.4833783236416904
83115,6,2.8333333,3.4536244443484714
83132,804,3.7910447,3.7756474448032065
83134,1206,3.7665837,3.75708828724114
83138,6,2.75,3.4446958814348494
83158,26,3.2884614,3.4460916707390234
83163,7,2.642857,3.4193503312897264
83177,101,2.2376237,2.664920279521816
83180,30,3.1833334,3.3987871408462524
83184,18,3.5277777,3.527984815485337
83186,10,2.95,3.4317161639531455
83189,8,3.5,3.524189126902613
83193,25,3.9,3.652039623260498
83219,192,3.7213542,3.681417291814631
83222,13,3.0769231,3.4349677789778936
83227,7,3.2142856,3.4895257657034353
83232,8,3.1875,3.481085678626751
83244,7,3.4285715,3.5158415719082483
83246,14,2.9642856,3.4047338739037514
83248,8,3.125,3.472464988971579
83250,10,3.45,3.5150494972864785
83258,7,3.642857,3.542157348833586
83264,45,3.7,3.609504963222303
83266,13,3.3461537,3.4905233004736522
83270,172,3.627907,3.6054188281566173
83291,6,3.75,3.5518387385777066
83293,93,3.827957,3.7230976394840054
83295,5,2.5,3.434599442915483
83302,148,3.3310812,3.3808231305594396
83316,9,3.3333333,3.498355400764336
83318,24,3.6458333,3.566256316932472
83320,15,2.3333333,3.2523533564347487
83322,25,3.66,3.5720396200815836
83332,52,3.7307692,3.6314016229966106
83334,11,2.1363637,3.2770978779089255
83337,7,2.5,3.401806480006168
83339,7,2.642857,3.4193503312897264
83343,9,3.5,3.523779141700874
83349,1087,2.8104875,2.8420430003495833
83359,29,3.637931,3.5683920443812505
83361,17,3.4117646,3.498551760146867
83369,354,3.5635593,3.5591657409573547
83374,125,3.104,3.225159890311105
83376,6,3.1666667,3.489338747092656
83385,13,3.0384614,3.4270312407660106
83411,37,3.5135136,3.521873232962071
83424,52,3.375,3.4500291113759958
83437,7,3.2142856,3.4895257657034353
83448,6,3.1666667,3.489338747092656
83450,15,3.7333333,3.5754303015195408
83457,22,3.3863637,3.4847634964519076
83468,15,3.4666667,3.5138918436490574
83478,49,2.8061225,3.1707371100030763
83480,376,2.6143618,2.7216032681890496
83525,68,3.2573528,3.3720589977199746
83527,8,2.8125,3.4293615406957167
83529,7,3.2142856,3.4895257657034353
83531,12,3.5,3.5226285380701863
83535,21,3.142857,3.414126308870987
83538,12,3.6666667,3.5548866179681595
83540,15,3.3333333,3.4831225872039795
83556,11,3.2272727,3.4738191737503303
83558,6,3.9166667,3.5696958899497986
83560,6,3.8333333,3.5607673014913286
83562,5,3.3,3.5073267113078725
83575,10,2.9,3.423382838567098
83577,10,3.35,3.498382806777954
83581,8,3.25,3.4897063682819236
83583,7,2.9285715,3.454438063136318
83585,9,1.7222222,3.2525926990024114
83588,16,3.5,3.521257111520478
83590,9,2.5,3.371236768819518
83592,5,2.8,3.461872165853327
83601,32,3.0625,3.3463776751262384
83613,1375,2.9287274,2.9497565813231885
83616,9,2.4444444,3.3627621885073387
83619,5,3.0,3.4800539883700283
83652,10,3.5,3.523382822672526
83660,6,0.9166667,3.2482673121350154
83760,28,2.7857144,3.261576566940699
83763,12,3.0,3.4258543445217993
83765,12,3.375,3.4984349896830897
83777,9,2.7222223,3.405135090068235
83796,34,3.6911764,3.5940829458690824
83798,98,3.5204082,3.522993029774846
83801,11,3.5,3.5229994977106815
83803,305,3.8311474,3.7884589752680817
83807,18,3.5555556,3.5353377917233635
83809,8,3.5,3.524189126902613
83827,77,3.6883116,3.6252201636006514
83833,13,3.6538463,3.5540154093787786
83835,11,3.1818182,3.465622460255857
83837,13,3.7692308,3.5778249256194585
83842,9,2.4444444,3.3627621885073387
83897,7,3.357143,3.5070696462664688
83910,194,2.693299,2.8643565002034923
83912,13,3.0384614,3.4270312407660106
83916,8,2.5625,3.394878782075027
83920,5,2.7,3.4527812654321846
83923,19,2.7105262,3.3029415607452393
83956,6,2.4166667,3.408981604235513
83962,14,3.5714285,3.5375463888049126
83976,294,3.547619,3.544776122237361
84015,10,3.5,3.523382822672526
84019,12,3.375,3.4984349896830897
84047,13,3.3461537,3.4905233004736522
84090,12,3.25,3.4742414412959928
84092,5,3.3,3.5073267113078725
84094,8,2.9375,3.4466029200060615
84096,17,3.235294,3.4537756585363133
84098,7,3.2857144,3.4982977206246897
84100,5,3.7,3.5436903563412754
84103,8,3.0,3.4552236096612337
84111,9,3.2777777,3.4898808204521568
84114,10,3.35,3.498382806777954
84116,96,3.8802083,3.7596093269243633
84120,17,3.235294,3.4537756585363133
84122,13,3.6538463,3.5540154093787786
84125,8,3.1875,3.481085678626751
84128,26,3.4807692,3.511881150697407
84131,5,3.8,3.552781256762418
84133,8,2.9375,3.4466029200060615
84137,38,3.3026316,3.430715577168898
84148,5,2.9,3.4709630879488858
84150,9,3.4444444,3.5153045613886946
84152,4650,3.8273118,3.8241282184073264
84156,90,3.838889,3.72787834916796
84160,18,3.1111112,3.4176907399121452
84173,18,3.3888888,3.4912201236276066
84176,7,3.142857,3.4807538400616562
84183,5,2.5,3.434599442915483
84187,319,3.7962382,3.759899593627227
84189,163,3.01227,3.133347300856326
84223,15,3.4,3.4985072429363546
84228,9,2.9444444,3.439033374948017
84230,16,3.46875,3.5136813539447207
84232,17,3.4705882,3.5134771475151405
84234,22,3.3863637,3.4847634964519076
84236,25,3.68,3.5787062803904215
84238,14,3.4285715,3.5062964037060738
84242,92,3.548913,3.541570179898974
84246,12,3.0833333,3.44198336139802
84248,10,3.95,3.598382830619812
84250,6,2.0833333,3.3732673014913286
84252,6,3.75,3.5518387385777066
84260,11,1.7727273,3.2115240839661143
84262,9,2.0555556,3.3034401626910195
84273,205,3.5560975,3.550599836835674
84279,5,2.5,3.434599442915483
84304,47,2.9574468,3.251577006172888
84312,182,1.6648352,2.066392148363179
84374,1168,3.203339,3.2166691609399853
84387,16,2.875,3.3697419600053267
84392,1462,3.7175102,3.7112453147847817
84395,339,2.9513273,3.0254574091698028
84407,33,3.7878788,3.631361062268177
84444,21,3.4761906,3.512717905178876
84446,11,2.6363637,3.367261812335155
84448,6,3.75,3.5518387385777066
84450,7,3.4285715,3.5158415719082483
84455,15,3.0,3.4061995286207933
84469,10,3.55,3.5317161480585733
84471,10,3.25,3.4817161560058594
84477,5,3.4,3.516417633403431
84479,5,3.2,3.49823581088673
84481,8,3.4375,3.515568437247441
84483,5,3.2,3.49823581088673
84485,11,3.3636363,3.4984093142337485
84496,9,2.7777777,3.4136096340114785
84498,8,2.9375,3.4466029200060615
84504,8,3.5625,3.5328098165577857
84506,14,3.4642856,3.5141088739037514
84508,5,3.7,3.5436903563412754
84510,10,2.45,3.348382830619812
84512,5,3.2,3.49823581088673
84523,15,3.2666667,3.4677379864912767
84532,26,3.5192308,3.5250390956276343
84553,5,2.1,3.39823579788208
84557,45,2.7,3.135820752695987
84570,96,3.0260417,3.197965595820179
84601,1264,3.4984176,3.499545537173476
84613,165,2.9878788,3.1135021919427914
84615,320,3.2375,3.2767647408150338
84621,25,2.4,3.152039623260498
84637,304,2.8042762,2.906505487732968
84639,6,3.0833333,3.480410158634186
84643,6,2.5833333,3.4268387300627574
84648,5,3.7,3.5436903563412754
84663,60,3.7583334,3.6536634185097436
84686,5,2.7,3.4527812654321846
84696,127,3.1338582,3.245214470362259
84730,16,3.40625,3.4985298387932056
84732,83,2.5,2.8864884914312148
84738,10,1.85,3.248382826646169
84740,7,2.2857144,3.3754907030808297
84766,7,2.5,3.401806480006168
84770,38,3.5526316,3.5386701226234436
84772,1612,3.4100497,3.4135999088539832
84775,100,3.705,3.6460197448730467
84777,8,3.4375,3.515568437247441
84779,18,2.8611112,3.35151426932391
84781,8,3.25,3.4897063682819236
84792,10,2.95,3.4317161639531455
84794,7,2.4285715,3.3930345543643883
84796,13,3.4615386,3.514332865911817
84799,19,3.0,3.3826517298601675
84801,17,3.8529413,3.610492104914651
84805,9,3.7222223,3.557677462949591
84807,18,3.3611112,3.4838672105003807
84829,5,3.4,3.516417633403431
84832,5,2.5,3.434599442915483
84834,22,2.8863637,3.33198571867413
84844,116,3.900862,3.788572041385145
84852,5,3.3,3.5073267113078725
84855,49,3.5612245,3.5444744235337384
84857,19,3.6842105,3.5710575304169585
84859,5,2.7,3.4527812654321846
84863,14,2.75,3.357858896255493
84871,5,2.3,3.4164176203987817
84876,5,2.9,3.4709630879488858
84880,37,3.0945945,3.343712242170312
84884,12,3.5416667,3.5306930695810625
84942,308,2.6607144,2.781851957630179
84944,1871,3.4062,3.409371703444267
84950,168,3.142857,3.2312062289736687
84952,171,3.9093568,3.82309044216553
84954,2662,3.571375,3.5705763034764293
84957,35,3.2,3.392976129756254
84963,5,3.5,3.5255085338245737
84972,13,3.6923077,3.561951898393177
84985,5,3.1,3.489144888791171
84987,5,3.4,3.516417633403431
84989,12,3.0833333,3.44198336139802
85007,137,3.3722627,3.4139195801740025
85012,15,3.5666666,3.5369687447181115
85014,8,3.4375,3.515568437247441
85016,63,3.2698412,3.3840970317874333
85020,800,3.371875,3.3810623617733224
85022,508,2.7716537,2.8394319438592506
85025,243,3.13786,3.204446975688479
85056,966,3.0232918,3.0481327495237034
85072,39,3.2435896,3.4034041045756824
85106,7,3.357143,3.5070696462664688
85129,20,3.4,3.4914710181100026
85131,961,2.781998,2.818895123243096
85133,10,3.05,3.44838281472524
85177,24,2.9166667,3.3297698819959485
85179,375,3.8066666,3.7738892919876994
85190,16,3.59375,3.543984384247751
85205,6,3.5833333,3.533981587205614
85209,6,2.75,3.4446958814348494
85211,72,3.4236112,3.4664178129102363
85213,193,3.6450777,3.620999862137155
85215,8,2.375,3.36901671310951
85231,6,3.4166667,3.51612446137837
85259,99,3.691919,3.636932611465454
85261,110,2.6772728,2.943143606185913
85268,49,2.2551022,2.898009849317146
85270,8,3.8125,3.567292575178475
85273,11,3.409091,3.5066060707217357
85278,12,3.2916667,3.482305972806869
85291,6,3.0,3.471481595720564
85295,39,2.0128205,2.8640782940253784
85298,14,2.9285715,3.3969214037060738
85305,26,3.0,3.347407491583573
85307,14,3.0357144,3.420358918607235
85312,61,3.7213116,3.6342610367783554
85316,107,3.7803738,3.700018899455951
85319,7,3.857143,3.5684731550383986
85325,8,3.375,3.5069477475922683
85327,5,2.5,3.434599442915483
85332,6,2.5833333,3.4268387300627574
85334,19,2.4736843,3.237724221271017
85342,1109,3.9927864,3.9727377870969467
85354,231,3.7229438,3.6882668440876483
85358,11,2.5454545,3.3508683423526953
85362,10,3.5,3.523382822672526
85365,5,3.2,3.49823581088673
85367,720,3.2222223,3.2420818774731126
85372,82,3.097561,3.260628497961796
85387,6,3.5833333,3.533981587205614
85392,13,3.0384614,3.4270312407660106
85394,245,3.7204082,3.6878067073175465
85397,440,2.678409,2.765108108520508
85399,47,1.9893616,2.7825048105003907
85401,457,3.2833698,3.30750090459865
85412,544,3.4705882,3.475425848655829
85414,5194,3.736523,3.7345352744801548
85438,517,3.711799,3.6955961268625144
85440,5,3.7,3.5436903563412754
85510,1300,2.9373076,2.9591872921696414
85527,14,2.9642856,3.4047338739037514
85538,13,3.6538463,3.5540154093787786
85540,36,3.0833333,3.341894959294519
85542,14,3.2142856,3.4594213739037514
85544,7,3.642857,3.542157348833586
85547,12,3.7083333,3.562951103333504
85549,10,3.25,3.4817161560058594
85552,6,2.8333333,3.4536244443484714
85555,6,3.1666667,3.489338747092656
85565,77,3.422078,3.4638028914534202
85567,5,3.9,3.5618721788579766
85570,6,3.8333333,3.5607673014913286
85585,24,3.4375,3.498688775139886
85616,5,2.8,3.461872165853327
85624,6,3.5833333,3.533981587205614
85626,16,3.3125,3.4758025660659326
85728,7,2.857143,3.445666137494539
85734,11,3.0454545,3.4410322767789245
85740,5,3.3,3.5073267113078725
85763,33,3.8939395,3.673529791544719
85770,5,3.5,3.5255085338245737
85774,1145,3.9572053,3.939249399815643
85777,74,3.3851352,3.442765905011085
85783,5,3.6,3.5345994342457163
85788,825,3.3763638,3.3850320761544364
85790,108,3.199074,3.303183320202405
85792,5,3.0,3.4800539883700283
85796,284,2.8873239,2.9832423489964652
85874,31,3.096774,3.3629995864114646
85881,639,3.6791863,3.6682192210016127
85883,7,3.357143,3.5070696462664688
85885,73,2.958904,3.190267995121033
85896,6,3.0833333,3.480410158634186
85910,14,3.642857,3.553171381354332
85981,6,3.3333333,3.5071958729199
85985,6,2.5,3.417910167149135
85987,8,3.375,3.5069477475922683
85994,5,2.2,3.407326719977639
85997,7,1.7142857,3.3053152540273834
86000,111,3.8288288,3.735422158093186
86014,71,3.190141,3.329776675247949
86028,52,3.0192308,3.2686565997553805
86033,8,2.5,3.3862580924198546
86057,10,3.7,3.5567161639531455
86059,129,2.5930233,2.854206564706131
86064,6,2.75,3.4446958814348494
86066,19,3.8421052,3.6145357567331065
86070,10,3.1,3.4567161401112876
86079,5,3.5,3.5255085338245737
86081,5,3.5,3.5255085338245737
86083,14,3.5,3.521921396255493
86087,10,4.4,3.673382838567098
86089,10,4.0,3.6067161560058594
86091,12,2.875,3.4016607961347027
86094,15,3.1,3.4292764296898475
86096,26,3.4423077,3.4987232873314307
86137,20,3.0,3.377185276576451
86139,7,3.2857144,3.4982977206246897
86142,521,3.6928983,3.678464045249017
86145,12,3.0833333,3.44198336139802
86148,5,3.2,3.49823581088673
86151,10,3.5,3.523382822672526
86153,11,3.0,3.432835563284452
86166,14,3.142857,3.443796381354332
86168,16,3.28125,3.4682268084901753
86170,7,2.4285715,3.3930345543643883
86173,6,4.25,3.605410167149135
86181,9,3.6666667,3.549202882637412
86190,1515,3.5171616,3.517509779610192
86204,8,3.25,3.4897063682819236
86206,31,3.6935484,3.591394704065205
86231,8,3.1875,3.481085678626751
86233,36,3.0972223,3.3477089904075443
86237,41,3.5243902,3.5264062462272223
86244,49,3.1836734,3.35760570776583
86246,11,3.2272727,3.4738191737503303
86277,18,3.6944444,3.5721024835810944
86279,36,3.6666667,3.586081072341564
86286,20,3.125,3.4128995622907365
86288,5,4.3,3.5982358238913794
86290,224,3.6986606,3.6675290017232407
86293,286,2.9335663,3.0220325603371574
86295,414,2.8514493,2.924359826178386
86298,921,3.3018458,3.313494274962452
86300,21,3.2380953,3.442295356535576
86316,5,3.1,3.489144888791171
86318,5,3.7,3.5436903563412754
86320,1261,3.5796986,3.5777291051310316
86330,14,3.9285715,3.6156714037060738
86332,4660,3.418884,3.420043012898439
86345,1329,3.9988713,3.981800552725014
86347,1047,3.969914,3.9497747356063577
86355,108,2.726852,2.9803986006145236
86377,1345,3.9806693,3.964446683938358
86380,6,3.0833333,3.480410158634186
86382,8,3.5625,3.5328098165577857
86401,5,4.1,3.5800539797002617
86408,20,3.075,3.398613861628941
86410,60,2.4916666,2.9627542062239214
86412,35,3.4857142,3.5106231324812947
86416,6,3.8333333,3.5607673014913286
86418,8,3.4375,3.515568437247441
86420,5,2.4,3.4255085424943403
86430,10,3.25,3.4817161560058594
86432,18,3.3611112,3.4838672105003807
86436,7,3.2142856,3.4895257657034353
86442,5,3.2,3.49823581088673
86449,10,2.2,3.3067161639531455
86453,5,3.2,3.49823581088673
86476,5,3.6,3.5345994342457163
86478,21,2.2857144,3.1606052324805463
86487,141,3.677305,3.638235455408146
86489,6,3.1666667,3.489338747092656
86491,11,3.5454545,3.5311962112051543
86495,6,2.6666667,3.435767318521227
86502,11,3.0454545,3.4410322767789245
86518,9,2.7777777,3.4136096340114785
86521,5,3.0,3.4800539883700283
86536,24,3.7291667,3.593283395509462
86539,10,3.0,3.440049489339193
86541,19,3.5,3.5203328892804575
86548,526,3.4619772,3.467713540626897
86553,5,3.0,3.4800539883700283
86559,10,3.15,3.4650495052337646
86572,16,2.53125,3.286408626671993
86574,41,3.682927,3.5978348569555596
86583,7,4.0,3.586017006321957
86590,8,3.4375,3.515568437247441
86593,30,3.4333334,3.4925371408462524
86604,19,3.2631578,3.4551154841547427
86624,22,2.9545455,3.3528190321392484
86626,16,2.6875,3.3242874145507812
86628,225,3.48,3.488738086006858
86642,45,3.1555555,3.351610171167474
86644,1085,3.4548388,3.4580643313571744
86646,12,3.4166667,3.5064995211939656
86648,8,2.8125,3.4293615406957167
86655,10,3.15,3.4650495052337646
86668,38,3.8157895,3.652306464585391
86671,6,3.0,3.471481595720564
86675,6,3.25,3.4982673100062778
86715,20,3.525,3.5271853038242886
86717,7,3.7857144,3.5597012293966195
86721,19,3.4473684,3.5058401252912437
86723,39,3.7179487,3.6112692999036127
86725,17,3.1470587,3.4313875774839033
86728,9,3.7777777,3.5661520068928345
86748,10,3.2,3.473382830619812
86750,26,3.3076923,3.452670643204137
86753,7,3.7142856,3.5509292744753655
86758,8,1.875,3.3000511958681304
86762,32,3.328125,3.4500362117116046
86764,7,3.4285715,3.5158415719082483
86766,5,3.8,3.552781256762418
86768,7,3.7142856,3.5509292744753655
86770,6,3.25,3.4982673100062778
86781,773,3.9793015,3.9518869893663853
86787,8,3.25,3.4897063682819236
86795,8,2.75,3.420740851040544
86802,5,2.9,3.4709630879488858
86815,152,3.4407895,3.462390927985163
86817,262,3.085878,3.1567403139212193
86833,2143,3.4906673,3.4915198749241303
86835,505,2.8663366,2.92595125103856
86837,10,2.75,3.398382822672526
86841,5,2.3,3.4164176203987817
86844,7,3.7142856,3.5509292744753655
86848,7,3.4285715,3.5158415719082483
86852,234,3.2200854,3.2743061579449075
86864,33,3.0757575,3.3482285177851296
86866,14,2.8214285,3.3734838888049126
86880,2487,3.300965,3.305440717482125
86882,3511,3.811592,3.807611019281282
86884,121,3.710744,3.6573273787024427
86892,324,3.7638888,3.7323608347438872
86896,6,2.75,3.4446958814348494
86898,975,3.3107693,3.3213688350305324
86900,10,2.65,3.381716171900431
86902,5,3.4,3.516417633403431
86906,5,3.1,3.489144888791171
86911,2072,3.0055501,3.0178618624342937
86922,46,3.3152175,3.4260726471741996
86941,6,2.5,3.417910167149135
86947,12,2.625,3.3532736993605092
86973,26,3.5384614,3.531617986528497
86982,26,2.9615386,3.334249628217597
86985,14,3.642857,3.553171381354332
87000,10,2.0,3.273382822672526
87004,120,3.8333333,3.743546822491814
87010,6,2.75,3.4446958814348494
87012,5,3.4,3.516417633403431
87016,8,2.75,3.420740851040544
87028,87,2.4367816,2.8350581931371757
87031,7,3.142857,3.4807538400616562
87033,9,3.6111112,3.5407283023252325
87036,6,2.8333333,3.4536244443484714
87038,5,3.0,3.4800539883700283
87040,22,3.3181818,3.4639301101366677
87042,10,3.55,3.5317161480585733
87047,8,3.4375,3.515568437247441
87049,7,3.2857144,3.4982977206246897
87055,6,3.5,3.525053024291992
87057,7,3.5714285,3.533385423191807
87059,5,3.1,3.489144888791171
87069,6,3.0,3.471481595720564
87071,6,3.4166667,3.51612446137837
87076,8,3.0625,3.4638442993164062
87079,151,3.4503312,3.4696665782833573
87081,20,2.8,3.320042405809675
87092,6,3.0833333,3.480410158634186
87094,7,2.642857,3.4193503312897264
87100,16,3.6875,3.5667116569750235
87103,11,2.6363637,3.367261812335155
87105,38,2.3421052,3.015942784872922
87164,23,3.5434783,3.5329173852319586
87166,16,3.28125,3.4682268084901753
87179,5,3.1,3.489144888791171
87181,28,3.357143,3.4667047598423104
87192,732,3.3941257,3.402689234984805
87194,208,3.6778846,3.6488486888796783
87197,35,3.442857,3.4929760624380672
87205,59,2.9661016,3.223880426599345
87207,6,4.0833335,3.5875530413218906
87210,6,2.0,3.3643387385777066
87218,5,3.1,3.489144888791171
87220,6,3.4166667,3.51612446137837
87222,1523,3.5357847,3.5355391608478914
87225,6,3.3333333,3.5071958729199
87227,8,3.0625,3.4638442993164062
87229,6,4.0,3.5786244528634206
87232,6108,3.7883105,3.786197413636245
87234,695,3.7330935,3.719332821417175
87264,27,3.2222223,3.420817821056812
87270,86,3.2906976,3.3779629468917847
87279,10,3.2,3.473382830619812
87287,18,3.5555556,3.5353377917233635
87296,5,3.7,3.5436903563412754
87298,342,3.2777777,3.309701360001856
87302,18,2.7777777,3.3294554037206314
87304,605,3.7330577,3.7174090083318814
87306,2572,3.5,3.5005350760336964
87314,20,2.75,3.3057567051478793
87320,7,3.7142856,3.5509292744753655
87322,6,3.0,3.471481595720564
87327,6,3.75,3.5518387385777066
87332,8,3.375,3.5069477475922683
87356,12,3.625,3.5468220864572833
87360,14,3.5,3.521921396255493
87383,8,3.1875,3.481085678626751
87390,7,3.0714285,3.4719819144198767
87392,8,3.0,3.4552236096612337
87408,12,3.1666667,3.458112424419772
87413,29,3.724138,3.600037620037417
87415,8,3.1875,3.481085678626751
87425,12,2.3333333,3.2968220710754395
87430,1392,2.612069,2.643830004412986
87433,18,3.1944444,3.4397495424046234
87435,14,2.1785715,3.2328589037060738
87444,33,2.4545455,3.101240611938109
87449,5,3.4,3.516417633403431
87469,23,3.0652175,3.3822324896511966
87483,281,2.8523133,2.9543897313293734
87485,1081,2.8765032,2.905307656995603
87499,21,3.0238094,3.378915034549337
87507,5,2.3,3.4164176203987817
87520,1565,2.799361,2.8219213124030147
87522,264,3.0435605,3.1207100084632824
87527,9,2.5555556,3.3797113491316972
87529,468,2.7115386,2.790353305551536
87558,6,3.4166667,3.51612446137837
87560,6,2.75,3.4446958814348494
87568,7,2.2857144,3.3754907030808297
87589,8,2.875,3.437982230350889
87608,11,2.6818182,3.375458525829628
87618,7,4.142857,3.603560857605516
87636,9,3.1666667,3.472931696196734
87642,11,2.0454545,3.2607044079264655
87647,15,3.2333333,3.4600456861349254
87660,121,3.8140495,3.7304266475097476
87689,5,1.5,3.343690352006392
87691,8,2.8125,3.4293615406957167
87693,5,3.4,3.516417633403431
87697,10,3.25,3.4817161560058594
87702,6,3.5,3.525053024291992
87719,6,3.6666667,3.542910175664084
87745,5,3.0,3.4800539883700283
87761,11,2.7727273,3.3918519528185733
87763,6,2.9166667,3.4625530328069414
87785,116,3.0344827,3.183150389108313
87790,20,3.275,3.455756732395717
87792,10,2.85,3.4150494734446206
87794,7,1.8571428,3.322859105310942
87802,13,2.5,3.315920148577009
87804,10,2.35,3.3317161401112876
87834,9,3.2777777,3.4898808204521568
87860,5,3.6,3.5345994342457163
87867,187,2.3983958,2.6367214329635043
87869,2363,3.330512,3.334605443838272
87876,626,2.93131,2.9754482112692657
87878,6,3.75,3.5518387385777066
87880,5,2.2,3.407326719977639
87882,8,2.125,3.33453395448882
87909,22,2.5454545,3.227819005648295
87911,18,3.0277777,3.3956318743088665
87913,6,2.5833333,3.4268387300627574
87917,7,2.5714285,3.410578405647947
87919,7,3.0714285,3.4719819144198767
87923,5,3.1,3.489144888791171
87928,8,3.125,3.472464988971579
87930,52,3.5576923,3.543166356928208
87954,7,2.5714285,3.410578405647947
87964,12,3.125,3.4500478929088962
87971,8,3.375,3.5069477475922683
87988,7,3.2142856,3.4895257657034353
87990,14,2.9285715,3.3969214037060738
87992,14,3.357143,3.4906714111566544
87994,6,3.4166667,3.51612446137837
87999,8,2.5625,3.394878782075027
88003,6,3.0833333,3.480410158634186
88005,5,4.4,3.607326724312522
88015,10,3.35,3.498382806777954
88022,53,3.7169812,3.6252715680205707
88024,7,3.142857,3.4807538400616562
88031,5,2.8,3.461872165853327
88042,7,3.357143,3.5070696462664688
88044,5,3.7,3.5436903563412754
88047,5,2.9,3.4709630879488858
88049,6,2.6666667,3.435767318521227
88051,17,3.264706,3.46123835222045
88061,5,3.1,3.489144888791171
88063,7,3.357143,3.5070696462664688
88065,7,2.5714285,3.410578405647947
88067,12,3.5,3.5226285380701863
88069,37,3.3648648,3.458654803791265
88092,6,3.5,3.525053024291992
88094,13,3.8461537,3.5936979036482555
88099,5,3.0,3.4800539883700283
88106,8,3.4375,3.515568437247441
88108,113,3.057522,3.2018586623888075
88110,8,2.6875,3.4121201613853716
88114,18,2.8611112,3.35151426932391
88118,157,3.4299364,3.453637611462874
88125,6800,3.8894117,3.8867740798170547
88127,112,3.294643,3.366685043146581
88129,4487,3.7974148,3.794446349065157
88131,24,3.625,3.5594995859506966
88133,6,3.0833333,3.480410158634186
88138,11,3.3636363,3.4984093142337485
88140,4178,3.541527,3.541367765519567
88163,2901,3.7512927,3.747510372117914
88168,7,3.0714285,3.4719819144198767
88179,410,3.4121952,3.4247891384622324
88192,17,3.6764705,3.565715942809831
88194,17,2.9117646,3.371686088505076
88203,6,4.3333335,3.614338755607605
88224,6,3.25,3.4982673100062778
88235,615,3.7268293,3.7118841848875346
88237,42,3.142857,3.352206157601398
88248,57,2.7719297,3.1252613513269156
88252,6,2.8333333,3.4536244443484714
88267,178,3.3932583,3.422819967855487
88270,23,2.7173913,3.272643399565187
88272,61,2.918033,3.1928195974848292
88276,8,3.625,3.541430506212958
88278,7,3.2142856,3.4895257657034353
88280,6,2.9166667,3.4625530328069414
88282,7,3.642857,3.542157348833586
88284,7,3.5,3.5246134975500274
88299,21,3.2857144,3.4563798803678702
88305,10,3.4,3.506716171900431
88310,8,3.5,3.524189126902613
88315,6,2.5,3.417910167149135
88317,5,3.7,3.5436903563412754
88339,28,3.625,3.5628585815429688
88341,7,3.5714285,3.533385423191807
88343,8,3.1875,3.481085678626751
88352,6,3.5833333,3.533981587205614
88356,266,2.381579,2.5629840591285804
88374,5,2.7,3.4527812654321846
88376,8,3.0625,3.4638442993164062
88380,46,2.597826,3.0823225577672324
88382,7,3.357143,3.5070696462664688
88405,1469,3.2937372,3.301450215020095
88411,6,3.4166667,3.51612446137837
88417,7,2.857143,3.445666137494539
88419,8,3.75,3.5586718855233026
88423,5,1.8,3.370963074944236
88425,13,2.8076923,3.3794122082846507
88429,5,3.0,3.4800539883700283
88452,7,3.5714285,3.533385423191807
88456,6,2.5,3.417910167149135
88468,53,2.5566037,3.0281841153080022
88483,5,2.9,3.4709630879488858
88485,14,2.0357144,3.201608918607235
88495,26,3.1923077,3.413196971541957
88518,5,3.4,3.516417633403431
88520,10,3.4,3.506716171900431
88548,8,3.0625,3.4638442993164062
88562,8,3.0625,3.4638442993164062
88564,11,3.0454545,3.4410322767789245
88566,22,2.9772727,3.3597634699609547
88568,7,3.2142856,3.4895257657034353
88570,9,4.3333335,3.650897810014628
88572,12,2.25,3.2806930541992188
88574,12,3.3333333,3.4903704581722135
88578,15,3.5333333,3.52927644436176
88580,6,3.8333333,3.5607673014913286
88589,13,2.8846154,3.395285235510932
88591,5,3.0,3.4800539883700283
88593,61,3.590164,3.562188919600066
88597,6,2.9166667,3.4625530328069414
88599,9,3.3333333,3.498355400764336
88605,6,2.25,3.3911244528634206
88640,18,3.5277777,3.527984815485337
88646,12,3.6666667,3.5548866179681595
88652,5,2.9,3.4709630879488858
88654,6,2.4166667,3.408981604235513
88670,9,2.5,3.371236768819518
88672,461,3.186551,3.2199667783166097
88674,9,2.5555556,3.3797113491316972
88682,5,3.9,3.5618721788579766
88692,14,3.2857144,3.475046418607235
88697,6,2.75,3.4446958814348494
88704,13,3.5,3.522269354926215
88706,33,3.1818182,3.390397247061672
88724,34,3.7058823,3.6000353324980963
88744,4201,3.5878363,3.5871331736049323
88746,92,3.3695652,3.4253730438124967
88756,8,1.875,3.3000511958681304
88759,5,3.0,3.4800539883700283
88764,23,1.3478261,2.841136578011186
88785,448,3.047991,3.0961906708866715
88788,6,3.3333333,3.5071958729199
88810,3028,3.899934,3.8938932043922034
88812,456,3.053728,3.100598783832294
88816,5,1.6,3.3527812632647427
88835,42,2.702381,3.1511192062626714
88837,59,3.5932202,3.563329937261179
88839,26,3.1730769,3.4066179990768433
88877,11,3.3636363,3.4984093142337485
88879,43,3.1976745,3.3753007893921225
88886,5,3.4,3.516417633403431
88889,16,3.34375,3.4833783236416904
88899,7,3.5,3.5246134975500274
88901,14,3.142857,3.443796381354332
88911,56,3.6875,3.6122921637769014
88925,8,2.75,3.420740851040544
88932,288,2.7361112,2.8532632681039662
88934,10,3.75,3.565049489339193
88950,137,3.4452555,3.467395589950888
88954,217,3.0069125,3.1045055255461276
88957,9,3.4444444,3.5153045613886946
88971,7,3.0714285,3.4719819144198767
88973,9,3.2777777,3.4898808204521568
88991,20,3.3,3.462899548666818
89000,40,3.4,3.4711441463894315
89002,126,1.8769841,2.346039593219757
89014,7,3.5,3.5246134975500274
89021,14,3.25,3.467233896255493
89028,124,2.8508065,3.045419380582612
89030,389,3.1066837,3.154676402619868
89039,636,3.5691824,3.566185092091908
89043,11,3.2272727,3.4738191737503303
89047,276,3.5217392,3.5227085915079877
89054,8,2.9375,3.4466029200060615
89056,5,4.1,3.5800539797002617
89060,43,3.1976745,3.3753007893921225
89069,7,3.0,3.4632099887780976
89072,154,3.3603897,3.4014852187212776
89074,162,3.2160494,3.2896366861631288
89083,7,3.7857144,3.5597012293966195
89085,362,3.5165746,3.5179684034829
89087,419,3.1980908,3.2332686803488335
89090,119,3.8445377,3.7509050877136594
89102,114,3.372807,3.4201400628904017
89104,6,3.0833333,3.480410158634186
89118,832,3.7572114,3.744220967195472
89126,7,1.7857143,3.314087179669163
89137,6,2.0833333,3.3732673014913286
89139,15,2.4666667,3.2831226128798265
89164,17,2.9411764,3.3791487821892128
89170,28,3.2857144,3.4410637464278784
89190,303,2.6666667,2.7886770352425723
89194,30,2.65,3.1987871527671814
89203,22,3.0681818,3.387541221247779
89206,8,2.875,3.437982230350889
89208,13,2.3076923,3.2762376051100475
89217,30,2.95,3.311287134885788
89230,8,1.625,3.265568437247441
89244,9,3.1111112,3.4644571158845547
89260,98,3.4948978,3.5061010670017554
89281,47,1.3617021,2.478381106533955
89300,10,3.15,3.4650495052337646
89302,55,3.4363637,3.4800283114115396
89305,236,3.3241525,3.359800532147601
89315,9,3.5555556,3.532253722013053
89321,71,2.9788733,3.2058096720167426
89327,7,2.9285715,3.454438063136318
89337,66,3.8030303,3.6845083277800987
89343,311,3.125402,3.1811716985834604
89347,16,3.5625,3.536408626671993
89349,13,3.6538463,3.5540154093787786
89351,5,3.4,3.516417633403431
89354,6,3.3333333,3.5071958729199
89356,75,3.7733333,3.675223741531372
89367,12,3.0833333,3.44198336139802
89369,72,3.5486112,3.540188304713515
89371,14,3.5,3.521921396255493
89373,10,2.9,3.423382838567098
89375,6,2.0833333,3.3732673014913286
89377,33,2.7727273,3.2277466101818773
89386,62,3.6290324,3.583955147436687
89388,95,2.5894737,2.9131239529313713
89408,9,2.8333333,3.422084214323658
89427,38,2.118421,2.9193519353866577
89449,19,3.1578948,3.426130021827808
89470,1350,3.4985185,3.4995734998158046
89472,54,3.1296296,3.3211823885257425
89478,6,2.0,3.3643387385777066
89480,155,2.8290322,2.9995266228187374
89490,84,3.0,3.197037084778743
89492,3441,3.842197,3.837697692533442
89501,14,3.5714285,3.5375463888049126
89516,5,2.5,3.434599442915483
89521,5,3.6,3.5345994342457163
89535,161,3.546584,3.542194198093143
89554,66,3.8030303,3.6845083277800987
89570,81,3.351852,3.419106690938236
89580,31,3.451613,3.498802108529173
89582,41,3.2804878,3.416516133717128
89584,15,3.4333334,3.506199543292706
89590,13,3.5384614,3.530205843940614
89592,7,3.7857144,3.5597012293966195
89594,9,3.2222223,3.4814062765089133
89596,7,3.0714285,3.4719819144198767
89598,5,3.4,3.516417633403431
89607,7,3.357143,3.5070696462664688
89610,7,3.2142856,3.4895257657034353
89613,7,2.5714285,3.410578405647947
89623,6,3.0833333,3.480410158634186
89629,99,3.5353534,3.5329057594273716
89632,9,2.9444444,3.439033374948017
89638,31,3.6774194,3.5852218704459107
89650,89,3.0898876,3.247503362971244
89674,7,1.6428572,3.2965433283856043
89678,119,3.7815125,3.7065263711489163
89703,8,3.3125,3.4983270579370958
89707,5,4.1,3.5800539797002617
89712,5,3.5,3.5255085338245737
89714,7,3.2142856,3.4895257657034353
89720,13,2.2307692,3.2603645778837658
89722,10,2.55,3.3650494813919067
89745,9266,3.8588388,3.8570634670245285
89747,8,2.625,3.4034994717301994
89753,1260,3.60873,3.6056510437535874
89759,983,3.9542217,3.933594313157147
89761,447,3.1879194,3.2221386950740394
89763,6,3.5833333,3.533981587205614
89765,9,3.4444444,3.5153045613886946
89767,8,3.5625,3.5328098165577857
89774,1659,3.9080772,3.896959105034611
89778,5,3.5,3.5255085338245737
89794,7,2.642857,3.4193503312897264
89797,7,2.7142856,3.4281222569315055
89804,1328,3.5948796,3.5924550902168706
89837,145,3.337931,3.386681807346833
89840,421,3.263658,3.2917261295764058
89844,6,2.5,3.417910167149135
89846,71,3.5633802,3.5487848471018895
89848,7,2.7857144,3.4368942118527595
89862,75,3.06,3.247223720550537
89864,2916,3.7798355,3.7755910917784985
89872,5,1.0,3.2982358065518467
89877,8,1.6875,3.274189126902613
89881,16,2.3125,3.2333783236416904
89896,69,3.768116,3.6672518754205785
89898,29,3.2413793,3.422822378858735
89900,115,3.5043478,3.5115331302989614
89904,1685,3.7729971,3.7659384159945617
89908,5,3.3,3.5073267113078725
89912,5,3.6,3.5345994342457163
89924,10,2.85,3.4150494734446206
89930,15,3.0,3.4061995286207933
89939,14,2.892857,3.389108881354332
89945,37,2.9594595,3.2862410627562424
89961,20,3.625,3.5557567051478793
89969,8,3.1875,3.481085678626751
89973,10,3.25,3.4817161560058594
89983,18,3.4444444,3.505926012992859
89985,29,3.775862,3.619024895414521
89994,5,3.8,3.552781256762418
89997,30,3.4666667,3.5050371289253235
90009,12,3.5833333,3.538757554946407
90015,6,3.4166667,3.51612446137837
90021,7,3.2142856,3.4895257657034353
90049,7,3.0714285,3.4719819144198767
90052,7,3.0,3.4632099887780976
90057,547,3.6563072,3.6455661958985193
90061,23,2.826087,3.3068900043017244
90066,14,2.6785715,3.3422339037060738
90071,32,3.78125,3.6268654800042874
90104,10,2.9,3.423382838567098
90127,9,2.9444444,3.439033374948017
90133,7,2.7142856,3.4281222569315055
90154,51,3.1960785,3.3604254935047413
90206,6,3.3333333,3.5071958729199
90211,6,3.3333333,3.5071958729199
90237,18,3.3611112,3.4838672105003807
90241,9,3.2777777,3.4898808204521568
90243,19,3.6842105,3.5710575304169585
90245,9,3.6666667,3.549202882637412
90247,6,3.1666667,3.489338747092656
90249,1174,3.3045144,3.313646147453707
90254,33,2.878788,3.2699153394584197
90264,23,3.0869565,3.3890817655275947
90266,93,3.7634408,3.6811396375402703
90268,39,3.2564104,3.409022173185027
90270,5,2.8,3.461872165853327
90281,11,2.7272727,3.3836552393241006
90306,9,3.3888888,3.5068299810765153
90310,33,3.0151515,3.324132155223065
90319,5,3.7,3.5436903563412754
90321,8,3.5,3.524189126902613
90341,18,3.9166667,3.6309260410421036
90343,135,3.1222222,3.231907915424656
90345,441,3.1768708,3.212633405829156
90350,44,3.5113637,3.520244405624714
90353,25,3.02,3.358706251780192
90357,135,3.7592592,3.6967727815782703
90359,8,3.125,3.472464988971579
90374,364,3.5425825,3.5408285113348477
90376,845,3.6739645,3.6658133767836585
90378,85,3.482353,3.4992812739478216
90382,9,2.8888888,3.4305587946358376
90403,299,2.8311036,2.930953967878675
90405,2225,3.4692135,3.470506802234021
90413,22,3.3636363,3.4778189857800803
90419,5,3.9,3.5618721788579766
90421,27,2.7777777,3.2649735909003716
90424,23,3.1956522,3.423328370264132
90426,12,2.5416667,3.3371446824842885
90428,85,3.5647058,3.551133085180212
90430,660,3.580303,3.5766238293177643
90434,37,2.891892,3.257505422351004
90439,851,3.6962397,3.686906728575153
90460,12,2.3333333,3.2968220710754395
90469,339,2.8141594,2.9059203179759048
90471,80,3.34375,3.4146382258488583
90474,84,3.6904762,3.629872898557293
90476,78,3.1730769,3.311741914600134
90522,385,3.055844,3.1101216913639815
90524,224,2.8325894,2.9594999717099824
90528,157,3.44586,3.465714855470519
90531,791,3.6548672,3.647328064926456
90533,7,3.357143,3.5070696462664688
90537,8,3.5,3.524189126902613
90547,8,2.625,3.4034994717301994
90556,9,3.6666667,3.549202882637412
90561,14,3.0714285,3.4281713888049126
90564,10,2.8,3.4067161480585733
90574,11,3.6818182,3.555786394682087
90576,301,3.1378736,3.193455663501707
90578,133,2.9924812,3.1388140610658404
90592,31,3.8548386,3.6531230402581487
90598,5,2.9,3.4709630879488858
90600,709,3.813117,3.7943385266189678
90609,7,3.642857,3.542157348833586
90620,86,3.4302325,3.4661982830832985
90624,120,3.2125,3.305311651790843
90630,42,3.6547618,3.5859017890432607
90632,6,2.3333333,3.400053015777043
90645,165,3.360606,3.399548613747885
90647,877,3.2337515,3.249625745328885
90649,22,2.8863637,3.33198571867413
90651,8,3.0625,3.4638442993164062
90662,20,3.2,3.434328147343227
90664,8,3.4375,3.515568437247441
90700,6,1.5,3.3107673100062778
90717,590,3.0525424,3.089692208915949
90719,423,3.106383,3.1509577471912538
90730,15,2.7666667,3.3523533711066613
90738,130,3.3846154,3.4244609673817954
90741,6,2.1666667,3.3821958899497986
90746,1596,3.5369675,3.5366969166520446
90748,6,3.5,3.525053024291992
90751,33,2.4545455,3.101240611938109
90753,13,3.5384614,3.530205843940614
90795,10,3.5,3.523382822672526
90809,114,3.8201754,3.7311156464786066
90811,5,2.7,3.4527812654321846
90813,5,3.6,3.5345994342457163
90817,5,2.5,3.434599442915483
90819,6,2.75,3.4446958814348494
90821,10,3.2,3.473382830619812
90827,5,2.8,3.461872165853327
90843,10,3.25,3.4817161560058594
90863,104,3.7067308,3.648720629803546
90866,2398,3.5856965,3.5845192310467264
90868,30,3.2833333,3.4362871050834656
90870,102,2.4705882,2.8184405690745304
90873,7,2.5714285,3.410578405647947
90876,8,3.4375,3.515568437247441
90878,6,4.0833335,3.5875530413218906
90888,480,2.8458333,2.910194253021816
90890,267,1.829588,2.0974857419823247
90907,5,2.6,3.4436903433366255
90914,127,3.3582678,3.4062315138046353
90929,36,3.3611112,3.458174084508142
90931,6,3.3333333,3.5071958729199
90933,64,2.9375,3.196517275090803
90939,36,2.5972223,3.138406664826149
90943,115,3.6304348,3.5994119138428657
90947,112,3.9642856,3.829647888371974
90958,14,2.9285715,3.3969214037060738
90963,5,2.8,3.461872165853327
91010,11,2.7727273,3.3918519528185733
91014,42,3.3214285,3.4337279122808706
91031,7,3.357143,3.5070696462664688
91035,49,3.0,3.266696660205571
91037,14,3.7142856,3.5687963739037514
91044,8,3.4375,3.515568437247441
91048,21,3.357143,3.477506630857226
91054,18,3.1111112,3.4176907399121452
91056,16,3.0,3.400044990308357
91073,9,3.0555556,3.4559825355723754
91075,10,3.05,3.44838281472524
91077,1808,3.6039822,3.6019390771412105
91079,268,3.4160447,3.4336570823717416
91094,683,3.4187407,3.4261976823637625
91104,944,2.286017,2.348493925282653
91112,9,2.7777777,3.4136096340114785
91126,486,3.3755145,3.3897444401214374
91128,409,3.1075795,3.1533833822653445
91134,312,3.3942308,3.412715448200373
91137,9,2.7777777,3.4136096340114785
91169,10,3.4,3.506716171900431
91181,5,2.7,3.4527812654321846
91189,10,2.75,3.398382822672526
91191,10,2.55,3.3650494813919067
91199,165,3.7454545,3.694897535235383
91201,8,3.75,3.5586718855233026
91206,9,3.1111112,3.4644571158845547
91227,11,2.909091,3.4164421362955064
91241,40,3.2625,3.410033014085558
91243,10,2.75,3.398382822672526
91250,11,2.0,3.252507694431993
91256,5,3.5,3.5255085338245737
91261,29,3.6551723,3.574721107000037
91266,63,3.3095238,3.406220974120419
91273,68,3.3529413,3.427143864712473
91286,12,3.4583333,3.5145640065593104
91290,64,3.5546875,3.5430085031609786
91302,16,3.75,3.581863172126539
91304,17,3.1176472,3.4239249442940327
91309,5,3.2,3.49823581088673
91323,222,2.7612612,2.902216769316617
91325,336,3.4568453,3.4660699083397426
91333,5,2.0,3.3891448974609375
91335,28,3.3035715,3.4474739783849473
91337,5,3.5,3.5255085338245737
91339,8,2.375,3.36901671310951
91351,32,3.546875,3.535402065370141
91353,38,3.0657895,3.3284428282217546
91355,53,3.2830188,3.4019705554814013
91360,5,3.3,3.5073267113078725
91371,96,2.8802083,3.102075080349021
91386,110,2.7863636,3.0181435346603394
91393,5,3.0,3.4800539883700283
91395,6,2.5833333,3.4268387300627574
91414,206,3.5048544,3.509386656805873
91416,41,3.121951,3.345087522988791
91421,7,2.857143,3.445666137494539
91425,7,3.357143,3.5070696462664688
91442,5,2.8,3.461872165853327
91446,5,2.8,3.461872165853327
91450,14,3.25,3.467233896255493
91474,81,3.117284,3.2740685357392287
91483,82,2.7987804,3.075022466254957
91485,1021,3.0470128,3.069470629527344
91488,130,3.5884616,3.571683234638638
91500,6752,3.612337,3.611717605478656
91505,48,3.4791667,3.5041119711739674
91515,37,3.3783784,3.4644019521515945
91529,9782,3.9658556,3.963629214137041
91535,1550,3.4870968,3.488376867771149
91537,26,3.5576923,3.5381969589936104
91540,21,3.142857,3.414126308870987
91542,4400,3.7448864,3.74245013976365
91548,108,3.8055556,3.7177403305150287
91554,7,2.642857,3.4193503312897264
91556,5,3.0,3.4800539883700283
91558,6,2.75,3.4446958814348494
91571,132,3.090909,3.2110052632761525
91582,10,3.5,3.523382822672526
91595,5,3.3,3.5073267113078725
91597,33,3.3636363,3.462686334747866
91599,6,3.3333333,3.5071958729199
91601,8,3.0625,3.4638442993164062
91603,7,3.142857,3.4807538400616562
91605,6,3.0,3.471481595720564
91612,5,2.5,3.434599442915483
91615,6,3.9166667,3.5696958899497986
91617,5,3.9,3.5618721788579766
91622,482,3.1473029,3.1830882533152303
91626,50,3.05,3.289029669761658
91628,232,2.6939654,2.841854433641366
91630,3285,3.6400304,3.6383516584736655
91632,13,3.4230769,3.506396327699934
91634,15,3.2,3.452353385778574
91653,641,3.4095163,3.4180939794449317
91655,5,3.4,3.516417633403431
91658,4440,3.8265765,3.8232522276302756
91660,159,2.7484276,2.934942404048865
91666,9,3.5,3.523779141700874
91671,86,2.1918604,2.6831100512953365
91673,116,3.086207,3.2192950076367484
91681,89,3.3483145,3.4129709494199685
91688,13,2.3846154,3.2921106323363287
91690,169,3.168639,3.2506984064023787
91694,43,2.7093024,3.14949434034286
91697,10,3.05,3.44838281472524
91707,28,3.3214285,3.4538842103420158
91709,6,3.25,3.4982673100062778
91715,8,3.4375,3.515568437247441
91743,24,3.7083333,3.586526587202742
91749,5,3.7,3.5436903563412754
91755,14,3.5,3.521921396255493
91762,15,4.0,3.636968759390024
91766,6,2.6666667,3.435767318521227
91784,17,3.0294118,3.4015368632416227
91786,10,2.8,3.4067161480585733
91797,5,3.5,3.5255085338245737
91799,5,3.0,3.4800539883700283
91805,10,3.35,3.498382806777954
91808,52,3.5576923,3.543166356928208
91821,57,3.4385965,3.480401580578813
91823,35,2.6857142,3.1812113874098835
91826,22,2.9545455,3.3528190321392484
91829,10,3.2,3.473382830619812
91831,79,2.1962025,2.7124261098314624
91834,7,2.9285715,3.454438063136318
91840,16,3.3125,3.4758025660659326
91842,361,3.1578948,3.2029270319462984
91844,75,3.8933334,3.7472238159179687
91858,10,3.1,3.4567161401112876
91866,16,2.21875,3.2106510509144175
91869,147,3.5034013,3.5096596824336173
91873,30,2.25,3.0487871170043945
91882,9,3.1111112,3.4644571158845547
91886,84,3.2202382,3.3350968574410054
91888,46,3.347826,3.4416975577672324
91890,470,3.2478724,3.274813413619995
91894,7,2.5,3.401806480006168
91896,5,3.5,3.5255085338245737
91902,60,3.675,3.6082087863575327
91906,6,2.75,3.4446958814348494
91908,5,2.9,3.4709630879488858
91911,7,3.642857,3.542157348833586
91919,7,3.0714285,3.4719819144198767
91927,6,3.9166667,3.5696958899497986
91929,26,3.4230769,3.492144314866317
91935,19,3.2105262,3.4406227201655293
91937,17,3.0588236,3.4089995569257594
91947,48,3.40625,3.4683976465341995
91952,18,3.1111112,3.4176907399121452
91954,10,2.9,3.423382838567098
91957,13,3.0384614,3.4270312407660106
91970,13,3.7692308,3.5778249256194585
91972,79,2.949367,3.1736664032751274
91974,629,3.2400637,3.261271010442405
91976,890,3.12191,3.143513780959109
91978,439,3.3006833,3.3239323527291265
91983,15,2.6,3.313891814305232
91991,5,2.2,3.407326719977639
92006,6,3.5,3.525053024291992
92008,345,3.036232,3.0984886266008207
92010,5,2.8,3.461872165853327
92048,115,3.4304347,3.4600179412148218
92058,144,1.7638888,2.2185719676853455
92064,6,3.1666667,3.489338747092656
92079,10,3.7,3.5567161639531455
92083,7,3.0,3.4632099887780976
92085,6,3.3333333,3.5071958729199
92094,31,3.7258065,3.6037403713037937
92096,20,2.775,3.312899589538574
92102,7,3.142857,3.4807538400616562
92104,5,3.4,3.516417633403431
92106,13,2.4230769,3.3000471213507274
92120,7,3.4285715,3.5158415719082483
92122,25,3.08,3.3787062327067057
92126,6,3.0833333,3.480410158634186
92128,6,3.5833333,3.533981587205614
92130,7,3.142857,3.4807538400616562
92132,6,3.3333333,3.5071958729199
92136,8,3.375,3.5069477475922683
92152,66,3.4621212,3.4905428598667014
92154,18,3.2222223,3.44710251864265
92156,14,3.0,3.412546396255493
92159,9,3.7222223,3.557677462949591
92163,5,3.1,3.489144888791171
92165,5,3.1,3.489144888791171
92169,17,3.4117646,3.498551760146867
92176,5,3.3,3.5073267113078725
92184,8,2.25,3.3517753337991647
92186,10,3.35,3.498382806777954
92192,214,2.661215,2.8253901275721462
92196,6,3.1666667,3.489338747092656
92198,91,3.043956,3.2156238944817943
92204,10,3.5,3.523382822672526
92210,79,3.556962,3.545759445013002
92222,14,3.5714285,3.5375463888049126
92234,109,2.8302753,3.0497042562976575
92243,118,3.5762713,3.5619225133033026
92245,5,2.8,3.461872165853327
92259,6442,4.109283,4.1048065102989115
92262,25,3.28,3.4453729152679444
92264,147,2.8741496,3.040116521912783
92270,10,3.3,3.4900494813919067
92307,30,2.95,3.311287134885788
92309,148,3.1520271,3.2469847708037407
92314,18,3.1388888,3.425043653039371
92325,6,2.9166667,3.4625530328069414
92335,68,3.235294,3.3593471898870955
92348,6,3.5,3.525053024291992
92352,20,3.65,3.562899589538574
92357,12,3.4166667,3.5064995211939656
92371,7,2.9285715,3.454438063136318
92374,6,3.6666667,3.542910175664084
92391,123,3.1504066,3.259554803715965
92393,53,3.2735848,3.397116174975645
92420,1349,3.578206,3.5764138294680787
92422,506,3.096838,3.1356168993943028
92424,7,3.2142856,3.4895257657034353
92427,12,2.7083333,3.36940271623673
92437,35,3.2142856,3.3988584209890926
92439,164,3.4054878,3.4341260027662615
92441,7,3.4285715,3.5158415719082483
92448,26,1.7307693,2.9131969809532166
92453,8,3.0,3.4552236096612337
92461,12,2.875,3.4016607961347027
92475,104,3.8701923,3.7591101782662526
92481,20,3.5,3.5200424194335938
92507,718,3.4289694,3.435420555373033
92509,478,3.5261507,3.5263314499999536
92511,11,1.9090909,3.23611424594629
92518,8,2.375,3.36901671310951
92606,15,3.7333333,3.5754303015195408
92613,6,2.4166667,3.408981604235513
92637,23,3.5217392,3.5260681093555606
92643,209,3.832536,3.7737567167024353
92652,8,3.4375,3.515568437247441
92658,6,3.0833333,3.480410158634186
92665,65,3.1846154,3.333938857783442
92674,10,3.35,3.498382806777954
92676,6,2.0,3.3643387385777066
92681,171,2.7982457,2.96336189438315
92687,19,3.2631578,3.4551154841547427
92694,201,3.4577115,3.471724989879654
92696,28,2.5892856,3.1910636730683155
92702,17,3.9117646,3.625417431788658
92715,7,3.5,3.5246134975500274
92719,48,2.5625,3.0551323404117507
92728,8,3.1875,3.481085678626751
92730,12,2.3333333,3.2968220710754395
92738,11,3.909091,3.5967700051479654
92740,10,3.45,3.5150494972864785
92751,23,3.2608695,3.443876273011508
92768,30,2.8,3.255037099123001
92781,9,3.2222223,3.4814062765089133
92789,7,3.5,3.5246134975500274
92793,9,2.3888888,3.3542876081951594
92804,22,3.5,3.519485685560438
92817,33,3.1515152,3.3783490657806396
92819,21,3.4761906,3.512717905178876
92829,41,2.817073,3.207724909206013
92836,14,3.6785715,3.5609839037060738
92841,24,3.4583333,3.5054455061216614
92852,5,3.2,3.49823581088673
92874,6,3.0,3.471481595720564
92887,6,3.5,3.525053024291992
92894,7,4.0,3.586017006321957
92904,32,3.78125,3.6268654800042874
92910,10,3.7,3.5567161639531455
92920,144,3.4652777,3.4814585262967137
92923,26,2.5384614,3.189512723370602
92938,357,2.2394958,2.397795954851905
92944,54,3.074074,3.2923362209246707
92954,48,3.875,3.6979894832688935
92966,25,3.2,3.418706274032593
93014,20,3.1,3.4057566779000417
93022,11,3.6363637,3.547589681187614
93024,38,3.0657895,3.3284428282217546
93029,5,3.4,3.516417633403431
93040,323,4.001548,3.938077514996158
93061,20,3.65,3.562899589538574
93063,5,2.8,3.461872165853327
93116,9,3.4444444,3.5153045613886946
93126,30,2.75,3.2362871170043945
93128,11,3.3636363,3.4984093142337485
93132,13,2.8076923,3.3794122082846507
93142,31,2.919355,3.2950984165992265
93164,88,3.5681818,3.5536446640456933
93172,21,2.8809524,3.3366615335706253
93183,10,3.0,3.440049489339193
93193,22,2.5681818,3.234763443470001
93208,34,3.2205882,3.4036067667461576
93210,6,2.75,3.4446958814348494
93212,67,3.4477613,3.4820767202947893
93240,55,3.5,3.513361612955729
93242,115,3.2260869,3.3175936828960073
93265,105,3.695238,3.6413094920496785
93267,16,3.59375,3.543984384247751
93270,462,3.077922,3.121880824677646
93272,434,3.1612904,3.199179764621514
93287,168,3.1011906,3.1990962597208283
93289,5,3.3,3.5073267113078725
93295,6,2.9166667,3.4625530328069414
93297,233,3.5622318,3.5561942540293447
93320,45,3.5222223,3.525294441925852
93324,45,3.6666667,3.593715504596108
93326,575,3.1756523,3.203844835281372
93328,12,2.75,3.3774672477476058
93330,13,3.1153846,3.4429042679922923
93333,7,2.7142856,3.4281222569315055
93336,8,2.625,3.4034994717301994
93344,5,1.8,3.370963074944236
93363,1228,3.2088761,3.2213637407210323
93365,13,3.4615386,3.514332865911817
93367,7,2.857143,3.445666137494539
93376,7,3.142857,3.4807538400616562
93404,26,3.7307692,3.5974074664868807
93408,8,3.0,3.4552236096612337
93418,19,2.9736843,3.375405380691307
93420,48,3.9583333,3.7388057708740234
93422,95,3.7473683,3.6717445603732406
93432,82,3.7012196,3.635628584659461
93443,304,3.2763157,3.311872708595405
93463,5,2.8,3.461872165853327
93467,14,3.3214285,3.4828588888049126
93473,24,3.2708333,3.4446346953108504
93475,185,3.2837837,3.3357572301905205
93490,6,4.0,3.5786244528634206
93492,6,3.0833333,3.480410158634186
93496,16,3.59375,3.543984384247751
93498,280,3.6714287,3.6497060602361504
93502,44,3.375,3.4564145676633147
93510,2570,3.600389,3.599008667560024
93512,342,3.2792397,3.3109768653402525
93516,8,3.375,3.5069477475922683
93520,7,3.0,3.4632099887780976
93552,10,3.45,3.5150494972864785
93563,335,3.0835822,3.141306477707702
93568,8,3.5,3.524189126902613
93570,34,3.6323528,3.5702733993530273
93572,17,2.8235295,3.349298067946932
93574,18,3.6666667,3.564749570453868
93578,50,3.15,3.3390297412872316
93598,70,3.2928572,3.3908580938975015
93610,43,2.7209303,3.1548706869925223
93612,8,3.625,3.541430506212958
93641,5,3.5,3.5255085338245737
93649,9,3.2777777,3.4898808204521568
93693,83,2.5903614,2.942879413303576
93700,22,3.7045455,3.581985698805915
93717,8,3.375,3.5069477475922683
93719,9,3.1111112,3.4644571158845547
93721,974,3.951232,3.9305692333728075
93723,100,3.055,3.2126865069071453
93725,6,3.0833333,3.480410158634186
93729,6,3.5,3.525053024291992
93733,5,3.4,3.516417633403431
93740,332,3.509036,3.511526027899138
93742,6,3.3333333,3.5071958729199
93748,40,3.5125,3.5211441251966686
93750,33,3.5454545,3.534975517226989
93752,8,3.75,3.5586718855233026
93766,468,2.8237178,2.8917044691137366
93782,19,3.7368422,3.5855502944061723
93785,5,2.1,3.39823579788208
93801,5,1.9,3.380053986202587
93803,28,2.857143,3.2872175803551307
93805,538,3.1124535,3.1477941007030252
93819,68,3.4779413,3.4991777630175576
93821,14,3.4642856,3.5141088739037514
93831,495,3.1282828,3.164959537873574
93838,934,3.6852248,3.6772387255498065
93840,2917,3.6256428,3.623998297397882
93842,37,3.4324324,3.4873904441965036
93855,435,3.6091955,3.600830926108606
93865,19,3.2894738,3.4623618989750957
93892,87,3.591954,3.5686347937061837
93894,5,2.5,3.434599442915483
93909,7,2.857143,3.445666137494539
93916,10,3.5,3.523382822672526
93918,7,3.7142856,3.5509292744753655
93921,7,3.0,3.4632099887780976
93923,10,2.0,3.273382822672526
93933,56,3.4464285,3.484933655217009
93939,50,3.71,3.619029712677002
93946,19,2.8157895,3.3319270887236665
93948,6,3.3333333,3.5071958729199
93952,27,2.6296296,3.2130255699157715
93954,66,2.6515152,3.0293359962002984
93970,6,2.9166667,3.4625530328069414
93980,70,2.55,2.9575247168540955
93982,222,3.1126127,3.1889815961613373
93988,269,3.9349442,3.871169111198019
94005,10,3.05,3.44838281472524
94011,8,2.5,3.3862580924198546
94015,337,2.908012,2.9881214060524637
94018,759,2.7411067,2.789744118088108
94024,39,3.6923077,3.600033371636037
94041,13,3.5769231,3.538142382152497
94044,12,3.1666667,3.458112424419772
94061,13,3.3076923,3.4825868114592535
94068,15,3.2333333,3.4600456861349254
94070,815,3.7030675,3.6929514628614304
94074,31,3.6290324,3.5667033695880277
94103,7,3.5714285,3.533385423191807
94112,9,3.0,3.447507955260196
94122,22,3.2954545,3.456985672314962
94126,102,3.5980392,3.575019491346259
94130,67,3.425373,3.469256115774823
94142,5,2.4,3.4255085424943403
94155,10,2.9,3.423382838567098
94157,7,3.4285715,3.5158415719082483
94184,7,2.857143,3.445666137494539
94190,7,2.7857144,3.4368942118527595
94204,6,2.4166667,3.408981604235513
94262,7,2.7142856,3.4281222569315055
94264,5,3.5,3.5255085338245737
94266,421,3.095012,3.1409830151090197
94271,10,3.35,3.498382806777954
94278,10,3.7,3.5567161639531455
94280,9,3.8888888,3.583101167517193
94289,19,3.2631578,3.4551154841547427
94299,14,2.2857144,3.256296418607235
94301,8,2.8125,3.4293615406957167
94314,11,2.8181818,3.4000486663130465
94323,80,3.175,3.3107920426588793
94325,190,3.3236842,3.366262376308441
94352,10,3.2,3.473382830619812
94394,8,3.4375,3.515568437247441
94401,30,3.6,3.5550370812416077
94405,322,3.3338509,3.3599541571832474
94410,44,3.784091,3.647903969947328
94412,18,3.1944444,3.4397495424046234
94429,5,3.5,3.5255085338245737
94444,19,2.4473684,3.230477806450664
94469,53,3.8018868,3.6689608698909724
94478,871,2.9305396,2.962978249652378
94480,79,2.2594936,2.7511857590934103
94482,13,3.5384614,3.530205843940614
94491,8,2.75,3.420740851040544
94494,14,2.9285715,3.3969214037060738
94503,87,3.6321838,3.5941821832726473
94537,6,2.75,3.4446958814348494
94539,7,2.0,3.340402971234238
94542,13,2.9230769,3.4032217245253307
94556,12,2.7916667,3.385531779258482
94558,63,3.0396826,3.255778538442291
94649,23,3.3913043,3.4849721536244433
94653,7,1.2142857,3.2439117452554536
94663,33,3.7272727,3.607264699706112
94672,5,3.0,3.4800539883700283
94675,18,2.6111112,3.2853377987356747
94677,1085,3.0562212,3.077007067886218
94679,11,3.3636363,3.4984093142337485
94733,11,2.590909,3.359065055847168
94739,18,3.0833333,3.410337763674119
94746,45,2.9777777,3.267399649871023
94748,7,3.142857,3.4807538400616562
94750,6,2.1666667,3.3821958899497986
94752,46,3.7934783,3.655239259203275
94769,5,4.0,3.570963079279119
94777,2235,3.4096196,3.412211250684976
94780,912,2.939693,2.970273348992679
94799,138,3.4275362,3.4542711263007306
94803,17,2.735294,3.326909986894522
94810,73,3.869863,3.730918461714334
94813,123,2.5447154,2.8289188677175887
94815,39,3.4615386,3.4989098082767445
94833,265,3.3528302,3.3806443327949163
94837,32,3.015625,3.3280849921994093
94839,11,2.9545455,3.424638849789979
94841,57,3.254386,3.3822707327726844
94864,3703,3.373886,3.3759401089154717
94867,88,3.034091,3.213065050650334
94893,11,3.5454545,3.5311962112051543
94896,412,3.4502428,3.458664470936829
94900,10,3.15,3.4650495052337646
94902,5,3.3,3.5073267113078725
94917,9,3.6666667,3.549202882637412
94919,13,3.1923077,3.4587772952185736
94931,178,3.483146,3.49299538972085
94939,70,3.6714287,3.611691474914551
94953,240,2.9145834,3.0203551588387323
94959,4094,3.9471178,3.942061598696764
94965,8,2.5,3.3862580924198546
94967,35,2.8285713,3.2400348887724033
94969,135,3.9518518,3.837313342738796
94978,30,3.5833333,3.548787087202072
94980,5,3.7,3.5436903563412754
94985,326,3.3788342,3.398678016155324
94998,24,2.6041667,3.228418530644597
95000,10,3.45,3.5150494972864785
95002,39,3.102564,3.3416063946284607
95007,11,3.409091,3.5066060707217357
95010,9,3.7777777,3.5661520068928345
95014,7,3.4285715,3.5158415719082483
95021,12,3.3333333,3.4903704581722135
95026,25,3.24,3.4320395946502686
95032,12,2.6666667,3.361338230871385
95034,20,2.625,3.2700424194335938
95058,207,2.6859903,2.849816997691351
95067,113,2.902655,3.09449675770625
95069,29,3.4482758,3.498771742929386
95088,1125,3.5653334,3.5637472396201275
95105,504,3.311508,3.3310522947070402
95133,28,3.0892856,3.3705508525554952
95135,173,3.5549133,3.548892229661813
95137,8,3.1875,3.481085678626751
95139,12,3.375,3.4984349896830897
95157,10,2.85,3.4150494734446206
95165,19,3.1052632,3.4116372578385947
95167,2563,3.5612564,3.560621180572685
95182,23,3.0217392,3.368533862780218
95185,10,3.35,3.498382806777954
95197,41,2.6341465,3.125307405387962
95199,166,2.9608433,3.0921433391394437
95201,398,3.3178391,3.3413012261901582
95207,588,2.867347,2.9191269695198274
95218,63,3.8730159,3.720380264045918
95223,24,3.3333333,3.4649049655811206
95234,6,3.3333333,3.5071958729199
95237,59,3.2711864,3.38901801940498
95288,6,3.25,3.4982673100062778
95294,5,3.1,3.489144888791171
95296,13,3.0384614,3.4270312407660106
95298,12,3.375,3.4984349896830897
95300,11,2.7727273,3.3918519528185733
95307,206,2.9320388,3.04844905808568
95309,635,3.403937,3.412997122228581
95311,382,3.959424,3.9094975568630077
95375,106,3.5330188,3.531429263261648
95441,2271,3.225011,3.2315395092049943
95443,74,3.5270271,3.527443362820533
95449,480,3.0666666,3.110194224231648
95461,15,3.7,3.5677380011631894
95484,8,2.1875,3.3431546441439925
95488,122,3.0327868,3.176761422046395
95506,14,2.607143,3.3266089111566544
95508,49,3.2551022,3.392959344266641
95510,3244,3.4042847,3.40616350544534
95521,7,3.0714285,3.4719819144198767
95531,12,3.6666667,3.5548866179681595
95533,12,3.375,3.4984349896830897
95543,542,3.291513,3.311491549015045
95558,690,3.6811595,3.6708148943411336
95567,125,3.552,3.5451598576136996
95570,11,2.8636363,3.408245379807519
95572,5,3.1,3.489144888791171
95583,280,3.0928571,3.158796859510017
95591,8,2.5,3.3862580924198546
95600,6,3.4166667,3.51612446137837
95602,12,2.75,3.3774672477476058
95604,30,3.85,3.6487870812416077
95611,5,2.6,3.4436903433366255
95615,12,3.75,3.5710156348443802
95624,18,3.6666667,3.564749570453868
95654,459,3.922658,3.8838958271828523
95670,23,2.673913,3.2589447726942087
95672,6,2.8333333,3.4536244443484714
95717,11,2.2272727,3.2934913048978713
95720,385,2.7623377,2.8503516734331504
95732,5,2.9,3.4709630879488858
95735,6,3.1666667,3.489338747092656
95742,7,3.0,3.4632099887780976
95744,101,3.0940595,3.2377680500611565
95746,5,3.5,3.5255085338245737
95748,5,2.1,3.39823579788208
95752,5,3.1,3.489144888791171
95754,20,3.125,3.4128995622907365
95756,28,3.392857,3.479525223756448
95761,320,3.303125,3.33352145633182
95773,27,3.2407408,3.427311302779557
95784,5,3.2,3.49823581088673
95796,19,1.4210526,2.9478691056154775
95804,44,3.4772727,3.504286918234318
95814,6,2.4166667,3.408981604235513
95816,39,3.2948718,3.4258760655863902
95839,36,3.5972223,3.55701131598894
95856,119,3.6092436,3.585224624216204
95858,698,3.9090257,3.883560008543698
95873,553,3.660036,3.6490927454250963
95875,1393,3.1816225,3.193626555153998
95890,7,3.2142856,3.4895257657034353
95896,6,2.3333333,3.400053015777043
95898,8,2.75,3.420740851040544
95926,11,3.0,3.432835563284452
95939,125,3.68,3.636588444028582
95971,25,3.6,3.55203955968221
95973,29,3.775862,3.619024895414521
96002,16,3.65625,3.559135899399266
96020,93,3.8064516,3.709111638836094
96052,8,2.875,3.437982230350889
96054,14,3.4642856,3.5141088739037514
96056,5,1.7,3.3618721745230933
96058,18,2.8055556,3.336808379958658
96064,12,2.0416667,3.240370488935901
96066,17,2.4411764,3.2522831105474217
96071,9,4.0,3.600050328141552
96075,61,3.9754097,3.773900575465984
96079,5288,3.7571862,3.755039988675337
96096,13,3.1923077,3.4587772952185736
96098,12,3.5833333,3.538757554946407
96110,513,3.0692008,3.109951964915328
96114,25,2.9,3.3187062899271647
96121,173,3.2283237,3.2955290095153944
96150,174,3.571839,3.562066838145256
96181,13,2.9230769,3.4032217245253307
96195,17,2.8235295,3.349298067946932
96197,9,3.1111112,3.4644571158845547
96212,7,3.357143,3.5070696462664688
96214,10,2.85,3.4150494734446206
96239,15,3.4333334,3.506199543292706
96246,10,3.15,3.4650495052337646
96252,16,3.46875,3.5136813539447207
96259,7,3.0714285,3.4719819144198767
96281,599,3.4674459,3.4721156143811522
96283,51,3.0392158,3.2812175774338224
96302,35,3.6857142,3.5929760932922363
96304,29,3.6551723,3.574721107000037
96306,20,3.2,3.434328147343227
96314,145,3.2689655,3.3353998171977506
96337,11,3.3181818,3.4902126007392758
96367,115,3.152174,3.266078659982392
96373,61,3.7868853,3.670297029856089
96383,9,2.4444444,3.3627621885073387
96401,6,4.0833335,3.5875530413218906
96407,26,2.8653846,3.3013548474562797
96411,64,3.609375,3.5737102575469435
96413,9,3.8888888,3.583101167517193
96415,21,3.1904762,3.4282108327032814
96417,461,3.2744036,3.2992231234645657
96419,15,3.4666667,3.5138918436490574
96421,8,4.0625,3.6017753337991647
96423,5,2.0,3.3891448974609375
96428,7,3.7857144,3.5597012293966195
96430,122,3.1844263,3.2843196447505507
96432,515,3.4864078,3.490093741796713
96448,88,1.8409091,2.4521954508795254
96456,51,2.490196,3.003989750796025
96460,9,3.2222223,3.4814062765089133
96467,126,3.2817461,3.3517215008085426
96471,17,3.5588236,3.5358652285675505
96473,35,3.7142856,3.6047407739302693
96486,14,3.5714285,3.5375463888049126
96488,837,3.9492235,3.9254825865133776
96490,111,2.8063064,3.0304532643430724
96498,9,2.2777777,3.337338447570801
96501,65,3.4846153,3.503504048223081
96510,29,2.189655,3.03674640836595
96512,17,3.1176472,3.4239249442940327
96514,9,2.9444444,3.439033374948017
96518,7,3.357143,3.5070696462664688
96520,26,3.7884614,3.617144302317971
96530,6,2.9166667,3.4625530328069414
96537,14,2.857143,3.3812964111566544
96543,12,2.9166667,3.4097253276455786
96545,10,2.85,3.4150494734446206
96563,63,3.7936509,3.6761325123035804
96565,124,2.887097,3.071281509837885
96567,178,3.4073033,3.433784924055401
96569,25,3.38,3.4787062962849933
96574,7,3.357143,3.5070696462664688
96578,7,3.7142856,3.5509292744753655
96588,1432,3.6026537,3.6001370632053225
96590,49,2.6836734,3.110130960291082
96592,26,3.0961537,3.3803021907806396
96596,43,2.2441862,2.9344405845929216
96606,571,4.003503,3.9652223740606876
96608,20,2.975,3.370042392185756
96610,5080,3.6862204,3.6846788770738867
96612,177,3.2514124,3.3123478532362616
96616,186,2.6827958,2.8618770393274597
96621,29,2.8275862,3.2709236507174335
96629,16,2.1875,3.20307529333866
96634,30,2.6833334,3.2112871408462524
96638,9,4.2222223,3.6339486493902693
96640,6,3.9166667,3.5696958899497986
96644,8,3.625,3.541430506212958
96655,573,3.6902268,3.6772117526726396
96664,30,3.3166666,3.4487870931625366
96667,74,3.608108,3.5758303596127416
96687,29,3.189655,3.4038350159608863
96691,429,3.0827506,3.1292337350905064
96693,188,3.1914895,3.262197426387242
96700,41,3.2317073,3.3945381326989814
96724,6,3.4166667,3.51612446137837
96726,25,3.0,3.352039591471354
96728,775,3.483871,3.486549068219734
96737,1482,3.5391364,3.5387748881357455
96751,246,3.3617885,3.389874807886175
96753,15,3.1333334,3.4369687850658712
96762,23,3.0869565,3.3890817655275947
96792,5,3.3,3.5073267113078725
96801,9,3.2777777,3.4898808204521568
96807,5,2.4,3.4255085424943403
96811,919,3.7551687,3.7434499308051707
96815,212,3.0801888,3.165660246637941
96817,6,3.4166667,3.51612446137837
96821,2976,3.8647513,3.8591880218445347
96829,1564,4.032289,4.016668531235857
96832,332,3.6430724,3.628018311805126
96834,28,3.4107144,3.485935541299673
96836,6,3.75,3.5518387385777066
96840,6,2.5833333,3.4268387300627574
96849,18,3.0277777,3.3956318743088665
96853,23,2.6956522,3.265794123688789
96857,146,3.2157533,3.295423232779211
96861,868,3.1514976,3.1720075035926305
96863,76,2.8486843,3.118277595156715
96868,33,3.9242425,3.6855779728257514
96870,6,3.1666667,3.489338747092656
96897,22,3.409091,3.491707934273614
96911,217,3.7718894,3.7262283880612377
96917,139,2.7266188,2.9386400949387324
96933,8,2.9375,3.4466029200060615
96935,5,4.3,3.5982358238913794
96941,22,2.8863637,3.33198571867413
96943,6,3.25,3.4982673100062778
96945,15,3.3333333,3.4831225872039795
96947,5,3.4,3.516417633403431
96950,5,3.8,3.552781256762418
96952,18,3.5555556,3.5353377917233635
96964,96,2.8541667,3.0849518971900416
96966,65,3.9461539,3.764373665270598
96969,66,3.3560605,3.4301979541778564
96971,8,2.375,3.36901671310951
96975,74,2.8783784,3.1403465347905315
96991,69,3.5652175,3.5496048446462938
97002,25,3.58,3.545372899373372
97005,11,2.5,3.3426716288582226
97024,286,3.6381118,3.6217349781876518
97031,9,2.7222223,3.405135090068235
97035,7,2.7142856,3.4281222569315055
97042,7,2.5,3.401806480006168
97046,8,3.0,3.4552236096612337
97051,17,3.0,3.394074169557486
97057,193,3.5725389,3.5633866992997536
97059,22,2.9772727,3.3597634699609547
97065,21,3.4047618,3.491591084171349
97096,5,3.6,3.5345994342457163
97132,35,3.7,3.598858482697431
97153,6,3.5833333,3.533981587205614
97165,5,1.3,3.3255085294896904
97168,107,3.598131,3.5758151598037426
97172,398,3.3115578,3.3357208967208862
97175,17,3.3529413,3.48362643327286
97177,8,2.9375,3.4466029200060615
97186,20,3.5,3.5200424194335938
97188,475,3.5389473,3.5379103955768403
97194,14,4.035714,3.6391088664531708
97196,8,3.9375,3.58453395448882
97200,5,3.0,3.4800539883700283
97220,8,2.875,3.437982230350889
97225,686,3.446793,3.4523138883321183
97232,58,2.9568965,3.2213237859584667
97234,13,3.7307692,3.5698883874075755
97242,7,3.0714285,3.4719819144198767
97244,15,3.3,3.475430286847628
97246,5,2.7,3.4527812654321846
97250,7,3.142857,3.4807538400616562
97256,7,3.5,3.5246134975500274
97280,16,2.9375,3.384893475156842
97285,7,2.642857,3.4193503312897264
97302,17,3.1176472,3.4239249442940327
97304,4524,3.8291335,3.8258423636352648
97306,1380,3.6246376,3.6212607430411388
97308,26,2.5769231,3.2026706683008292
97311,127,3.2992127,3.363858652653667
97324,59,2.6694915,3.063329996318992
97326,30,3.65,3.5737871527671814
97328,155,3.3967743,3.4287950469226374
97384,6,0.9166667,3.2482673121350154
97388,31,3.2741935,3.4309008474703186
97390,15,2.7,3.3369687703939586
97393,99,3.8888888,3.7678051282895493
97395,98,3.8520408,3.742587598594459
97397,12,3.6666667,3.5548866179681595
97401,12,3.5,3.5226285380701863
97423,19,3.631579,3.556564766427745
97455,15,3.7333333,3.5754303015195408
97462,50,2.54,3.0340296745300295
97468,6,2.9166667,3.4625530328069414
97470,31,2.3225806,3.0667032989454857
97540,5,3.8,3.552781256762418
97593,14,3.25,3.467233896255493
97595,6,3.8333333,3.5607673014913286
97597,10,3.35,3.498382806777954
97639,44,3.715909,3.615988995166535
97643,76,2.5592105,2.943674367571634
97660,13,3.6153846,3.546078871166895
97662,21,2.857143,3.329619306913564
97665,37,2.7432432,3.194286993180198
97673,143,3.9510489,3.8414660883691027
97692,42,3.6309524,3.57503226528997
97694,10,2.4,3.3400495052337646
97697,16,3.09375,3.42277226303563
97699,16,2.90625,3.3773177175810845
97701,154,2.4155843,2.6882497820199704
97703,5,2.3,3.4164176203987817
97709,19,3.0263157,3.389898079029028
97715,18,2.8055556,3.336808379958658
97722,9,2.2222223,3.3288639036275574
97724,8,2.9375,3.4466029200060615
97732,6,2.6666667,3.435767318521227
97740,14,2.892857,3.389108881354332
97742,78,2.5897436,2.9562732130289078
97744,57,3.7719297,3.6579716317007476
97752,2891,3.6067104,3.6053732859362797
97757,82,2.9634147,3.1772952441013222
97768,7,3.2142856,3.4895257657034353
97775,6,3.5,3.525053024291992
97779,29,3.6034484,3.5557338316229323
97785,128,2.515625,2.800016681799728
97797,15,3.1666667,3.4446610854222226
97799,7,3.2857144,3.4982977206246897
97817,5,3.8,3.552781256762418
97819,5,3.3,3.5073267113078725
97826,12,3.6666667,3.5548866179681595
97828,6,3.3333333,3.5071958729199
97832,62,3.403226,3.458955134664263
97834,24,3.1666667,3.4108509630770296
97836,208,3.0673077,3.1566006712211196
97858,22,3.0454545,3.380596783426073
97860,413,3.1876514,3.2244125179801597
97866,318,3.7845912,3.7497363323750705
97868,15,3.8333333,3.598507202588595
97870,236,3.6440678,3.6237865794788706
97880,9,3.7222223,3.557677462949591
97882,8,2.6875,3.4121201613853716
97886,5,3.6,3.5345994342457163
97895,14,3.2142856,3.4594213739037514
97904,57,3.4561403,3.48974733931996
97906,6,3.5833333,3.533981587205614
97908,35,3.2571428,3.41650549103232
97913,3045,3.7609196,3.7571576939645994
97921,4342,3.7716491,3.7688760150542895
97923,1352,3.6545858,3.6500734827147743
97933,35,3.7,3.598858482697431
97936,315,3.368254,3.390145102592364
97938,3764,3.7202444,3.7177249396353664
97946,23,2.7173913,3.272643399565187
97950,146,2.8356164,3.0122599820701446
97957,73,3.1780822,3.320349365715089
97959,18,3.7222223,3.5794554598191204
97966,22,2.159091,3.1097634898291693
97968,12,1.9166666,3.2161769174760386
97984,39,3.7948718,3.644977189181896
97986,14,3.357143,3.4906714111566544
97988,76,2.9078948,3.1539918884398443
97998,18,2.6666667,3.300043688100927
98000,7,2.357143,3.384262628722609
98013,29,2.7068965,3.226619862302949
98015,11,2.409091,3.3262782018692767
98017,98,3.7040815,3.6446145934027596
98019,32,3.28125,3.431743528784775
98022,19,3.6052632,3.5493184172588848
98036,16,3.0,3.400044990308357
98052,8,2.25,3.3517753337991647
98054,95,2.6473684,2.951054967682937
98056,462,3.8290043,3.7996151372790337
98061,10,2.8,3.4067161480585733
98065,18,3.4722223,3.5132789892308853
98067,13,3.0,3.419094751751612
98069,5,2.9,3.4709630879488858
98087,50,2.95,3.2390297174453737
98107,8,2.875,3.437982230350889
98109,17,3.264706,3.46123835222045
98111,6,3.0833333,3.480410158634186
98116,8,2.875,3.437982230350889
98122,203,3.7167487,3.679458333569553
98126,22,3.340909,3.470874547958374
98142,5,4.0,3.570963079279119
98154,1494,3.675368,3.670597711684173
98160,10,1.85,3.248382826646169
98173,7,3.4285715,3.5158415719082483
98175,32,2.953125,3.3036947482969703
98189,25,3.14,3.398706293106079
98193,62,3.7903225,3.6732407765729085
98198,37,3.8513513,3.6655513335918557
98200,8,3.4375,3.515568437247441
98203,668,2.5217066,2.5917868600914407
98217,7,3.5714285,3.533385423191807
98221,5,3.0,3.4800539883700283
98230,65,3.0307693,3.246982408606488
98237,16,3.03125,3.4076207478841147
98239,153,2.7124183,2.9133151329209652
98241,6,3.8333333,3.5607673014913286
98243,796,3.593593,3.589719744157002
98246,8,2.4375,3.377637402764682
98275,9,3.3333333,3.498355400764336
98277,6,2.8333333,3.4536244443484714
98279,70,3.0928571,3.274191399415334
98296,95,3.2052631,3.3165721893310547
98298,5,3.5,3.5255085338245737
98341,10,3.05,3.44838281472524
98358,8,2.9375,3.4466029200060615
98361,163,3.4417179,3.4619858264923096
98373,114,3.2719297,3.3500180477049293
98378,7,3.2857144,3.4982977206246897
98381,12,1.8333334,3.200047900599818
98400,37,3.2837837,3.424172015025698
98402,17,2.8823528,3.3642233948209395
98441,5,3.5,3.5255085338245737
98449,6,2.4166667,3.408981604235513
98473,5,3.6,3.5345994342457163
98485,17,3.6764705,3.565715942809831
98491,1083,4.05217,4.029040478860396
98499,10,2.65,3.381716171900431
98501,7,2.7142856,3.4281222569315055
98509,5,3.4,3.516417633403431
98511,13,3.3076923,3.4825868114592535
98552,15,3.1,3.4292764296898475
98558,5,2.9,3.4709630879488858
98570,32,3.203125,3.4012557239067265
98585,283,3.3533568,3.3795884521873862
98587,23,3.3913043,3.4849721536244433
98604,162,3.7808642,3.7212404530003385
98607,90,3.7166667,3.6493069444383894
98621,10,3.2,3.473382830619812
98623,11,3.1818182,3.465622460255857
98629,22,3.3181818,3.4639301101366677
98631,6,2.8333333,3.4536244443484714
98633,6,3.6666667,3.542910175664084
98697,9,3.5,3.523779141700874
98755,9,2.7222223,3.405135090068235
98759,5,3.4,3.516417633403431
98766,6,3.3333333,3.5071958729199
98797,52,3.4615386,3.49414680518356
98799,11,2.3636363,3.3180814453812895
98809,5475,3.716621,3.7149144828589256
98834,5,3.1,3.489144888791171
98836,69,3.0144928,3.230277051444815
98838,24,2.5,3.194634721085832
98840,7,3.0714285,3.4719819144198767
98845,7,3.4285715,3.5158415719082483
98852,13,3.9615386,3.61750746908642
98922,15,3.7333333,3.5754303015195408
98927,9,3.2222223,3.4814062765089133
98933,7,4.0,3.586017006321957
98956,84,3.6666667,3.6149475823587447
98961,1837,3.709853,3.705035934766639
98963,26,3.5961537,3.551354822359587
98973,42,3.6666667,3.5913366597631704
98975,72,2.9652777,3.195925915827517
98981,28,3.1785715,3.402602183513152
98983,9,2.9444444,3.439033374948017
98985,24,3.2291667,3.4311212333473
98989,6,2.75,3.4446958814348494
99007,936,3.3712606,3.3792118977823313
99024,14,2.9285715,3.3969214037060738
99028,6,3.25,3.4982673100062778
99030,44,3.2954545,3.41918050481918
99041,12,2.625,3.3532736993605092
99043,11,3.2727273,3.482015887244803
99045,14,3.892857,3.607858881354332
99047,40,3.25,3.4044774373372397
99050,5,3.1,3.489144888791171
99054,6,3.25,3.4982673100062778
99056,5,2.4,3.4255085424943403
99058,26,3.2884614,3.4460916707390234
99061,14,2.392857,3.279733881354332
99064,5,2.7,3.4527812654321846
99087,55,3.0272727,3.265742551712763
99106,117,2.8931625,3.083251380634879
99108,9,2.7777777,3.4136096340114785
99110,39,3.0,3.2966625770826017
99112,1231,3.4500406,3.4530858094574977
99114,10049,4.000398,3.9980596167366746
99117,407,3.034398,3.088409162976288
99124,12,2.7916667,3.385531779258482
99126,6,3.3333333,3.5071958729199
99143,28,3.607143,3.5564483495859
99145,486,3.5997941,3.593102473821213
99149,1144,3.5489511,3.548076284590678
99171,6,3.5,3.525053024291992
99178,36,3.0277777,3.3186391342517942
99191,13,3.4615386,3.514332865911817
99217,33,3.2424242,3.4144936096237366
99220,114,3.3464913,3.40184744974462
99222,9,2.2222223,3.3288639036275574
99246,15,2.5,3.290814913236178
99258,6,3.25,3.4982673100062778
99294,9,2.8888888,3.4305587946358376
99305,83,3.7650602,3.675962141581944
99327,5,2.3,3.4164176203987817
99343,6,2.75,3.4446958814348494
99351,8,2.3125,3.3603960234543373
99355,7,3.142857,3.4807538400616562
99364,9,3.1111112,3.4644571158845547
99367,20,3.0,3.377185276576451
99371,42,2.8095238,3.200032280839008
99373,14,2.5,3.303171396255493
99387,17,3.4411764,3.506014453831004
99397,13,3.3461537,3.4905233004736522
99402,12,3.375,3.4984349896830897
99413,30,3.1333334,3.380037158727646
99415,49,2.9183674,3.2262926390676787
99417,9,2.7222223,3.405135090068235
99434,14,3.0357144,3.420358918607235
99437,252,3.3234127,3.3572945657944837
99441,8,3.25,3.4897063682819236
99452,6,3.0833333,3.480410158634186
99468,79,3.835443,3.7163020769755044
99470,64,3.140625,3.3105523628101015
99478,5,1.8,3.370963074944236
99487,19,2.1052632,3.136274938998015
99495,7,3.357143,3.5070696462664688
99502,16,2.84375,3.3621662024295693
99523,5,3.1,3.489144888791171
99525,12,2.375,3.3048866025863157
99530,69,3.7391305,3.6504451567385376
99537,44,3.409091,3.472372055053711
99549,14,3.107143,3.4359839111566544
99560,8,3.125,3.472464988971579
99574,127,3.2913387,3.3582089378335382
99594,5,2.8,3.461872165853327
99600,5,3.3,3.5073267113078725
99602,15,3.6333334,3.552353400450486
99607,6,2.9166667,3.4625530328069414
99613,5,3.3,3.5073267113078725
99615,8,2.1875,3.3431546441439925
99633,37,3.0675676,3.332218046846061
99636,26,3.4807692,3.511881150697407
99638,18,4.0277777,3.6603377566618076
99640,13,3.8076923,3.585761414633857
99642,26,3.3653846,3.472407479035227
99644,5,2.6,3.4436903433366255
99669,16,3.28125,3.4682268084901753
99675,12,3.7083333,3.562951103333504
99677,6,2.5833333,3.4268387300627574
99687,10,2.55,3.3650494813919067
99691,7,2.857143,3.445666137494539
99695,17,3.0,3.394074169557486
99708,8,3.125,3.472464988971579
99721,53,2.3962264,2.9456598920729555
99728,510,3.2431374,3.2685768263680592
99731,11,2.5454545,3.3508683423526953
99733,5,2.5,3.434599442915483
99739,6,2.0833333,3.3732673014913286
99741,82,3.2865853,3.3780527765100654
99744,11,2.6818182,3.375458525829628
99746,17,2.8529413,3.356760761631069
99750,154,3.383117,3.4186420651043163
99764,153,3.9052289,3.8123299699698765
99768,5,3.0,3.4800539883700283
99787,66,2.1818182,2.762094600447293
99795,40,3.5375,3.532255172729492
99809,7,3.357143,3.5070696462664688
99811,32,3.671875,3.584182553175019
99820,7,1.3571428,3.261455596539012
99822,10,1.95,3.2650494972864785
99826,6,3.5,3.525053024291992
99839,20,3.25,3.448613848005022
99841,22,3.4545455,3.505596809917026
99843,14,3.6785715,3.5609839037060738
99846,22,3.409091,3.491707934273614
99855,5,3.0,3.4800539883700283
99889,12,3.4583333,3.5145640065593104
99906,18,3.0833333,3.410337763674119
99910,381,3.0643044,3.1181042399041337
99912,395,3.0556962,3.1087707589181623
99915,5,3.2,3.49823581088673
99917,379,3.5870712,3.580193348975726
99925,5,3.5,3.5255085338245737
99957,159,3.0251572,3.1454687380904787
99960,5,4.1,3.5800539797002617
99962,7,3.357143,3.5070696462664688
99964,16,3.5,3.521257111520478
99968,39,3.0769231,3.3303704663608853
99986,42,3.5238094,3.5261191907136338
99989,7,3.642857,3.542157348833586
99992,42,3.1904762,3.3739453139512436
99996,62,3.387097,3.450026571750641
99999,5,3.6,3.5345994342457163
100008,10,3.65,3.548382838567098
100017,14,3.107143,3.4359839111566544
100032,12,3.5416667,3.5306930695810625
100034,24,3.1875,3.417607694058805
100036,14,3.25,3.467233896255493
100038,8,3.5625,3.5328098165577857
100044,54,4.148148,3.8500285056921153
100046,16,3.53125,3.528832869096236
100048,7,3.2857144,3.4982977206246897
100052,8,2.0625,3.325913264833648
100056,5,2.4,3.4255085424943403
100058,15,3.4333334,3.506199543292706
100060,17,3.735294,3.5806413301781044
100062,12,3.5,3.5226285380701863
100070,8,3.375,3.5069477475922683
100072,5,3.2,3.49823581088673
100075,6,2.9166667,3.4625530328069414
100083,259,2.2432432,2.4511422740602957
100087,10,3.1,3.4567161401112876
100106,128,3.8007812,3.7241739851705145
100108,296,3.1993244,3.246829429802867
100138,14,4.25,3.685983896255493
100143,6,3.0,3.471481595720564
100150,13,3.2307692,3.4667137842329723
100157,11,3.2272727,3.4738191737503303
100159,127,3.4015749,3.437304945315345
100163,601,2.9184692,2.965288714146651
100169,46,3.0,3.2750309308369956
100173,5,1.7,3.3618721745230933
100185,31,3.6290324,3.5667033695880277
100194,20,3.45,3.5057567187717984
100196,11,3.909091,3.5967700051479654
100205,10,3.3,3.4900494813919067
100210,7,3.857143,3.5684731550383986
100238,22,3.3636363,3.4778189857800803
100240,5,3.7,3.5436903563412754
100244,216,3.4629629,3.4751990540583333
100248,10,3.1,3.4567161401112876
100272,41,3.7560976,3.63080185848278
100277,25,3.42,3.492039616902669
100287,5,3.7,3.5436903563412754
100289,10,3.8,3.57338281472524
100302,276,3.2028985,3.252769803708316
100304,20,3.2,3.434328147343227
100322,24,3.125,3.3973374237885348
100326,121,3.1859505,3.285982350856937
100328,10,3.15,3.4650495052337646
100336,28,3.625,3.5628585815429688
100344,119,3.5882354,3.5704318306149814
100359,36,2.7361112,3.1965461775313977
100365,6,3.3333333,3.5071958729199
100383,887,3.5721533,3.569800398011345
100385,5,2.7,3.4527812654321846
100390,430,2.8593023,2.9289644807577133
100397,68,2.75,3.0796861810199285
100401,23,3.0,3.3616845117856378
100406,5,3.3,3.5073267113078725
100426,22,3.4318182,3.4986523720953198
100436,73,3.869863,3.730918461714334
100438,16,2.1875,3.20307529333866
100440,69,3.6304348,3.587419892559532
100442,12,2.7916667,3.385531779258482
100444,17,3.5882354,3.543327922251687
100457,8,2.0625,3.325913264833648
100469,37,2.4594595,3.073597384595323
100485,25,3.38,3.4787062962849933
100487,259,3.1640928,3.2229870523063884
100492,6,2.75,3.4446958814348494
100498,603,2.6475954,2.715012249501157
100505,8,3.1875,3.481085678626751
100507,151,2.9668875,3.10648247733045
100509,22,3.659091,3.5680968231625028
100511,17,3.8235295,3.6030294112305143
100513,9,2.8888888,3.4305587946358376
100515,27,3.5185184,3.524713863026012
100517,5,3.7,3.5436903563412754
100527,222,3.587838,3.5768492309486164
100529,8,2.875,3.437982230350889
100538,13,3.5,3.522269354926215
100540,17,3.2941177,3.4687010459045866
100556,404,3.9529703,3.9061739140145053
100562,8,3.5625,3.5328098165577857
100574,6,2.8333333,3.4536244443484714
100579,63,2.6349206,3.030114752001467
100581,107,3.3037384,3.3751781746080725
100588,5,3.4,3.516417633403431
100593,5,3.5,3.5255085338245737
100611,82,2.6341465,2.972749836517103
100714,1080,3.9189816,3.901684111198493
100717,40,3.05,3.315588527255588
100737,143,3.195804,3.2818806134357352
100739,5,2.8,3.461872165853327
100745,158,3.636076,3.6101104479569655
100810,163,3.1840491,3.2648027111107196
100836,5,3.0,3.4800539883700283
100843,95,3.6894736,3.6338135456216745
100882,49,3.5204082,3.524272412964792
100906,15,3.0,3.4061995286207933
100944,5,3.8,3.552781256762418
100946,7,3.0,3.4632099887780976
100948,8,3.3125,3.4983270579370958
101003,10,3.3,3.4900494813919067
101016,5,3.7,3.5436903563412754
101018,7,3.9285715,3.577245080680178
101025,390,3.0,3.0600067485462534
101060,32,2.515625,3.132963040979897
101064,5,2.9,3.4709630879488858
101068,7,3.0,3.4632099887780976
101070,69,3.673913,3.6126299705825935
101074,67,3.5149255,3.5205382607940936
101076,465,2.811828,2.8813649358101263
101079,18,3.6666667,3.564749570453868
101088,400,3.36,3.3786731719970704
101097,31,3.016129,3.3321354183149925
101104,7,3.4285715,3.5158415719082483
101106,108,3.726852,3.663942904411992
101112,731,2.9411764,2.978748947954361
101127,11,2.6818182,3.375458525829628
101137,152,3.25,3.3188265809918396
101142,675,3.4044445,3.4129696237629856
101158,5,3.2,3.49823581088673
101168,9,1.7777778,3.2610672793145907
101170,20,2.975,3.370042392185756
101180,12,2.75,3.3774672477476058
101186,51,3.509804,3.51884132564658
101207,61,3.3114755,3.409035817996876
101210,25,3.34,3.465372896194458
101218,20,3.5,3.5200424194335938
101222,8,2.6875,3.4121201613853716
101233,6,2.6666667,3.435767318521227
101235,12,3.4166667,3.5064995211939656
101243,14,2.892857,3.389108881354332
101247,8,2.875,3.437982230350889
101249,6,1.6666666,3.328624448605946
101258,13,2.8076923,3.3794122082846507
101260,25,2.72,3.258706267674764
101262,37,3.4594595,3.498884740917162
101273,16,2.59375,3.3015601418235083
101281,89,2.8426967,3.0892300194115947
101283,231,2.7857144,2.9178042454227433
101285,411,2.892944,2.9618286191770675
101296,69,3.173913,3.3227140041960386
101303,6,2.5,3.417910167149135
101319,5,3.7,3.5436903563412754
101322,7,3.0714285,3.4719819144198767
101335,6,3.3333333,3.5071958729199
101350,16,3.40625,3.4985298387932056
101352,8,3.25,3.4897063682819236
101360,232,3.439655,3.4553295906553876
101362,688,3.1998546,3.222090708207955
101379,10,1.45,3.1817161639531455
101413,17,2.9117646,3.371686088505076
101415,181,3.6740332,3.6424371091834393
101425,14,3.7857144,3.584421418607235
101428,9,2.7222223,3.405135090068235
101456,6,2.8333333,3.4536244443484714
101476,7,3.0,3.4632099887780976
101498,100,3.665,3.619353103637695
101525,769,3.63329,3.62686571387872
101527,43,3.5697675,3.547343771944764
101529,80,3.31875,3.3992535517765927
101531,32,2.96875,3.30979230927258
101536,7,3.857143,3.5684731550383986
101577,281,3.1120996,3.17493344505748
101579,7,3.7142856,3.5509292744753655
101583,5,2.7,3.4527812654321846
101590,8,3.5,3.524189126902613
101597,13,3.6923077,3.561951898393177
101599,16,2.6875,3.3242874145507812
101612,176,2.8693182,3.0150574371878025
101614,5,3.0,3.4800539883700283
101629,14,3.5,3.521921396255493
101640,29,3.1724138,3.3975059533420997
101648,13,3.2692308,3.4746503224448553
101653,5,4.1,3.5800539797002617
101662,5,2.1,3.39823579788208
101664,7,2.9285715,3.454438063136318
101670,13,3.2692308,3.4746503224448553
101674,6,2.5833333,3.4268387300627574
101685,5,4.0,3.570963079279119
101687,28,2.9285715,3.3128585937695627
101703,7,3.2857144,3.4982977206246897
101708,8,1.8125,3.291430506212958
101710,13,3.2307692,3.4667137842329723
101719,17,2.8235295,3.349298067946932
101739,337,3.292285,3.322746777103237
101741,392,3.3188775,3.342540572671329
101747,8,2.3125,3.3603960234543373
101756,14,2.9285715,3.3969214037060738
101761,79,2.8734176,3.127154736555824
101763,30,3.3,3.442537099123001
101765,31,3.580645,3.5481847774835282
101770,6,3.4166667,3.51612446137837
101801,8,3.375,3.5069477475922683
101827,5,2.8,3.461872165853327
101850,53,4.188679,3.86798997990136
101857,10,3.45,3.5150494972864785
101864,2385,3.5763102,3.5753193821995164
101872,6,3.4166667,3.51612446137837
101880,15,3.3666666,3.490814887560331
101884,9,2.2777777,3.337338447570801
101891,22,3.4545455,3.505596809917026
101893,89,2.8876405,3.1180069909678947
101895,346,3.7080925,3.6853610036349056
101904,33,3.560606,3.540999607867505
101918,6,3.8333333,3.5607673014913286
101938,5,2.5,3.434599442915483
101940,8,3.1875,3.481085678626751
101942,33,3.2121212,3.402445428342704
101947,7,3.2142856,3.4895257657034353
101962,271,3.9225092,3.861068413636395
101964,12,3.5833333,3.538757554946407
101969,18,3.8055556,3.601514262311599
101971,26,3.7692308,3.6105654114171077
101973,234,3.6132479,3.59824989882993
101975,9,2.2222223,3.3288639036275574
101997,131,2.091603,2.4884141861404503
101999,5,3.7,3.5436903563412754
102005,30,3.3,3.442537099123001
102033,430,3.0872092,3.133131116628647
102037,6,2.0833333,3.3732673014913286
102047,6,3.0,3.471481595720564
102062,37,3.5135136,3.521873232962071
102064,5,3.2,3.49823581088673
102066,48,3.1875,3.3612547893913423
102070,80,3.3375,3.4107921306903544
102072,79,3.1455696,3.2938214327937874
102088,118,3.177966,3.28216054326012
102111,7,3.2857144,3.4982977206246897
102113,5,1.9,3.380053986202587
102115,5,2.7,3.4527812654321846
102123,1242,3.278583,3.2882377067955653
102125,3912,3.5976481,3.596769941388688
102152,13,2.9230769,3.4032217245253307
102160,71,3.0140846,3.2264708625383616
102174,8,3.4375,3.515568437247441
102178,5,2.0,3.3891448974609375
102188,7,2.2142856,3.3667187481595757
102194,1110,3.6563063,3.6507783840442527
102245,24,3.0208333,3.3635536142297693
102263,11,2.6818182,3.375458525829628
102275,6,3.0,3.471481595720564
102286,28,3.0357144,3.3513201566842885
102294,13,3.4230769,3.506396327699934
102303,8,3.625,3.541430506212958
102354,27,2.425926,3.1415970201616163
102356,20,3.0,3.377185276576451
102378,45,3.1222222,3.335820712541279
102396,16,3.03125,3.4076207478841147
102407,1610,3.496584,3.497531994279609
102425,6,2.75,3.4446958814348494
102432,5,3.3,3.5073267113078725
102445,3928,3.7973523,3.7939675361322602
102469,24,3.2916667,3.4513915036175704
102481,644,3.0504658,3.084874580504228
102483,11,3.6363637,3.547589681187614
102485,7,3.9285715,3.577245080680178
102514,6,3.0833333,3.480410158634186
102517,16,3.46875,3.5136813539447207
102521,7,2.2142856,3.3667187481595757
102535,11,3.0,3.432835563284452
102557,11,3.1363637,3.4574257467613845
102588,113,3.6460178,3.609834230750616
102590,11,3.3636363,3.4984093142337485
102596,13,3.6538463,3.5540154093787786
102602,53,3.6981132,3.615562807009058
102604,17,3.264706,3.46123835222045
102662,14,2.4642856,3.2953588739037514
102666,198,3.9494948,3.8645280138138802
102677,15,2.9,3.383122627551739
102682,17,2.7941177,3.3418353742627955
102684,286,3.1398602,3.197627896354312
102686,814,2.9465601,2.980211720974357
102716,818,3.329462,3.340901990090647
102720,359,3.3022285,3.3298361447154745
102747,15,3.2333333,3.4600456861349254
102753,175,3.7657142,3.712901994917128
102760,12,3.625,3.5468220864572833
102777,7,3.5,3.5246134975500274
102798,17,3.3823528,3.49108906646273
102800,455,3.7571428,3.734461257953455
102807,5,3.5,3.5255085338245737
102819,185,3.3297298,3.37192758093489
102826,10,3.85,3.5817161401112876
102854,18,2.5555556,3.2706319093704224
102856,10,3.05,3.44838281472524
102868,6,3.5,3.525053024291992
102876,11,2.9545455,3.424638849789979
102880,582,2.3161511,2.412029958978484
102903,2149,3.6416938,3.6391100550630298
102905,92,3.1141305,3.2598801062140668
102941,25,3.4,3.485372956593831
102951,8,3.375,3.5069477475922683
102953,8,3.125,3.472464988971579
102956,34,3.5294118,3.528606789452689
102974,9,3.0,3.447507955260196
102989,11,3.9545455,3.604966718642438
102991,60,2.775,3.1172997734763404
102993,699,3.7410586,3.7268396827662102
102995,8,3.625,3.541430506212958
103008,5,2.7,3.4527812654321846
103017,49,3.7448978,3.6353834710939967
103027,148,3.445946,3.4666816875188036
103030,12,3.625,3.5468220864572833
103040,5,2.0,3.3891448974609375
103042,2345,3.259275,3.264886325485771
103048,367,3.5858312,3.57890409359829
103050,14,3.2142856,3.4594213739037514
103055,98,2.5969388,2.9115065980601953
103057,20,3.675,3.570042405809675
103059,40,3.6,3.56003295050727
103075,551,2.8793104,2.9332828335278047
103083,46,3.5652175,3.545864313840866
103085,42,2.7261906,3.1619888388592265
103105,8,2.3125,3.3603960234543373
103107,114,3.6008773,3.578676706407128
103120,9,2.0555556,3.3034401626910195
103137,339,2.8849556,2.967616794041925
103141,1693,3.6033669,3.601206568829027
103171,10,2.55,3.3650494813919067
103190,9,2.6666667,3.396660509756056
103203,23,3.5652175,3.539766736226539
103206,8,2.25,3.3517753337991647
103208,14,3.5,3.521921396255493
103210,92,3.6032608,3.5767814004924934
103219,92,3.0217392,3.2000209848645707
103221,16,2.65625,3.3167116569750235
103228,2180,3.3288991,3.333364621406179
103237,8,3.875,3.575913264833648
103249,2525,3.3233664,3.327341024621019
103253,2310,3.2748919,3.280255572270539
103255,54,3.398148,3.460605428769038
103259,13,1.9615384,3.204809031789265
103266,6,2.9166667,3.4625530328069414
103269,10,3.05,3.44838281472524
103273,5,2.4,3.4255085424943403
103275,42,3.4285715,3.482640986857207
103279,125,3.676,3.6337313379560197
103288,9,3.4444444,3.5153045613886946
103299,83,3.4698796,3.4917517174455455
103301,6,1.4166666,3.301838734320232
103306,390,3.3435898,3.364552237770774
103315,137,3.3978102,3.432636201062942
103317,6,3.0,3.471481595720564
103335,2051,3.684788,3.681058131417225
103339,677,3.2319055,3.2522736809112676
103341,1303,3.4915578,3.49290674823527
103343,5,1.3,3.3255085294896904
103363,6,2.5,3.417910167149135
103366,117,3.0299146,3.1790597581577873
103372,663,3.341629,3.3547026860262537
103384,738,3.0277777,3.0595214354810376
103388,5,3.4,3.516417633403431
103444,69,3.4130435,3.461369502444227
103449,36,2.5277777,3.109336808670399
103452,9,3.1111112,3.4644571158845547
103474,40,3.5875,3.554477479722765
103483,114,3.0789473,3.2158717207792327
103506,11,2.5454545,3.3508683423526953
103521,19,3.4736843,3.513086540111597
103523,6,2.8333333,3.4536244443484714
103525,15,3.3333333,3.4831225872039795
103528,7,3.0,3.4632099887780976
103534,7,3.5714285,3.533385423191807
103539,509,3.5854616,3.5803272489571616
103541,90,3.2055554,3.320735420499529
103543,52,2.5192308,3.0137546389710668
103547,16,2.0625,3.17277226303563
103549,49,3.6632652,3.594979449956104
103554,63,3.452381,3.4858669538413527
103561,13,3.3846154,3.4984598386855352
103606,208,3.8221154,3.7651278177897134
103621,54,3.5,3.5134900900033803
103624,235,3.6085107,3.5943964615202786
103639,44,3.7613637,3.637265682220459
103641,6,2.4166667,3.408981604235513
103651,13,2.5769231,3.3317931758032904
103655,336,2.6800594,2.7899039866393096
103657,7,3.0,3.4632099887780976
103661,15,3.4666667,3.5138918436490574
103665,28,3.3035715,3.4474739783849473
103671,5,1.6,3.3527812632647427
103685,41,3.109756,3.3395930227342543
103688,968,3.6126032,3.608450741571153
103721,38,2.3289473,3.0102609883655203
103727,123,2.7845528,2.9994391058221717
103736,32,3.390625,3.4744264556140436
103749,6,2.9166667,3.4625530328069414
103751,12,3.9166667,3.603273714742353
103753,8,4.125,3.6103960234543373
103755,231,3.0367966,3.1242098825257867
103772,1403,3.2216678,3.23221118090814
103784,7,3.5714285,3.533385423191807
103792,13,3.6538463,3.5540154093787786
103801,252,3.1765873,3.2347780789760563
103806,7,3.4285715,3.5158415719082483
103810,710,3.4556339,3.4603987147933557
103816,28,3.232143,3.4218329649705153
103819,29,3.137931,3.384847740583782
103825,16,2.375,3.2485298387932056
103849,74,3.7702703,3.6726046377612698
103867,54,3.5277777,3.527913111906785
103869,5,1.1,3.3073267178101973
103871,5,4.0,3.570963079279119
103873,5,3.4,3.516417633403431
103883,482,3.3029046,3.324065769525399
103908,6,2.6666667,3.435767318521227
103972,22,2.8181818,3.31115233235889
103974,6,3.25,3.4982673100062778
103980,1032,3.6124032,3.6085055680900755
103982,22,2.5454545,3.227819005648295
103984,383,3.8877285,3.8461962280317485
103990,6,2.0,3.3643387385777066
104013,6,3.25,3.4982673100062778
104033,6,2.9166667,3.4625530328069414
104035,5,2.4,3.4255085424943403
104050,8,2.9375,3.4466029200060615
104064,7,3.142857,3.4807538400616562
104072,15,3.7,3.5677380011631894
104074,273,2.9194138,3.013631387391696
104076,77,2.383117,2.8338816954394965
104078,195,3.4615386,3.4751142336397756
104085,7,2.642857,3.4193503312897264
104089,60,3.45,3.4854815656488594
104091,5,3.2,3.49823581088673
104093,21,3.7142856,3.5831403833040048
104097,19,3.1052632,3.4116372578385947
104099,12,3.0416667,3.4339188760326755
104123,14,2.0714285,3.2094213888049126
104126,6,3.9166667,3.5696958899497986
104132,5,2.0,3.3891448974609375
104135,8,2.75,3.420740851040544
104137,73,3.1780822,3.320349365715089
104155,28,3.1964285,3.409012415470221
104177,12,3.375,3.4984349896830897
104211,1190,3.4638655,3.46645398101499
104218,217,2.4331796,2.6382132817743424
104224,6,3.5833333,3.533981587205614
104231,40,3.2375,3.3989218605889215
104233,6,3.5,3.525053024291992
104241,933,3.1597,3.178436410754525
104243,829,3.3703258,3.3792981350109983
104245,151,2.794702,2.9771292506165765
104272,431,3.7946637,3.7669501250102466
104274,81,2.925926,3.1557478850124445
104280,9,2.6666667,3.396660509756056
104283,451,3.8980045,3.861083858741258
104298,17,2.7058823,3.3194472932103856
104303,285,3.005263,3.083292388204318
104312,244,3.0942624,3.1680373658939285
104314,10,3.35,3.498382806777954
104317,6,3.9166667,3.5696958899497986
104319,18,3.6944444,3.5721024835810944
104321,23,2.9782608,3.3548351607910574
104335,5,1.7,3.3618721745230933
104337,364,3.5123627,3.5142584515078634
104339,242,3.3987603,3.4209005702031803
104350,32,3.6875,3.590280114150629
104356,23,3.6086957,3.5534653630975175
104361,56,3.205357,3.357575146657116
104374,2106,3.9423077,3.932700838582635
104379,25,2.9,3.3187062899271647
104384,19,3.5,3.5203328892804575
104386,15,2.9333334,3.3908149279080906
104388,5,1.7,3.3618721745230933
104390,10,3.75,3.565049489339193
104392,10,3.0,3.440049489339193
104406,30,3.6333334,3.567537158727646
104408,17,2.9411764,3.3791487821892128
104414,5,3.1,3.489144888791171
104423,16,3.96875,3.634893475156842
104431,23,3.0869565,3.3890817655275947
104441,153,3.133987,3.231049126592176
104457,239,3.3472803,3.378556928832638
104513,8,1.9375,3.3086718855233026
104518,17,2.7941177,3.3418353742627955
104520,43,3.6627908,3.590354545142061
104540,6,2.9166667,3.4625530328069414
104542,5,1.8,3.370963074944236
104546,5,2.0,3.3891448974609375
104552,15,2.6,3.313891814305232
104561,7,2.7857144,3.4368942118527595
104576,18,3.3055556,3.4691613211351284
104583,27,3.074074,3.3688697164708916
104590,8,3.25,3.4897063682819236
104604,6,2.9166667,3.4625530328069414
104608,5,2.4,3.4255085424943403
104631,56,3.0892856,3.29625437394628
104636,42,3.9880953,3.738075774648915
104638,10,2.25,3.315049489339193
104669,14,3.1785715,3.4516089037060738
104671,9,1.4444444,3.2102198156259827
104685,25,3.16,3.405372953414917
104712,57,3.6403508,3.5878781871260883
104728,18,2.1666667,3.1676907469244564
104733,10,2.95,3.4317161639531455
104736,56,3.1160715,3.310405389317926
104757,13,3.4230769,3.506396327699934
104760,43,2.0581396,2.8484190381983274
104762,14,2.4642856,3.2953588739037514
104807,13,3.7307692,3.5698883874075755
104829,22,3.3863637,3.4847634964519076
104841,5631,3.6922393,3.690794293340338
104843,7,2.9285715,3.454438063136318
104854,5,3.6,3.5345994342457163
104863,224,3.5200894,3.5215437673304204
104867,11,2.8181818,3.4000486663130465
104875,34,3.6029413,3.558368722597758
104879,2161,3.9194818,3.910630049936268
104881,224,3.2767856,3.322638490774336
104883,36,3.1805556,3.3825926780700684
104903,14,3.5357144,3.529733918607235
104906,93,3.3172042,3.3909298139852244
104908,273,3.3040292,3.338708817774297
104913,1798,3.8854282,3.875759120885428
104920,13,4.1153846,3.6492534743414984
104923,11,3.7272727,3.5639831081765596
104925,263,3.1121674,3.1786037847256887
104944,650,3.96,3.9291471345084052
104947,16,2.90625,3.3773177175810845
104959,9,3.4444444,3.5153045613886946
104969,6,2.6666667,3.435767318521227
104975,17,3.4705882,3.5134771475151405
104984,9,2.7777777,3.4136096340114785
104998,20,3.4,3.4914710181100026
105011,10,4.1,3.623382806777954
105028,24,3.3541667,3.4716617738878406
105037,158,3.091772,3.1966488361358643
105040,6,2.1666667,3.3821958899497986
105044,5,3.3,3.5073267113078725
105049,6,3.5,3.525053024291992
105053,25,3.16,3.405372953414917
105084,5,3.4,3.516417633403431
105086,10,2.15,3.298382838567098
105121,8,2.5,3.3862580924198546
105128,15,3.2666667,3.4677379864912767
105130,18,3.1388888,3.425043653039371
105133,22,3.0227273,3.3736523456043668
105147,5,2.9,3.4709630879488858
105157,7,3.4285715,3.5158415719082483
105159,29,3.2931035,3.4418097417565843
105178,5,1.6,3.3527812632647427
105181,5,1.6,3.3527812632647427
105193,8,3.5,3.524189126902613
105197,600,3.7358334,3.719850789583646
105204,7,2.5,3.401806480006168
105206,9,3.3333333,3.498355400764336
105211,296,3.4493244,3.460702262172809
105213,884,3.161199,3.180838294917562
105215,6,3.5833333,3.533981587205614
105217,18,2.9166667,3.3662201586891625
105223,7,3.5,3.5246134975500274
105227,10,3.85,3.5817161401112876
105246,83,3.4036145,3.4503983053049647
105250,116,3.9094827,3.7945961722408432
105254,50,3.07,3.2990296602249147
105266,8,3.0,3.4552236096612337
105288,5,1.8,3.370963074944236
105290,6,3.3333333,3.5071958729199
105302,11,3.5454545,3.5311962112051543
105314,5,1.9,3.380053986202587
105340,20,3.725,3.5843281064714705
105343,29,3.9827585,3.694974259485172
105345,14,2.607143,3.3266089111566544
105351,121,2.9256198,3.1017717548281127
105355,748,3.7941177,3.7774473694631627
105357,10,2.3,3.32338281472524
105364,14,3.357143,3.4906714111566544
105368,7,3.0714285,3.4719819144198767
105375,18,3.2222223,3.44710251864265
105404,6,3.1666667,3.489338747092656
105420,47,3.468085,3.4989996570901774
105423,7,3.5,3.5246134975500274
105429,69,3.905797,3.747083720038919
105453,9,3.1666667,3.472931696196734
105468,329,3.3100305,3.3387941710238094
105477,19,3.0526316,3.3971444938493813
105484,9,3.1111112,3.4644571158845547
105492,9,2.2222223,3.3288639036275574
105495,8,3.1875,3.481085678626751
105504,2230,3.8206277,3.8142117178230954
105509,14,3.357143,3.4906714111566544
105519,64,3.0625,3.2666927136872945
105531,33,3.2424242,3.4144936096237366
105585,209,2.9258373,3.042096372736927
105593,282,3.5,3.5042258113263602
105597,22,2.8181818,3.31115233235889
105599,5,1.7,3.3618721745230933
105608,7,2.7142856,3.4281222569315055
105620,20,3.025,3.384328160967146
105653,573,3.2958114,3.314450898866975
105703,29,3.4310346,3.4924426803105995
105709,12,3.0,3.4258543445217993
105715,22,2.8863637,3.33198571867413
105720,5,3.4,3.516417633403431
105731,296,2.7567568,2.8682166965021563
105742,111,3.0765765,3.216788557005225
105753,7,2.7857144,3.4368942118527595
105755,211,2.6113744,2.786984533185703
105769,123,3.4756098,3.4907686255570782
105778,20,3.7,3.5771852902003696
105799,35,3.3428571,3.4517996311187744
105801,51,2.5294118,3.023791790008545
105811,14,2.2857144,3.256296418607235
105813,10,2.85,3.4150494734446206
105825,5,3.7,3.5436903563412754
105835,226,3.4579647,3.4706629791121553
105837,12,2.5833333,3.345209167849633
105844,2435,3.867351,3.860524261021758
105855,25,3.24,3.4320395946502686
105863,16,3.5,3.521257111520478
105869,120,3.3208334,3.381782251245835
105888,5,3.5,3.5255085338245737
105892,5,2.7,3.4527812654321846
105928,7,3.2142856,3.4895257657034353
105943,21,3.8333333,3.618351657625655
105952,15,3.6,3.544661045074463
105954,310,3.4741936,3.4816749360826282
105972,8,3.0,3.4552236096612337
106002,1613,3.4305642,3.4334954706502834
106011,102,3.8676472,3.7559406631871273
106019,6,3.1666667,3.489338747092656
106022,124,3.516129,3.5195572842126603
106030,119,2.840336,3.0438045171590953
106054,8,3.375,3.5069477475922683
106059,7,3.5,3.5246134975500274
106062,259,2.9671814,3.0579383928798936
106072,2196,3.4234972,3.425824942380747
106094,14,2.607143,3.3266089111566544
106100,3015,3.9048092,3.8986632357219304
106109,16,3.375,3.4909540812174478
106111,16,3.6875,3.5667116569750235
106138,14,2.7857144,3.365671418607235
106144,52,3.7403846,3.636303602480421
106147,6,3.5833333,3.533981587205614
106156,11,3.3636363,3.4984093142337485
106158,10,3.15,3.4650495052337646
106163,52,3.5096154,3.5186565810558843
106170,11,3.8181818,3.5803765351655055
106173,9,3.7777777,3.5661520068928345
106195,100,3.36,3.4160197257995604
106204,33,3.530303,3.528951426586473
106212,13,3.3846154,3.4984598386855352
106214,8,3.4375,3.515568437247441
106226,9,2.8888888,3.4305587946358376
106230,5,3.5,3.5255085338245737
106234,29,3.4310346,3.4924426803105995
106236,32,3.390625,3.4744264556140436
106240,72,2.6458333,3.0074013412975873
106243,10,2.8,3.4067161480585733
106254,24,3.25,3.437877964329075
106297,5,2.2,3.407326719977639
106300,22,2.909091,3.3389301564958362
106326,6,3.6666667,3.542910175664084
106330,280,3.232143,3.276978752829812
106332,49,3.7857144,3.655585599668098
106397,5,3.5,3.5255085338245737
106421,17,3.2058823,3.4463129648521766
106438,653,3.7526798,3.73670397578059
106441,526,3.7404943,3.7220537248584957
106443,20,3.1,3.4057566779000417
106452,216,3.7476852,3.706402147622933
106471,20,3.05,3.3914709772382463
106473,19,3.1842105,3.433376370996669
106487,4483,3.6072943,3.6064203420854053
106489,3682,3.6652634,3.663425203943815
106491,439,3.0364466,3.0867137304356738
106498,12,2.75,3.3774672477476058
106501,7,2.142857,3.3579468225177966
106503,17,3.8529413,3.610492104914651
106508,37,2.8108108,3.2230226335854364
106538,7,2.642857,3.4193503312897264
106540,189,2.984127,3.0979204217759135
106542,60,3.2,3.3491179292852227
106559,11,1.9545455,3.24431098093752
106583,5,2.6,3.4436903433366255
106590,15,2.4666667,3.2831226128798265
106594,8,3.8125,3.567292575178475
106614,6,3.0833333,3.480410158634186
106624,21,3.7142856,3.5831403833040048
106696,2961,3.5780141,3.5771845978623174
106734,5,2.6,3.4436903433366255
106745,7,3.2142856,3.4895257657034353
106762,80,3.66875,3.6146382551926832
106766,811,3.6738594,3.6653924605849175
106782,5941,3.826965,3.824470470791726
106785,212,3.3231132,3.3622250702544934
106839,57,3.3421052,3.4289996534864478
106841,276,3.4927535,3.4981685182068247
106848,8,2.0,3.317292575178475
106852,14,3.5714285,3.5375463888049126
106863,12,3.3333333,3.4903704581722135
106868,12,2.875,3.4016607961347027
106870,44,2.5681818,3.078754962758815
106877,5,2.8,3.461872165853327
106879,8,2.0625,3.325913264833648
106881,10,3.2,3.473382830619812
106883,23,2.2826087,3.1356571308554035
106889,129,3.9534883,3.8346534441303275
106892,16,3.65625,3.559135899399266
106895,10,3.0,3.440049489339193
106906,7,2.5,3.401806480006168
106916,2187,3.6008232,3.5991967943666445
106918,1519,3.674786,3.6701102876754383
106920,4537,3.8765705,3.8727715632898345
106927,12,3.125,3.4500478929088962
106967,7,3.4285715,3.5158415719082483
106983,81,3.648148,3.602312688609116
106986,7,3.357143,3.5070696462664688
106998,5,3.4,3.516417633403431
107000,11,4.0454545,3.6213601456313835
107002,8,3.375,3.5069477475922683
107004,14,2.75,3.357858896255493
107022,5,2.3,3.4164176203987817
107024,26,3.5769231,3.5447759314587244
107028,7,3.2142856,3.4895257657034353
107042,21,3.6904762,3.5760981566469434
107052,30,3.4,3.4800371527671814
107061,5,2.9,3.4709630879488858
107069,665,3.6300752,3.622941242231356
107081,18,3.7222223,3.5794554598191204
107083,24,3.5,3.5189590454101562
107085,7,3.2142856,3.4895257657034353
107102,7,3.0,3.4632099887780976
107117,34,3.4117646,3.480987696420579
107130,41,3.902439,3.6967359689565806
107137,27,3.0185184,3.3493891877013366
107141,852,3.6619718,3.654548724316176
107159,13,3.6153846,3.546078871166895
107185,6,3.0833333,3.480410158634186
107188,6,3.0,3.471481595720564
107196,48,3.5729167,3.5500303385209064
107215,5,2.9,3.4709630879488858
107274,12,3.2916667,3.482305972806869
107302,6,1.9166666,3.3554101628916606
107304,16,3.625,3.5515601418235083
107306,14,3.392857,3.498483881354332
107309,10,3.6,3.5400494734446206
107314,179,2.9106145,3.0454277867313033
107334,20,3.575,3.541471004486084
107348,758,2.9815304,3.0153502892739703
107350,7,3.7142856,3.5509292744753655
107352,12,2.9166667,3.4097253276455786
107354,12,3.0833333,3.44198336139802
107357,8,2.875,3.437982230350889
107359,13,2.9615386,3.4111582627372137
107361,10,3.25,3.4817161560058594
107368,16,3.125,3.430348020611387
107380,12,3.4166667,3.5064995211939656
107382,5,3.6,3.5345994342457163
107400,9,3.5,3.523779141700874
107406,1719,3.4682956,3.4699847718428054
107408,24,3.6875,3.579769856220967
107410,52,3.8173077,3.6755193168041753
107412,51,4.107843,3.8208213702286824
107426,12,3.1666667,3.458112424419772
107436,55,3.090909,3.2990758532569524
107445,10,3.2,3.473382830619812
107447,27,2.851852,3.290947684993992
107462,19,3.0,3.3826517298601675
107477,12,4.0,3.6194027316185737
107501,6,2.25,3.3911244528634206
107516,6,2.25,3.3911244528634206
107537,13,3.1538463,3.4508408062041753
107539,12,3.125,3.4500478929088962
107541,22,2.9318182,3.345874594317542
107557,16,2.3125,3.2333783236416904
107563,21,3.4047618,3.491591084171349
107565,46,3.4565217,3.493780935804049
107614,7,2.5714285,3.410578405647947
107630,18,2.6944444,3.307396601228153
107649,53,3.6037736,3.5670191246329
107653,24,3.5208333,3.5257157763919316
107658,9,3.1111112,3.4644571158845547
107662,5,3.6,3.5345994342457163
107671,5,3.0,3.4800539883700283
107673,6,3.0,3.471481595720564
107675,11,3.6363637,3.547589681187614
107682,5,2.4,3.4255085424943403
107684,16,2.03125,3.165196505459872
107692,8,2.875,3.437982230350889
107700,12,3.4583333,3.5145640065593104
107702,94,3.037234,3.2076595260037317
107704,14,0.5714286,2.8812964018434286
107707,32,3.296875,3.437841089760385
107710,5,3.8,3.552781256762418
107723,14,3.107143,3.4359839111566544
107725,9,4.111111,3.6169994887659107
107737,24,2.8125,3.2959860724371834
107740,6,2.5,3.417910167149135
107747,5,2.1,3.39823579788208
107756,40,2.85,3.226699617173937
107758,7,2.0,3.340402971234238
107769,82,2.4695122,2.8704770586707373
107771,477,3.7054508,3.6886204709590498
107846,8,3.25,3.4897063682819236
107848,9,3.5555556,3.532253722013053
107877,7,1.9285715,3.3316310455924585
107883,170,3.9382353,3.8450134884227407
107885,8,3.4375,3.515568437247441
107890,11,3.2272727,3.4738191737503303
107901,7,3.357143,3.5070696462664688
107910,39,3.5512822,3.5382356616888155
107916,36,3.0972223,3.3477089904075443
107949,30,3.1833334,3.3987871408462524
107951,7,3.0714285,3.4719819144198767
107953,70,3.3714285,3.4366913636525473
107958,12,2.6666667,3.361338230871385
107987,34,2.3382354,3.046463955016363
107990,9,3.2777777,3.4898808204521568
108010,5,3.2,3.49823581088673
108041,32,3.359375,3.462231333662824
108056,15,3.7333333,3.5754303015195408
108078,68,3.4926472,3.5076523473707297
108085,28,2.8035715,3.2679867988977676
108143,25,3.34,3.465372896194458
108149,10,3.8,3.57338281472524
108156,180,3.0277777,3.1365345664646314
108158,7,3.0714285,3.4719819144198767
108160,5,3.2,3.49823581088673
108188,478,3.1987448,3.22992986982519
108190,1684,3.3417459,3.3471182159899016
108200,19,2.9210527,3.3609126167020937
108209,5,2.8,3.461872165853327
108212,21,3.2619047,3.449337583192637
108220,33,3.5454545,3.534975517226989
108237,8,2.875,3.437982230350889
108243,29,1.9827586,2.960797088055671
108255,8,2.625,3.4034994717301994
108282,5,3.2,3.49823581088673
108285,10,3.0,3.440049489339193
108289,19,3.2105262,3.4406227201655293
108318,26,2.8076923,3.2816180116251896
108328,5,3.7,3.5436903563412754
108342,6,3.75,3.5518387385777066
108427,5,3.0,3.4800539883700283
108445,11,3.090909,3.4492289902733977
108447,9,3.0555556,3.4559825355723754
108466,7,3.2857144,3.4982977206246897
108473,8,3.25,3.4897063682819236
108476,6,3.5,3.525053024291992
108488,8,3.125,3.472464988971579
108506,13,2.8846154,3.395285235510932
108508,10,3.2,3.473382830619812
108514,31,3.6612904,3.5790490368266163
108516,6,3.1666667,3.489338747092656
108529,7,2.9285715,3.454438063136318
108534,9,3.2777777,3.4898808204521568
108551,5,3.5,3.5255085338245737
108566,24,4.0625,3.7013914778425887
108571,26,3.3461537,3.4658285065701135
108575,21,3.3333333,3.470464333681993
108579,15,3.1333334,3.4369687850658712
108599,20,2.95,3.3628995759146556
108601,5,3.4,3.516417633403431
108647,20,3.45,3.5057567187717984
108660,24,3.5,3.5189590454101562
108663,5,3.0,3.4800539883700283
108689,186,2.5887096,2.7877243797657854
108715,53,3.2641509,3.392261794469889
108727,506,3.5454545,3.5438901932119466
108729,497,3.4004023,3.4120711447769807
108754,6,3.9166667,3.5696958899497986
108760,38,3.3026316,3.430715577168898
108773,5,3.0,3.4800539883700283
108778,42,3.5119047,3.5206844288369883
108780,97,3.3556702,3.4143059870012764
108787,32,3.640625,3.5719874312237994
108789,5,3.3,3.5073267113078725
108791,26,3.4423077,3.4987232873314307
108797,14,3.0357144,3.420358918607235
108811,14,1.9642857,3.1859838999807835
108825,57,3.6140351,3.573859549014368
108864,22,3.090909,3.394485659069485
108871,16,3.375,3.4909540812174478
108873,11,3.7272727,3.5639831081765596
108879,33,2.969697,3.3060598833015167
108899,32,3.171875,3.389060601955507
108928,515,3.0553398,3.097173403849644
108932,2958,3.6975996,3.6947814934748284
108938,5,3.8,3.552781256762418
108940,11,3.0,3.432835563284452
108945,845,2.9514792,2.9836903803841364
108949,76,3.3355262,3.411928275274852
108977,57,3.8245614,3.6860090349322165
108981,409,3.4400978,3.449679680119932
108983,270,3.8777778,3.823134310543537
109000,10,3.6,3.5400494734446206
109004,9,3.2222223,3.4814062765089133
109015,6,3.0833333,3.480410158634186
109027,8,3.3125,3.4983270579370958
109042,64,2.8046875,3.1219558715820312
109055,6,2.75,3.4446958814348494
109064,11,3.090909,3.4492289902733977
109072,102,2.7892158,3.032256455797898
109074,11,2.8181818,3.4000486663130465
109096,10,2.8,3.4067161480585733
109151,6,2.8333333,3.4536244443484714
109153,10,3.7,3.5567161639531455
109155,12,3.3333333,3.4903704581722135
109157,85,3.235294,3.3437256901352495
109159,8,2.3125,3.3603960234543373
109181,60,3.325,3.417299747467041
109183,24,3.2083333,3.4243644250405803
109185,8,3.125,3.472464988971579
109187,243,3.090535,3.1651978028919103
109189,58,3.4827585,3.5037311447991266
109191,131,3.1374047,3.245320345156759
109197,10,2.65,3.381716171900431
109199,13,3.1538463,3.4508408062041753
109205,5,3.1,3.489144888791171
109241,10,2.25,3.315049489339193
109243,114,3.4078948,3.444530379481432
109265,9,2.7222223,3.405135090068235
109277,13,1.7692307,3.1651264883223034
109280,22,3.5681818,3.5403189990255566
109282,6,3.25,3.4982673100062778
109295,16,2.71875,3.331863172126539
109313,15,3.1,3.4292764296898475
109317,23,2.5869565,3.2315475189522522
109321,26,3.1346154,3.3934601357108667
109323,7,3.2857144,3.4982977206246897
109330,17,3.6764705,3.565715942809831
109351,10,3.4,3.506716171900431
109359,7,2.4285715,3.3930345543643883
109364,27,3.7407408,3.602635978104232
109366,5,3.0,3.4800539883700283
109368,7,2.642857,3.4193503312897264
109372,37,2.9594595,3.2862410627562424
109374,5899,3.9960163,3.992083192212298
109376,57,3.1842105,3.344887570800068
109383,7,3.2142856,3.4895257657034353
109385,5,3.2,3.49823581088673
109388,11,3.409091,3.5066060707217357
109390,16,3.65625,3.559135899399266
109399,9,2.5,3.371236768819518
109420,40,2.8125,3.210032992892795
109423,36,3.3055556,3.4349182594654173
109425,46,3.4347825,3.4833642144997916
109448,7,3.2142856,3.4895257657034353
109450,5,3.7,3.5436903563412754
109452,38,3.5263157,3.5273064266551626
109455,12,3.5416667,3.5306930695810625
109457,7,3.7142856,3.5509292744753655
109461,17,2.8823528,3.3642233948209395
109463,11,3.409091,3.5066060707217357
109470,8,2.9375,3.4466029200060615
109472,50,2.93,3.229029726982117
109483,250,3.244,3.2913431962331137
109485,14,3.7142856,3.5687963739037514
109487,9843,4.0491214,4.046487891564388
109489,10,3.1,3.4567161401112876
109492,9,3.3888888,3.5068299810765153
109569,202,3.1064355,3.190091063105871
109576,26,2.6153846,3.215828531666806
109578,703,3.4615932,3.4660065797853914
109580,14,3.25,3.467233896255493
109596,35,3.7142856,3.6047407739302693
109598,6,4.1666665,3.596481578690665
109607,33,2.8636363,3.263891154024974
109621,7,2.857143,3.445666137494539
109627,19,3.2105262,3.4406227201655293
109629,29,3.3448277,3.460797104654433
109633,93,3.8387096,3.7300906398079614
109635,11,3.6363637,3.547589681187614
109673,665,2.887218,2.93203208163068
109675,12,3.0416667,3.4339188760326755
109684,13,3.2692308,3.4746503224448553
109687,85,3.9,3.7622442775302463
109697,18,3.4722223,3.5132789892308853
109713,5,1.1,3.3073267178101973
109720,47,2.8404255,3.1948759531237414
109723,23,2.826087,3.3068900043017244
109728,16,3.28125,3.4682268084901753
109733,26,2.75,3.2618811757940995
109738,7,3.4285715,3.5158415719082483
109740,153,3.4607842,3.477354440783045
109742,75,3.48,3.4992237663269044
109769,28,3.5535715,3.5372175681285367
109773,6,2.5,3.417910167149135
109781,24,3.8541667,3.6338239360500024
109800,6,3.1666667,3.489338747092656
109802,32,3.703125,3.5963776751262384
109810,5,3.1,3.489144888791171
109846,207,3.294686,3.340089446375806
109848,601,3.2911813,3.3093747253974644
109850,297,2.956229,3.0386252849864683
109853,64,3.53125,3.5298506084241366
109858,6,3.0,3.471481595720564
109864,276,3.2626812,3.3033834147307037
109887,6,3.4166667,3.51612446137837
109889,16,4.03125,3.650044990308357
109893,5,3.0,3.4800539883700283
109895,216,3.3287036,3.3661765263492898
109897,12,3.0416667,3.4339188760326755
109923,5,2.5,3.434599442915483
109925,10,3.65,3.548382838567098
109931,5,4.3,3.5982358238913794
109935,6,3.0,3.471481595720564
109941,31,2.8709676,3.276579824494727
109943,5,2.6,3.4436903433366255
109945,9,2.8333333,3.422084214323658
109947,6,3.1666667,3.489338747092656
109951,5,3.8,3.552781256762418
109953,11,2.9545455,3.424638849789979
109963,16,3.53125,3.528832869096236
109968,25,3.74,3.598706261316935
109971,27,3.0370371,3.355882753025402
109989,5,3.4,3.516417633403431
109991,8,3.75,3.5586718855233026
109993,12,2.625,3.3532736993605092
110030,8,3.1875,3.481085678626751
110044,11,3.0,3.432835563284452
110058,9,3.6666667,3.549202882637412
110070,10,2.9,3.423382838567098
110102,3584,3.7260044,3.72328084841756
110104,8,3.0625,3.4638442993164062
110106,10,3.1,3.4567161401112876
110110,144,3.71875,3.669602934847173
110127,696,2.755747,2.8075106393236258
110130,56,2.8482144,3.1688959913433723
110134,7,3.642857,3.542157348833586
110173,10,2.95,3.4317161639531455
110177,5,2.9,3.4709630879488858
110181,6,2.5,3.417910167149135
110194,38,3.5,3.515942833640359
110198,8,3.8125,3.567292575178475
110200,5,3.3,3.5073267113078725
110235,6,3.25,3.4982673100062778
110273,24,3.7291667,3.593283395509462
110281,8,3.375,3.5069477475922683
110295,80,2.2875,2.764638167161208
110297,161,3.0993788,3.2009618960285637
110314,5,2.8,3.461872165853327
110320,5,2.9,3.4709630879488858
110322,82,3.0365853,3.222749746207035
110324,11,3.590909,3.539392924699627
110328,35,3.6,3.557681953205782
110330,8,3.5,3.524189126902613
110339,6,3.25,3.4982673100062778
110346,18,3.3333333,3.4765142342623543
110350,16,3.53125,3.528832869096236
110372,5,2.7,3.4527812654321846
110380,17,2.9117646,3.371686088505076
110387,48,3.5208333,3.524520056588309
110407,191,3.2146597,3.279680374746995
110426,21,3.3095238,3.4634221070249316
110431,6,2.75,3.4446958814348494
110433,12,2.75,3.3774672477476058
110453,165,3.2575758,3.320478921712831
110457,5,3.2,3.49823581088673
110459,6,2.5,3.417910167149135
110461,70,3.5714285,3.5533580581347146
110484,11,3.0,3.432835563284452
110501,437,3.6864989,3.6702319919695845
110503,23,3.6086957,3.5534653630975175
110505,8,2.625,3.4034994717301994
110508,5,2.7,3.4527812654321846
110512,5,2.9,3.4709630879488858
110537,5,2.1,3.39823579788208
110548,9,2.9444444,3.439033374948017
110553,1148,3.1419861,3.1580993727172952
110557,6,3.3333333,3.5071958729199
110586,349,3.7406876,3.7140424681785413
110591,284,3.3045774,3.338032745315643
110593,7,3.357143,3.5070696462664688
110597,5,3.3,3.5073267113078725
110603,67,2.4104478,2.88805960997557
110611,84,3.202381,3.3239027208356715
110649,9,2.8888888,3.4305587946358376
110653,6,3.1666667,3.489338747092656
110655,163,3.1932516,3.271844984779895
110675,125,3.508,3.5137311799185618
110678,26,3.5,3.5184601231625208
110718,88,3.2102273,3.3253838221232095
110730,952,3.1691177,3.1870289515116497
110746,14,2.5357144,3.310983918607235
110748,11,2.7272727,3.3836552393241006
110750,39,2.7820513,3.2011569778570967
110765,5,3.1,3.489144888791171
110769,5,3.7,3.5436903563412754
110771,341,3.196481,3.238882319091836
110773,33,2.1666667,2.9867827949753725
110792,5,2.5,3.434599442915483
110796,38,3.4736843,3.5045792406255547
110809,135,2.7518518,2.9616376322668954
110813,12,3.0416667,3.4339188760326755
110826,62,2.830645,3.1419907552855357
110828,34,2.8382354,3.2488449073973156
110858,6,2.25,3.3911244528634206
110860,5,2.8,3.461872165853327
110867,9,2.6111112,3.3881859294438765
110871,23,3.5652175,3.539766736226539
110882,495,3.5939393,3.587895275255956
110892,6,3.0833333,3.480410158634186
110899,27,2.2222223,3.070168470407461
110921,7,3.0,3.4632099887780976
110968,161,2.5590062,2.788639667474828
110970,9,3.7777777,3.5661520068928345
110975,8,2.75,3.420740851040544
111113,772,3.1619172,3.18418863161927
111115,9,3.5,3.523779141700874
111119,6,2.75,3.4446958814348494
111126,6,3.1666667,3.489338747092656
111130,38,3.9605262,3.7148064320737664
111235,214,3.8668225,3.8026628042712356
111245,33,2.9848485,3.3120839739420327
111249,107,3.6214952,3.59173860367696
111251,90,3.2777777,3.36716399874006
111255,59,4.177966,3.8798437643488612
111259,27,2.648148,3.2195190516385166
111266,16,3.65625,3.559135899399266
111283,8,2.75,3.420740851040544
111287,16,2.875,3.3697419600053267
111290,9,3.9444444,3.5915757478293724
111303,12,3.5,3.5226285380701863
111314,10,3.7,3.5567161639531455
111320,36,2.9027777,3.2663135528564453
111332,5,3.8,3.552781256762418
111360,1920,3.0614583,3.0733010151664617
111362,4307,3.7996285,3.7965120271665667
111364,1132,2.9363956,2.9614237222171274
111373,19,2.6842105,3.295695211576379
111375,116,2.900862,3.0897768606622535
111384,293,3.6296928,3.61487742763219
111387,92,3.423913,3.460584264406016
111389,26,3.5384614,3.531617986528497
111403,6,3.9166667,3.5696958899497986
111439,7,2.142857,3.3579468225177966
111443,743,3.61642,3.610848741603529
111447,6,2.5833333,3.4268387300627574
111449,8,3.0625,3.4638442993164062
111499,5,2.4,3.4255085424943403
111509,5,2.6,3.4436903433366255
111551,68,3.0808823,3.2703641228756664
111553,9,3.1666667,3.472931696196734
111592,10,3.95,3.598382830619812
111603,5,3.2,3.49823581088673
111617,272,3.2518382,3.294729694816637
111622,621,3.7077296,3.6943413372722005
111624,9,3.1666667,3.472931696196734
111626,8,3.0,3.4552236096612337
111628,7,2.0,3.340402971234238
111630,25,2.6,3.218706226348877
111647,14,3.357143,3.4906714111566544
111659,1335,3.3524344,3.358774649107069
111661,76,3.0328948,3.22938871383667
111663,49,2.3367348,2.938413870455039
111680,21,3.2857144,3.4563798803678702
111696,5,3.3,3.5073267113078725
111704,7,3.4285715,3.5158415719082483
111732,33,3.8636363,3.6614815154707574
111734,25,2.58,3.212039566040039
111743,498,2.9538152,3.0062097624270585
111757,15,3.6,3.544661045074463
111759,5290,3.9203215,3.9166485986459567
111762,12,3.3333333,3.4903704581722135
111778,92,3.8641305,3.7457955991718133
111781,1620,3.6160493,3.613414861484916
111811,8,3.5625,3.5328098165577857
111813,7,3.142857,3.4807538400616562
111815,9,3.4444444,3.5153045613886946
111817,15,2.7,3.3369687703939586
111852,21,3.0,3.3718728078922755
111856,16,2.28125,3.2258025660659326
111880,7,3.5,3.5246134975500274
111887,11,2.9545455,3.424638849789979
111913,28,3.8392856,3.6397816217862644
111915,12,2.7916667,3.385531779258482
111921,1260,3.5880952,3.585803745357135
111924,49,3.4387755,3.4838683918268996
111931,14,2.607143,3.3266089111566544
112019,5,2.8,3.461872165853327
112066,18,3.1944444,3.4397495424046234
112070,114,3.122807,3.2463595750855236
112076,5,3.3,3.5073267113078725
112083,9,3.5555556,3.532253722013053
112085,14,2.9285715,3.3969214037060738
112087,144,3.5625,3.553623553403874
112138,1382,3.4442837,3.447208851742345
112171,972,3.519033,3.519474561433736
112173,7,3.2142856,3.4895257657034353
112175,2030,3.778325,3.7723090786200304
112183,3114,3.7456648,3.7422260636776947
112229,6,2.5833333,3.4268387300627574
112245,16,3.53125,3.528832869096236
112273,6,2.8333333,3.4536244443484714
112275,12,3.0,3.4258543445217993
112277,19,2.4210527,3.2232314572818037
112279,11,3.409091,3.5066060707217357
112283,11,2.7272727,3.3836552393241006
112288,11,3.6363637,3.547589681187614
112290,2166,3.7871652,3.7813189154497553
112293,15,3.3333333,3.4831225872039795
112299,8,2.375,3.36901671310951
112303,41,3.0,3.290142520443424
112316,104,3.3269231,3.392227110924659
112320,12,3.0,3.4258543445217993
112334,127,3.964567,3.84125972602327
112338,7,3.4285715,3.5158415719082483
112370,678,2.5530972,2.6200589334571753
112381,15,3.4666667,3.5138918436490574
112399,84,3.7857144,3.6895744622643316
112404,15,3.2333333,3.4600456861349254
112412,15,2.8666666,3.3754302721757155
112421,300,3.52,3.5211513246808734
112425,7,2.0714285,3.349174896876017
112434,13,3.4230769,3.506396327699934
112436,27,3.1111112,3.381856763517702
112450,113,2.8451328,3.054619502436164
112454,8,4.0,3.5931546441439925
112460,59,2.9237287,3.200944613972935
112469,13,2.8076923,3.3794122082846507
112473,11,3.8636363,3.588573248659978
112481,8,1.9375,3.3086718855233026
112485,6,3.0,3.471481595720564
112488,11,3.7727273,3.5721798216710323
112495,16,3.9375,3.6273177175810845
112497,118,2.4872882,2.7970415552457175
112501,15,3.4333334,3.506199543292706
112506,13,3.0769231,3.4349677789778936
112512,20,3.675,3.570042405809675
112519,9,2.6666667,3.396660509756056
112550,43,3.1744187,3.3645480960927983
112552,4533,4.0938673,4.0876944030238995
112556,5878,3.9276114,3.9242413108326324
112580,41,2.878049,3.2351975178980563
112582,133,3.8082707,3.7317102268093922
112594,8,2.5625,3.394878782075027
112623,2150,3.607907,3.6060923370448026
112625,11,2.8181818,3.4000486663130465
112640,14,2.5,3.303171396255493
112642,10,3.05,3.44838281472524
112650,6,2.5,3.417910167149135
112653,20,3.825,3.6128995759146556
112655,20,2.7,3.291471004486084
112689,20,3.325,3.4700424330575124
112710,7,3.4285715,3.5158415719082483
112725,7,2.857143,3.445666137494539
112727,91,2.912088,3.1305175165758063
112729,6,3.25,3.4982673100062778
112733,9,3.7222223,3.557677462949591
112735,5,3.7,3.5436903563412754
112749,25,2.82,3.2920395692189532
112762,5,2.1,3.39823579788208
112767,22,3.0681818,3.387541221247779
112788,292,2.5273972,2.6736928036338403
112804,428,3.6285048,3.6179979156749518
112807,6,3.25,3.4982673100062778
112809,7,2.857143,3.445666137494539
112811,10,3.45,3.5150494972864785
112818,254,3.1062992,3.175667620018909
112850,27,3.425926,3.492246370810967
112852,6453,3.9220517,3.9190223564574413
112854,6,3.1666667,3.489338747092656
112866,16,3.21875,3.45307529333866
112868,250,3.13,3.1963433265686034
112890,25,3.24,3.4320395946502686
112895,29,2.5172415,3.1569996483718294
112897,484,2.9121902,2.9698558532343373
112905,10,2.65,3.381716171900431
112907,9,2.3888888,3.3542876081951594
112909,8,1.875,3.3000511958681304
112911,317,2.802839,2.9016429026705044
112913,25,3.5,3.5187062581380206
112925,5,3.5,3.5255085338245737
112929,13,3.6923077,3.561951898393177
112938,5,3.2,3.49823581088673
112940,341,3.4105573,3.425583116233806
112944,5,3.7,3.5436903563412754
112946,114,3.4429824,3.468920530342474
112959,5,3.1,3.489144888791171
112961,5,3.1,3.489144888791171
112974,11,3.090909,3.4492289902733977
112988,14,3.142857,3.443796381354332
112995,6,3.5,3.525053024291992
113001,6,3.0,3.471481595720564
113035,14,3.107143,3.4359839111566544
113037,7,2.857143,3.445666137494539
113045,7,3.5,3.5246134975500274
113048,11,2.3636363,3.3180814453812895
113062,12,3.0,3.4258543445217993
113064,94,3.1329787,3.2701594796445637
113066,15,3.5,3.5215841440054088
113068,6,3.5,3.525053024291992
113071,62,3.0725806,3.2759193309715817
113073,9,3.5555556,3.532253722013053
113080,12,3.2916667,3.482305972806869
113089,28,3.642857,3.5692688135000377
113092,7,2.9285715,3.454438063136318
113099,9,3.2222223,3.4814062765089133
113103,63,3.2380953,3.3663979842599514
113105,5,2.1,3.39823579788208
113139,5,2.0,3.3891448974609375
113186,18,3.4444444,3.505926012992859
113188,104,3.1153846,3.2493699061406125
113205,5,3.1,3.489144888791171
113207,78,3.3653846,3.428929425776005
113214,5,3.8,3.552781256762418
113216,20,3.425,3.4986138343811035
113218,7,3.2142856,3.4895257657034353
113220,7,2.2857144,3.3754907030808297
113225,277,3.4097474,3.4278378858478793
113234,7,2.857143,3.445666137494539
113238,8,3.0625,3.4638442993164062
113240,98,3.9744897,3.823668641013068
113250,48,3.5520833,3.5398261790372887
113252,157,3.4490447,3.4681303766038685
113254,7,2.5,3.401806480006168
113263,7,3.7857144,3.5597012293966195
113275,341,3.7272727,3.701797894504674
113280,5,3.5,3.5255085338245737
113309,5,2.4,3.4255085424943403
113313,29,3.0689654,3.359531227546402
113315,39,3.7692308,3.6337412609143205
113337,6,3.75,3.5518387385777066
113345,839,2.6418355,2.691679317047411
113348,474,2.514768,2.6114560056278724
113350,27,3.1296296,3.3883502452404466
113374,23,3.3913043,3.4849721536244433
113378,476,3.2384453,3.2659751398935066
113394,31,3.080645,3.35682675279217
113416,7,2.2857144,3.3754907030808297
113430,5,4.3,3.5982358238913794
113453,286,3.1503496,3.2065564280464534
113459,6,2.0,3.3643387385777066
113474,12,3.2916667,3.482305972806869
113503,5,2.4,3.4255085424943403
113505,5,2.4,3.4255085424943403
113510,10,3.0,3.440049489339193
113521,14,2.4285715,3.2875464037060738
113532,71,3.3169014,3.40415679324757
113534,18,3.3611112,3.4838672105003807
113557,6,1.6666666,3.328624448605946
113559,12,3.5833333,3.538757554946407
113565,58,3.25,3.378731197781033
113573,667,3.1289356,3.1567684772789395
113582,13,3.0,3.419094751751612
113604,231,3.4545455,3.4676262611171955
113630,8,3.25,3.4897063682819236
113632,6,3.6666667,3.542910175664084
113640,45,2.9666667,3.2621365346406637
113674,13,2.6923077,3.3556026920439703
113692,6,3.25,3.4982673100062778
113696,38,2.6973684,3.1693519082936374
113705,169,3.6656804,3.634260083986744
113707,8,1.8125,3.291430506212958
113711,10,4.15,3.631716171900431
113741,562,3.824733,3.8004949770721734
113746,5,3.2,3.49823581088673
113751,15,3.3666666,3.490814887560331
113767,8,3.375,3.5069477475922683
113769,42,2.2142856,2.928293098574099
113771,14,2.4285715,3.2875464037060738
113775,52,2.9134614,3.214734946980196
113780,144,3.2048612,3.2881596752048767
113793,5,4.1,3.5800539797002617
113829,243,3.6131687,3.598644940112638
113843,6,3.1666667,3.489338747092656
113851,8,3.0,3.4552236096612337
113853,8,2.0625,3.325913264833648
113862,245,3.4489796,3.462382967189207
113866,7,1.6428572,3.2965433283856043
113868,27,3.2037036,3.4143242557327467
113889,17,2.1470587,3.177656234200321
113906,8,2.6875,3.4121201613853716
113938,5,3.3,3.5073267113078725
114003,7,3.4285715,3.5158415719082483
114007,136,3.3419118,3.3919514686830583
114013,21,2.4761906,3.216943257291552
114028,304,3.850329,3.804810626358636
114033,92,2.8641305,3.0979082752281513
114035,19,3.3947368,3.4913473613020303
114042,50,2.87,3.199029636383057
114044,66,3.0681818,3.2664048712829064
114046,35,3.0,3.3106231689453125
114060,396,3.536616,3.5356568156871027
114062,10,3.45,3.5150494972864785
114066,52,3.5961537,3.562774153316722
114068,7,3.5714285,3.533385423191807
114074,215,3.367442,3.397747080281096
114078,5,2.5,3.434599442915483
114085,5,2.5,3.434599442915483
114122,6,3.0833333,3.480410158634186
114126,5,3.2,3.49823581088673
114180,1877,3.3676078,3.37177107936679
114182,28,2.9107144,3.306448361812494
114184,69,3.3985507,3.452966143103207
114240,9,3.4444444,3.5153045613886946
114244,43,2.7906976,3.1871286566539476
114246,291,3.1666667,3.2196568694632073
114248,20,2.75,3.3057567051478793
114250,38,3.4736843,3.5045792406255547
114254,9,3.3888888,3.5068299810765153
114263,7,3.7142856,3.5509292744753655
114265,141,3.3687944,3.410486835459764
114267,8,3.6875,3.5500511958681304
114273,7,3.642857,3.542157348833586
114277,30,3.7,3.592537134885788
114329,48,3.8229167,3.6724793181127433
114335,8,3.6875,3.5500511958681304
114342,181,3.6823204,3.648930536204086
114376,5,2.6,3.4436903433366255
114378,21,3.1190476,3.4070840822139257
114392,84,3.3154762,3.3947982716916214
114396,11,2.7272727,3.3836552393241006
114417,6,3.9166667,3.5696958899497986
114426,20,3.2,3.434328147343227
114436,10,2.95,3.4317161639531455
114439,158,3.0411391,3.158187265579517
114453,7,2.642857,3.4193503312897264
114455,6,3.25,3.4982673100062778
114459,65,3.1384616,3.3078519365061885
114461,8,3.0,3.4552236096612337
114486,28,3.732143,3.601320144457695
114492,7,2.7142856,3.4281222569315055
114494,101,3.8366337,3.7344567633622527
114514,5,3.6,3.5345994342457163
114550,12,3.3333333,3.4903704581722135
114552,315,3.2984128,3.3298712364614826
114554,175,3.9,3.8173466046651203
114563,16,3.125,3.430348020611387
114599,5,3.5,3.5255085338245737
114601,215,3.2697675,3.318501836848709
114604,6,2.6666667,3.435767318521227
114627,23,3.826087,3.6219584974524093
114635,60,4.0416665,3.8082087256691675
114659,18,2.1666667,3.1676907469244564
114662,1764,3.462585,3.4643896695928773
114670,144,2.6666667,2.8886751587857904
114678,140,3.4464285,3.4679103399577893
114680,19,2.9473684,3.368158965870954
114692,25,3.5,3.5187062581380206
114694,6,2.75,3.4446958814348494
114696,5,3.5,3.5255085338245737
114700,40,3.4875,3.5100329717000327
114704,38,2.5263157,3.0954882448369805
114713,189,2.589947,2.7862048099230523
114721,14,3.0357144,3.420358918607235
114725,7,3.5,3.5246134975500274
114756,5,2.6,3.4436903433366255
114758,40,2.9,3.248921924167209
114760,36,3.4027777,3.4756158784378406
114762,206,3.5218446,3.523058446124196
114766,5,2.0,3.3891448974609375
114793,26,3.5192308,3.5250390956276343
114795,512,3.0703125,3.1110373120290955
114814,8,2.375,3.36901671310951
114818,89,3.1011236,3.254697605860319
114838,5,3.3,3.5073267113078725
114847,329,3.3206687,3.348028946677739
114849,28,2.517857,3.165422659653884
114852,7,3.2857144,3.4982977206246897
114856,10,2.5,3.3567161560058594
114861,6,2.5,3.417910167149135
114873,10,2.4,3.3400495052337646
114875,8,2.0625,3.325913264833648
114888,6,2.0833333,3.3732673014913286
114891,5,3.5,3.5255085338245737
114925,38,2.881579,3.248897368257696
114928,21,2.2380953,3.146520708648252
114933,11,4.0,3.613163432136911
114935,1469,3.7385976,3.7316674719993186
114945,31,2.6451614,3.190160153824606
114958,13,3.0384614,3.4270312407660106
114980,7,3.642857,3.542157348833586
115008,11,3.590909,3.539392924699627
115065,18,2.3888888,3.2265142412746655
115071,19,3.631579,3.556564766427745
115075,14,3.5714285,3.5375463888049126
115122,622,3.8545017,3.8302128598803566
115130,11,3.8181818,3.5803765351655055
115135,14,3.5,3.521921396255493
115145,11,3.8636363,3.588573248659978
115147,77,3.525974,3.5267950399654118
115149,1534,3.6294003,3.626201362320871
115151,11,3.1818182,3.465622460255857
115160,5,3.6,3.5345994342457163
115162,7,2.357143,3.384262628722609
115170,499,3.4468937,3.4542858318335807
115172,30,3.3333333,3.455037087202072
115174,50,3.37,3.449029636383057
115176,5,3.0,3.4800539883700283
115178,6,3.25,3.4982673100062778
115203,18,3.25,3.454455431769876
115207,5,3.7,3.5436903563412754
115210,1632,3.7150736,3.7095143049423815
115216,59,3.1016948,3.2972748979515987
115231,471,3.514862,3.5161285986140687
115235,22,3.1818182,3.422263483206431
115240,25,3.1,3.3853728930155436
115244,7,1.6428572,3.2965433283856043
115263,12,3.0833333,3.44198336139802
115287,10,2.5,3.3567161560058594
115291,7,2.5,3.401806480006168
115309,14,2.892857,3.389108881354332
115364,6,2.75,3.4446958814348494
115373,5,3.1,3.489144888791171
115381,83,3.2108433,3.3300974835130503
115414,65,2.023077,2.677417174629543
115437,28,3.4107144,3.485935541299673
115467,20,3.4,3.4914710181100026
115471,32,2.5,3.1268654800042874
115475,9,3.3333333,3.498355400764336
115502,58,3.2068965,3.3555830452177258
115534,90,2.1555555,2.6457354511533464
115569,2838,3.883016,3.8768707368512563
115574,5,2.6,3.4436903433366255
115617,4673,3.8966403,3.892738321992065
115629,50,3.72,3.6240297079086305
115664,301,3.4900331,3.4954499926662175
115667,189,3.8201058,3.7590082170574237
115669,11,3.1818182,3.465622460255857
115678,10,3.5,3.523382822672526
115680,233,3.5751073,3.566794977592495
115685,14,3.7142856,3.5687963739037514
115687,6,3.25,3.4982673100062778
115703,15,3.4,3.4985072429363546
115705,28,3.625,3.5628585815429688
115708,21,3.2380953,3.442295356535576
115711,19,3.2894738,3.4623618989750957
115713,4687,3.911244,3.9071993248005166
115721,13,3.3076923,3.4825868114592535
115727,7,3.4285715,3.5158415719082483
115748,9,3.1666667,3.472931696196734
115770,40,3.5875,3.554477479722765
115777,11,2.5454545,3.3508683423526953
115789,5,3.4,3.516417633403431
115819,16,3.125,3.430348020611387
115824,111,3.3108108,3.3782793083546325
115828,49,3.7040815,3.6151814605250503
115871,13,2.5,3.315920148577009
115875,48,3.1041667,3.3204385017862124
115879,35,3.1857142,3.3870937403510597
115881,128,3.4492188,3.4713649964064697
115903,5,3.6,3.5345994342457163
115909,11,2.8636363,3.408245379807519
115915,6,3.4166667,3.51612446137837
115921,11,2.6363637,3.367261812335155
115927,23,3.2608695,3.443876273011508
115929,9,2.1111112,3.3119147430031988
115937,9,2.9444444,3.439033374948017
115939,5,2.5,3.434599442915483
115941,22,3.2272727,3.4361523588498435
115943,13,3.2307692,3.4667137842329723
115945,14,3.5714285,3.5375463888049126
115947,5,3.6,3.5345994342457163
115949,17,3.0294118,3.4015368632416227
115951,6,1.5833334,3.3196958856923238
115965,9,2.8333333,3.422084214323658
115967,43,3.3255813,3.4344404923018588
115969,26,4.0,3.689512754741468
115973,26,3.6346154,3.564512767289814
115991,47,3.3297873,3.431989384680679
115996,5,3.8,3.552781256762418
115998,7,3.7857144,3.5597012293966195
116002,15,3.5666666,3.5369687447181115
116004,19,3.6578948,3.563811181248098
116024,10,3.15,3.4650495052337646
116028,5,1.5,3.343690352006392
116030,7,2.7857144,3.4368942118527595
116034,11,1.4090909,3.1459503115200604
116036,6,3.0833333,3.480410158634186
116080,11,3.1818182,3.465622460255857
116090,6,2.8333333,3.4536244443484714
116128,11,2.7727273,3.3918519528185733
116136,102,3.985294,3.834887946906843
116138,293,3.7235496,3.695052488204689
116155,25,3.64,3.5653729597727457
116161,515,3.3339806,3.3511556777278932
116169,13,3.9230769,3.6095709308745367
116171,7,3.0,3.4632099887780976
116179,6,4.1666665,3.596481578690665
116191,24,2.6041667,3.228418530644597
116205,5,2.8,3.461872165853327
116207,18,3.2222223,3.44710251864265
116213,10,2.9,3.423382838567098
116215,13,3.0384614,3.4270312407660106
116217,50,3.2,3.3640297174453737
116219,43,3.2558138,3.402182412403886
116231,5,3.1,3.489144888791171
116257,6,1.1666666,3.2750530200345174
116261,15,3.3333333,3.4831225872039795
116267,10,3.45,3.5150494972864785
116275,10,3.25,3.4817161560058594
116289,9,3.0555556,3.4559825355723754
116299,6,3.9166667,3.5696958899497986
116307,50,3.47,3.4990297079086305
116317,6,2.3333333,3.400053015777043
116397,119,3.3529413,3.4047513671175262
116411,60,4.05,3.812754370949485
116413,42,3.2738094,3.411988755931025
116415,7,2.4285715,3.3930345543643883
116419,9,1.8333334,3.26954185962677
116453,16,3.21875,3.45307529333866
116465,10,2.7,3.3900494972864785
116483,5,3.9,3.5618721788579766
116489,9,2.7777777,3.4136096340114785
116491,9,3.6666667,3.549202882637412
116493,18,3.1111112,3.4176907399121452
116495,10,3.55,3.5317161480585733
116501,5,1.7,3.3618721745230933
116503,20,2.775,3.312899589538574
116505,7,2.7857144,3.4368942118527595
116529,16,2.96875,3.3924692327325996
116539,5,3.1,3.489144888791171
116578,5,3.1,3.489144888791171
116580,6,3.0833333,3.480410158634186
116608,6,1.75,3.337553024291992
116660,28,3.7857144,3.6205509259150577
116664,7,3.142857,3.4807538400616562
116666,5,2.8,3.461872165853327
116668,41,3.121951,3.345087522988791
116680,6,3.0833333,3.480410158634186
116682,5,2.5,3.434599442915483
116700,8,2.0625,3.325913264833648
116704,9,3.0,3.447507955260196
116722,7,3.2857144,3.4982977206246897
116724,6,3.6666667,3.542910175664084
116726,9,2.6666667,3.396660509756056
116738,5,2.5,3.434599442915483
116742,18,3.25,3.454455431769876
116744,5,3.8,3.552781256762418
116770,7,2.7857144,3.4368942118527595
116779,13,2.9615386,3.4111582627372137
116781,35,2.7857144,3.2223879169015324
116797,6652,3.9930847,3.989615366801117
116799,431,3.2714617,3.298135078870333
116801,24,3.6666667,3.573013125239192
116807,16,3.40625,3.4985298387932056
116817,46,3.5543478,3.5406558960676193
116823,2526,3.4819872,3.482881495486135
116831,12,2.9166667,3.4097253276455786
116833,17,3.6764705,3.565715942809831
116837,9,3.3333333,3.498355400764336
116839,29,3.9827585,3.694974259485172
116841,60,3.2666667,3.385481530969793
116849,26,2.5192308,3.1829338324697396
116853,14,2.5714285,3.3187963888049126
116855,88,3.7329545,3.6587171416351763
116857,18,3.3333333,3.4765142342623543
116859,17,3.6176472,3.550790615935824
116861,7,3.2857144,3.4982977206246897
116887,397,2.7518892,2.8387091570519227
116893,35,3.3857143,3.469446701162002
116897,870,4.1126437,4.080872831137284
116899,10,3.7,3.5567161639531455
116901,10,3.3,3.4900494813919067
116903,8,2.9375,3.4466029200060615
116905,66,3.7727273,3.6672669649124146
116907,52,3.5480769,3.5382643774443983
116911,13,3.2307692,3.4667137842329723
116939,5,3.0,3.4800539883700283
116941,15,2.5666666,3.3061995139488807
116943,15,3.0,3.4061995286207933
116947,6,3.1666667,3.489338747092656
116951,19,3.5,3.5203328892804575
116953,6,3.3333333,3.5071958729199
116957,10,3.8,3.57338281472524
116963,9,2.3888888,3.3542876081951594
116969,5,2.9,3.4709630879488858
116971,8,2.75,3.420740851040544
116975,24,4.0416665,3.6946346695358687
116977,564,2.4937944,2.5780179710263926
116985,26,2.6346154,3.2224075041319193
116989,23,3.4782608,3.5123694073664
117017,11,2.090909,3.2689011214209382
117065,13,2.3846154,3.2921106323363287
117107,31,2.967742,3.3136169174571095
117109,81,3.654321,3.6061295170820395
117121,8,2.875,3.437982230350889
117123,102,3.0882354,3.2329143285751343
117129,5,3.4,3.516417633403431
117133,11,3.5454545,3.5311962112051543
117136,12,3.75,3.5710156348443802
117138,5,3.3,3.5073267113078725
117142,5,2.8,3.461872165853327
117146,17,3.0294118,3.4015368632416227
117148,6,1.6666666,3.328624448605946
117154,6,2.25,3.3911244528634206
117176,2117,3.7961738,3.7899875067652347
117178,9,2.7222223,3.405135090068235
117194,17,3.0588236,3.4089995569257594
117308,26,2.9615386,3.334249628217597
117310,17,3.5882354,3.543327922251687
117312,29,2.6206896,3.1949742866467825
117320,8,3.3125,3.4983270579370958
117322,7,2.7142856,3.4281222569315055
117332,5,2.8,3.461872165853327
117334,19,3.0,3.3826517298601675
117344,17,3.1470587,3.4313875774839033
117364,60,3.8333333,3.6945724053816362
117368,26,3.2692308,3.4395127798381604
117370,11,3.0454545,3.4410322767789245
117372,35,2.1571429,2.963564353830674
117418,5,3.8,3.552781256762418
117420,8,3.0625,3.4638442993164062
117430,29,3.189655,3.4038350159608863
117432,5,3.5,3.5255085338245737
117434,55,2.909091,3.2038378488449824
117438,91,3.7637362,3.6801628931194332
117444,459,3.869281,3.8357622258087036
117446,17,3.4411764,3.506014453831004
117456,48,3.46875,3.499009891432159
117464,16,3.0625,3.415196505459872
117466,190,3.3473685,3.3850124180316925
117474,5,3.2,3.49823581088673
117480,8,2.1875,3.3431546441439925
117488,8,3.1875,3.481085678626751
117490,6,2.0833333,3.3732673014913286
117492,8,3.25,3.4897063682819236
117506,14,3.7857144,3.584421418607235
117511,46,3.1413043,3.342739219466845
117515,12,3.5416667,3.5306930695810625
117517,36,3.2083333,3.394220540689868
117529,2228,3.3366249,3.340826672142906
117531,6,2.75,3.4446958814348494
117533,1041,3.9255524,3.90733545794605
117537,5,3.4,3.516417633403431
117543,17,2.9705882,3.3866114758733494
117545,72,3.5416667,3.5360899596917825
117547,9,3.1111112,3.4644571158845547
117549,79,3.0759494,3.2511858478073004
117555,14,4.0,3.631296396255493
117572,5,2.9,3.4709630879488858
117576,6,3.0,3.471481595720564
117582,8,3.375,3.5069477475922683
117588,8,4.0,3.5931546441439925
117590,548,3.0483577,3.088466559764135
117594,6,2.4166667,3.408981604235513
117598,5,3.2,3.49823581088673
117628,6,2.4166667,3.408981604235513
117630,5,1.7,3.3618721745230933
117638,5,2.9,3.4709630879488858
117646,14,2.4285715,3.2875464037060738
117650,5,2.8,3.461872165853327
117672,6,3.3333333,3.5071958729199
117682,14,3.8214285,3.5922338888049126
117714,6,3.25,3.4982673100062778
117726,15,3.0666666,3.421584129333496
117728,7,3.2142856,3.4895257657034353
117838,7,3.4285715,3.5158415719082483
117849,18,3.5,3.520631902358111
117851,423,3.2765958,3.3031776021953365
117861,34,3.1764705,3.3857496068591164
117867,153,3.6797385,3.642379128874229
117871,127,3.4133859,3.4457795175455384
117877,28,3.482143,3.511576554714105
117879,9,3.3888888,3.5068299810765153
117881,556,3.772482,3.7523150428293564
117885,16,2.3125,3.2333783236416904
117887,305,3.4114754,3.4278956970698395
117893,34,2.8235295,3.2428925207683017
117895,722,3.17036,3.193527141383275
117897,6,3.6666667,3.542910175664084
117907,6,3.9166667,3.5696958899497986
117909,9,2.9444444,3.439033374948017
117911,7,3.142857,3.4807538400616562
117913,5,3.0,3.4800539883700283
117920,12,3.5,3.5226285380701863
117922,38,2.8947368,3.2545791647650977
117928,15,3.5333333,3.52927644436176
117932,8,3.0625,3.4638442993164062
118082,165,3.1606061,3.24606038803278
118085,9,3.7222223,3.557677462949591
118101,19,3.3947368,3.4913473613020303
118103,13,3.1153846,3.4429042679922923
118105,13,2.0384614,3.220682034416804
118109,8,3.125,3.472464988971579
118117,12,2.4583333,3.3210156194625364
118166,12,3.5833333,3.538757554946407
118173,23,2.8695652,3.320588631172703
118189,10,3.35,3.498382806777954
118198,13,3.5384614,3.530205843940614
118200,5,3.8,3.552781256762418
118202,47,3.8829787,3.700030589841076
118206,10,3.1,3.4567161401112876
118214,5,2.5,3.434599442915483
118244,34,3.8088236,3.641702038901193
118246,83,3.5180724,3.5218268856966404
118248,20,2.0,3.0914709908621654
118252,20,2.7,3.291471004486084
118256,17,3.2058823,3.4463129648521766
118260,13,2.7692308,3.371475719270252
118264,5,3.2,3.49823581088673
118272,6,3.3333333,3.5071958729199
118300,16,2.3125,3.2333783236416904
118302,10,3.95,3.598382830619812
118334,7,2.5714285,3.410578405647947
118338,24,3.2708333,3.4446346953108504
118354,90,3.3055556,3.3850212267466953
118388,5,2.4,3.4255085424943403
118390,5,3.3,3.5073267113078725
118392,16,3.1875,3.4454995357629024
118466,42,3.5952382,3.558727979660034
118496,40,3.225,3.3933662838406033
118512,18,3.1666667,3.4323966292773975
118530,5,1.2,3.316417629068548
118570,14,3.142857,3.443796381354332
118572,18,3.2222223,3.44710251864265
118608,5,2.7,3.4527812654321846
118684,14,1.2142857,3.0219213999807835
118686,7,3.2857144,3.4982977206246897
118696,2091,3.4746532,3.475900468287319
118700,413,3.6573849,3.643418837314548
118702,391,3.5537086,3.5508004845945744
118706,91,3.1098902,3.2581771603712797
118710,13,3.4615386,3.514332865911817
118734,6,3.4166667,3.51612446137837
118760,82,3.7012196,3.635628584659461
118762,6,2.1666667,3.3821958899497986
118764,5,4.2,3.5891448801214043
118782,6,2.6666667,3.435767318521227
118814,40,3.1625,3.3655885060628257
118846,6,2.6666667,3.435767318521227
118854,7,3.642857,3.542157348833586
118856,6,3.4166667,3.51612446137837
118862,5,3.5,3.5255085338245737
118866,15,3.7666667,3.583122601875892
118872,8,3.125,3.472464988971579
118876,13,2.6538463,3.347666203029572
118880,150,3.78,3.717014825344086
118882,6,3.4166667,3.51612446137837
118888,88,3.8295455,3.7203113998191943
118892,5,2.5,3.434599442915483
118896,136,3.9007354,3.800553660238943
118898,271,3.5664206,3.5604452953160366
118900,587,3.5570698,3.554792667670377
118902,7,3.642857,3.542157348833586
118916,5,2.7,3.4527812654321846
118922,16,2.5625,3.293984384247751
118924,94,3.1542554,3.284048444694943
118930,105,3.8761904,3.763890089527253
118946,6,3.0833333,3.480410158634186
118968,5,3.6,3.5345994342457163
118970,49,3.1836734,3.35760570776583
118972,12,1.9166666,3.2161769174760386
118985,285,3.377193,3.3997103491825844
118997,579,2.9818652,3.0252828321320453
119065,23,3.4130435,3.4918215046190237
119068,70,3.4642856,3.490858018398285
119126,9,3.0555556,3.4559825355723754
119139,39,3.2820513,3.4202581014526023
119141,1239,2.9814367,3.002640090865438
119145,3131,3.7569466,3.753348840103701
119147,5,2.1,3.39823579788208
119153,72,3.7152777,3.638548866647189
119155,466,3.0182405,3.0676415114439735
119159,7,2.4285715,3.3930345543643883
119171,8,3.6875,3.5500511958681304
119182,10,3.4,3.506716171900431
119190,6,2.4166667,3.408981604235513
119216,6,3.0,3.471481595720564
119218,34,3.5441177,3.534559176081703
119222,13,2.9615386,3.4111582627372137
119224,9,2.3333333,3.34581302788298
119305,5,3.0,3.4800539883700283
119310,5,2.1,3.39823579788208
119432,14,3.4642856,3.5141088739037514
119454,13,2.5769231,3.3317931758032904
119563,21,3.1904762,3.4282108327032814
119565,21,3.8095238,3.6113094309685936
119567,9,3.7777777,3.5661520068928345
119571,9,3.1111112,3.4644571158845547
119629,9,3.2222223,3.4814062765089133
119649,12,3.2916667,3.482305972806869
119655,188,2.694149,2.869340271508994
119670,10,3.7,3.5567161639531455
119672,6,3.3333333,3.5071958729199
119679,5,2.0,3.3891448974609375
119685,8,3.0,3.4552236096612337
119705,13,1.5,3.1095709422278026
119714,8,3.5625,3.5328098165577857
119770,6,3.75,3.5518387385777066
119782,10,2.7,3.3900494972864785
119802,6,3.5,3.525053024291992
119901,6,3.3333333,3.5071958729199
119904,7,3.142857,3.4807538400616562
119907,7,3.9285715,3.577245080680178
119909,5,2.7,3.4527812654321846
119948,22,2.5454545,3.227819005648295
119964,20,2.575,3.2557567187717984
119966,19,2.868421,3.34641985271288
119977,5,1.6,3.3527812632647427
120110,21,3.2142856,3.4352530593603428
120112,14,3.4285715,3.5062964037060738
120130,22,3.7727273,3.6028190122710333
120132,72,2.8472223,3.126253909752017
120134,5,3.8,3.552781256762418
120136,7,3.0714285,3.4719819144198767
120138,180,3.5833333,3.571317195892334
120202,6,1.5833334,3.3196958856923238
120222,9,0.8888889,3.1254740579653593
120274,6,2.5,3.417910167149135
120278,8,2.8125,3.4293615406957167
120284,7,3.7142856,3.5509292744753655
120292,16,3.03125,3.4076207478841147
120294,11,2.590909,3.359065055847168
120301,6,3.8333333,3.5607673014913286
120311,15,4.0333333,3.6446610597463756
120315,6,1.4166666,3.301838734320232
120317,5,1.9,3.380053986202587
120321,5,2.9,3.4709630879488858
120323,5,3.5,3.5255085338245737
120388,5,3.3,3.5073267113078725
120390,9,3.5555556,3.532253722013053
120392,66,3.5454545,3.537956607752833
120412,7,3.2142856,3.4895257657034353
120420,6,1.9166666,3.3554101628916606
120438,7,2.4285715,3.3930345543643883
120440,8,2.1875,3.3431546441439925
120462,9,3.2777777,3.4898808204521568
120464,5,3.0,3.4800539883700283
120466,1077,3.398793,3.404527960145167
120468,25,3.3,3.4520395755767823
120474,79,3.170886,3.309325321700222
120478,76,3.9539473,3.7849441634284124
120486,8,3.9375,3.58453395448882
120574,7,3.5,3.5246134975500274
120623,7,2.9285715,3.454438063136318
120625,15,3.8666666,3.6061995029449463
120629,8,3.3125,3.4983270579370958
120635,574,2.9398954,2.9870239167641373
120637,158,2.75,2.9370335065401516
120639,6,3.0,3.471481595720564
120769,5,3.4,3.516417633403431
120783,48,3.1458333,3.340846587200554
120795,7,3.0714285,3.4719819144198767
120799,961,3.1493237,3.168054447919278
120805,13,3.6923077,3.561951898393177
120807,104,3.9519231,3.8143050330025807
120811,18,3.4166667,3.498573099865633
120813,39,3.5,3.5157637006781073
120815,31,3.516129,3.5234934430063505
120821,7,3.357143,3.5070696462664688
120823,6,3.4166667,3.51612446137837
120825,73,2.5136986,2.9260403702898725
120827,18,3.6111112,3.550043681088616
120831,5,2.6,3.4436903433366255
120835,16,3.0625,3.415196505459872
120839,5,2.8,3.461872165853327
120845,6,3.0,3.471481595720564
120853,27,3.648148,3.5701684022878672
120855,8,2.5,3.3862580924198546
120869,14,3.25,3.467233896255493
120919,7,3.5,3.5246134975500274
120934,11,3.6818182,3.555786394682087
120936,12,3.4166667,3.5064995211939656
120938,9,3.3888888,3.5068299810765153
120940,11,2.9545455,3.424638849789979
120942,8,3.0,3.4552236096612337
120944,13,3.7692308,3.5778249256194585
120946,10,3.4,3.506716171900431
121023,5,3.3,3.5073267113078725
121029,5,3.2,3.49823581088673
121033,8,3.25,3.4897063682819236
121035,29,3.3793104,3.4734553174127507
121097,6,3.25,3.4982673100062778
121099,27,3.0925925,3.3753631981936367
121103,12,1.0,3.0387575703282512
121109,10,2.8,3.4067161480585733
121111,29,3.2068965,3.4101641661004174
121113,9,2.0,3.29496558237884
121115,14,2.4642856,3.2953588739037514
121117,11,1.5909091,3.1787372084914662
121122,5,1.0,3.2982358065518467
121126,13,2.6538463,3.347666203029572
121129,22,1.9545455,3.0472634765836926
121133,16,3.09375,3.42277226303563
121135,22,2.4772727,3.2069856921831765
121137,7,3.0,3.4632099887780976
121139,5,3.3,3.5073267113078725
121143,11,3.5,3.5229994977106815
121145,7,3.9285715,3.577245080680178
121148,6,4.1666665,3.596481578690665
121152,5,3.5,3.5255085338245737
121155,21,3.2619047,3.449337583192637
121157,10,1.9,3.2567161520322165
121159,19,3.131579,3.418883607007455
121167,6,2.5833333,3.4268387300627574
121169,36,3.3888888,3.469801947127941
121171,58,3.7672415,3.656509028540717
121182,5,3.2,3.49823581088673
121184,10,3.8,3.57338281472524
121188,6,1.9166666,3.3554101628916606
121190,24,3.0625,3.377067153518264
121194,12,2.25,3.2806930541992188
121196,9,2.3333333,3.34581302788298
121202,11,3.5454545,3.5311962112051543
121207,5,2.9,3.4709630879488858
121219,6,2.75,3.4446958814348494
121225,6,2.9166667,3.4625530328069414
121227,22,3.75,3.5958745744493275
121231,609,3.4901478,3.493024275046017
121235,29,2.6206896,3.1949742866467825
121239,5,3.5,3.5255085338245737
121241,14,3.607143,3.5453589111566544
121243,7,2.7857144,3.4368942118527595
121245,6,3.25,3.4982673100062778
121253,28,2.9285715,3.3128585937695627
121255,9,3.2777777,3.4898808204521568
121269,9,2.0555556,3.3034401626910195
121275,6,3.0833333,3.480410158634186
121277,5,2.4,3.4255085424943403
121279,9,3.6111112,3.5407283023252325
121284,8,2.375,3.36901671310951
121302,6,3.3333333,3.5071958729199
121308,26,2.8076923,3.2816180116251896
121314,6,3.3333333,3.5071958729199
121330,9,2.2777777,3.337338447570801
121366,21,3.357143,3.477506630857226
121370,17,2.1764705,3.185118927884458
121372,67,3.7537313,3.6572902834313545
121374,40,3.9625,3.7211441463894315
121382,10,2.9,3.423382838567098
121413,16,3.125,3.430348020611387
121453,7,3.142857,3.4807538400616562
121457,10,2.65,3.381716171900431
121483,17,2.5588236,3.2821338852839683
121485,11,3.5454545,3.5311962112051543
121491,7,3.2857144,3.4982977206246897
121545,7,3.0,3.4632099887780976
121583,7,3.0714285,3.4719819144198767
121596,5,2.3,3.4164176203987817
121618,7,3.4285715,3.5158415719082483
121779,5,1.7,3.3618721745230933
121781,8,2.5625,3.394878782075027
121787,6,2.0,3.3643387385777066
121790,7,1.2857143,3.2526836708972326
121792,9,3.0555556,3.4559825355723754
122029,5,3.9,3.5618721788579766
122031,6,1.9166666,3.3554101628916606
122041,8,2.875,3.437982230350889
122048,5,4.0,3.570963079279119
122050,7,2.0714285,3.349174896876017
122088,5,3.6,3.5345994342457163
122096,7,2.9285715,3.454438063136318
122104,16,3.6875,3.5667116569750235
122129,10,2.6,3.373382806777954
122131,5,2.7,3.4527812654321846
122244,5,2.3,3.4164176203987817
122246,7,2.0714285,3.349174896876017
122260,9,3.9444444,3.5915757478293724
122278,6,3.0,3.471481595720564
122282,11,4.090909,3.6295568591258567
122288,15,3.3333333,3.4831225872039795
122292,11,2.8181818,3.4000486663130465
122300,15,2.6,3.313891814305232
122308,14,3.2142856,3.4594213739037514
122321,5,1.7,3.3618721745230933
122335,15,2.7,3.3369687703939586
122355,6,3.0833333,3.480410158634186
122413,10,3.1,3.4567161401112876
122423,7,2.5714285,3.410578405647947
122425,12,3.125,3.4500478929088962
122464,5,3.2,3.49823581088673
122466,8,2.625,3.4034994717301994
122480,13,2.6923077,3.3556026920439703
122490,8,2.9375,3.4466029200060615
122495,7,2.642857,3.4193503312897264
122505,5,4.1,3.5800539797002617
122517,6,1.6666666,3.328624448605946
122569,16,3.0625,3.415196505459872
122575,5,3.6,3.5345994342457163
122577,5,3.1,3.489144888791171
122643,5,3.0,3.4800539883700283
122699,6,3.1666667,3.489338747092656
122770,9,3.0555556,3.4559825355723754
122876,5,2.5,3.434599442915483
122878,6,2.8333333,3.4536244443484714
122880,8,3.125,3.472464988971579
122882,5610,3.8530302,3.850159437833321
122884,161,2.8975155,3.046933509727225
122886,4435,3.8518603,3.8482504643192526
122888,17,3.1764705,3.43885027116804
122890,83,3.3253012,3.4015260639047264
122892,3119,3.6033986,3.602209871444991
122896,100,3.64,3.6026865323384603
122898,16,2.125,3.187923778187145
122900,1949,3.5874808,3.5859945054171143
122902,510,2.1882353,2.307862435068403
122904,2457,3.8929589,3.885681266940634
122906,6,3.3333333,3.5071958729199
122910,7,2.5,3.401806480006168
122912,17,3.235294,3.4537756585363133
122914,23,3.6086957,3.5534653630975175
122916,33,3.5757575,3.5470236985080215
122918,32,3.390625,3.4744264556140436
122920,628,3.8288217,3.8066415505423308
122922,5,2.3,3.4164176203987817
122924,263,3.2927756,3.33036089552858
122926,14,3.3214285,3.4828588888049126
122932,13,3.1923077,3.4587772952185736
122940,27,3.425926,3.492246370810967
122946,8,3.6875,3.5500511958681304
122948,20,3.2,3.434328147343227
123024,5,2.4,3.4255085424943403
123085,5,2.9,3.4709630879488858
123107,10,3.6,3.5400494734446206
123109,6,3.3333333,3.5071958729199
123113,5,3.0,3.4800539883700283
123121,7,3.2857144,3.4982977206246897
123159,14,2.4285715,3.2875464037060738
123174,5,2.4,3.4255085424943403
123192,13,2.5769231,3.3317931758032904
123200,15,3.3,3.475430286847628
123225,6,2.6666667,3.435767318521227
123264,7,3.357143,3.5070696462664688
123288,46,3.4673913,3.49898923933506
123310,5,2.4,3.4255085424943403
123316,5,2.1,3.39823579788208
123353,5,3.9,3.5618721788579766
123405,6,1.8333334,3.346481599978038
123467,8,2.25,3.3517753337991647
123477,13,2.5769231,3.3317931758032904
123493,9,3.5555556,3.532253722013053
123497,5,3.2,3.49823581088673
123499,7,2.142857,3.3579468225177966
123565,13,2.2307692,3.2603645778837658
123571,19,3.5263157,3.527579238449318
123715,5,2.4,3.4255085424943403
123939,6,2.9166667,3.4625530328069414
123947,78,3.371795,3.43283573910594
124048,5,2.7,3.4527812654321846
124131,13,3.8461537,3.5936979036482555
124273,16,2.625,3.309135899399266
124300,8,2.75,3.420740851040544
124332,5,2.2,3.407326719977639
124348,8,2.5625,3.394878782075027
124442,5,2.8,3.461872165853327
124476,5,3.3,3.5073267113078725
124507,5,3.1,3.489144888791171
124531,5,3.0,3.4800539883700283
124575,19,3.4473684,3.5058401252912437
124691,5,2.6,3.4436903433366255
124851,8,3.125,3.472464988971579
124859,142,3.0704226,3.1895988831917443
124861,12,3.5,3.5226285380701863
124867,57,3.0789473,3.2888127643371297
124901,9,2.0,3.29496558237884
124919,9,3.1111112,3.4644571158845547
125077,9,3.6111112,3.5407283023252325
125231,6,2.6666667,3.435767318521227
125313,5,2.9,3.4709630879488858
125497,5,1.0,3.2982358065518467
125535,5,2.5,3.434599442915483
125537,15,3.5333333,3.52927644436176
125541,5,3.4,3.516417633403431
125543,9,2.5555556,3.3797113491316972
125545,10,2.95,3.4317161639531455
125565,10,3.3,3.4900494813919067
125569,7,3.0714285,3.4719819144198767
125596,5,2.6,3.4436903433366255
125599,5,3.9,3.5618721788579766
125628,7,3.642857,3.542157348833586
125630,7,3.0,3.4632099887780976
125661,16,3.0,3.400044990308357
125786,5,3.0,3.4800539883700283
125874,14,2.5714285,3.3187963888049126
125906,6,3.5,3.525053024291992
125912,11,3.1818182,3.465622460255857
125914,173,2.682081,2.8717622404141276
125916,704,1.8465909,1.9580940934644138
125918,13,3.3461537,3.4905233004736522
125924,5,3.3,3.5073267113078725
125926,29,3.6551723,3.574721107000037
125932,5,2.8,3.461872165853327
125936,10,3.1,3.4567161401112876
125952,6,3.6666667,3.542910175664084
125958,9,2.8333333,3.422084214323658
125960,5,2.6,3.4436903433366255
125966,24,2.5833333,3.2216617223378776
125970,50,3.21,3.369029712677002
125972,30,3.4,3.4800371527671814
125974,31,3.483871,3.511147775767762
125998,5,3.6,3.5345994342457163
126006,7,2.142857,3.3579468225177966
126008,8,3.5625,3.5328098165577857
126016,11,2.7272727,3.3836552393241006
126020,10,3.0,3.440049489339193
126036,12,2.1666667,3.264564037322998
126048,5,3.7,3.5436903563412754
126050,6,2.9166667,3.4625530328069414
126064,5,3.4,3.516417633403431
126066,9,3.7777777,3.5661520068928345
126070,6,2.8333333,3.4536244443484714
126072,21,3.1904762,3.4282108327032814
126074,10,3.45,3.5150494972864785
126084,15,3.5666666,3.5369687447181115
126088,12,2.2916667,3.288757585710095
126090,84,3.7738094,3.6821116547086348
126106,19,3.5526316,3.534825653269671
126134,5,2.9,3.4709630879488858
126138,5,2.4,3.4255085424943403
126160,6,3.25,3.4982673100062778
126245,5,3.6,3.5345994342457163
126393,14,2.357143,3.2719214111566544
126399,5,2.7,3.4527812654321846
126405,13,2.0,3.212745545402406
126414,5,3.8,3.552781256762418
126418,14,1.9285715,3.1781714037060738
126420,18,2.3611112,3.2191613281474396
126426,111,3.8243244,3.7323166109760355
126430,200,3.9225,3.8436117935180665
126432,7,3.2857144,3.4982977206246897
126482,23,3.152174,3.4096297433931535
126510,10,2.3,3.32338281472524
126546,8,2.6875,3.4121201613853716
126548,306,3.2107842,3.2553453190942827
126550,10,2.45,3.348382830619812
126558,5,3.5,3.5255085338245737
126562,10,2.35,3.3317161401112876
126575,29,2.6551723,3.2076324994051
126584,19,3.2631578,3.4551154841547427
126591,5,3.7,3.5436903563412754
126595,15,3.1333334,3.4369687850658712
126599,80,3.39375,3.445407427274264
126733,14,2.607143,3.3266089111566544
126749,7,2.0,3.340402971234238
126775,12,2.9583333,3.4177898130109234
126785,6,2.1666667,3.3821958899497986
126789,5,3.7,3.5436903563412754
126799,5,3.8,3.552781256762418
126801,5,3.6,3.5345994342457163
126803,6,3.0,3.471481595720564
126919,15,3.8666666,3.6061995029449463
126921,30,2.85,3.2737870812416077
126927,6,3.9166667,3.5696958899497986
126929,23,3.7608695,3.6014105195868504
126933,10,3.25,3.4817161560058594
126935,7,3.5714285,3.533385423191807
126943,6,2.0833333,3.3732673014913286
126951,11,3.2272727,3.4738191737503303
126963,7,3.4285715,3.5158415719082483
126975,5,3.6,3.5345994342457163
126987,11,3.6363637,3.547589681187614
127019,6,2.9166667,3.4625530328069414
127021,18,3.4166667,3.498573099865633
127027,5,1.4,3.3345994407480415
127040,34,3.2205882,3.4036067667461576
127042,26,3.5769231,3.5447759314587244
127044,22,3.4772727,3.5125412477387323
127052,128,4.0429688,3.898331288541301
127054,8,3.0625,3.4638442993164062
127062,7,2.9285715,3.454438063136318
127066,16,3.40625,3.4985298387932056
127084,21,3.4285715,3.4986333813465817
127088,20,2.9,3.34861387525286
127090,10,2.1,3.2900494734446206
127094,5,3.9,3.5618721788579766
127096,241,3.2614107,3.307226636565428
127098,800,3.9475,3.922827013801126
127102,7,2.5,3.401806480006168
127108,356,3.766854,3.737445838345683
127110,25,2.74,3.2653729279836017
127112,11,2.6363637,3.367261812335155
127114,114,3.6447368,3.609164394983431
127116,72,3.4513888,3.4828111929971666
127120,18,2.5,3.25592602000517
127124,36,3.3611112,3.458174084508142
127128,40,3.375,3.460032992892795
127130,85,3.4176471,3.4585405543998435
127132,10,2.65,3.381716171900431
127134,59,3.1355932,3.3156235480527267
127136,106,3.1037736,3.2397626302181144
127138,13,2.5769231,3.3317931758032904
127140,75,3.36,3.4272236919403074
127144,11,3.2727273,3.482015887244803
127146,125,3.672,3.6308740615844726
127148,16,3.46875,3.5136813539447207
127152,465,3.8569891,3.825054217310785
127156,14,3.5,3.521921396255493
127158,21,3.4285715,3.4986333813465817
127164,46,3.8804348,3.6969059159358344
127178,46,3.7065217,3.613572602470716
127180,46,4.0,3.754197597503662
127182,19,2.4736843,3.237724221271017
127184,12,2.9583333,3.4177898130109234
127186,33,3.7878788,3.631361062268177
127188,27,3.648148,3.5701684022878672
127194,20,2.65,3.2771853038242886
127196,72,3.3541667,3.4254342219868645
127198,339,3.5752213,3.5691593575906633
127200,24,2.8125,3.2959860724371834
127202,630,3.784127,3.765298496274387
127204,59,3.0254238,3.255990564276319
127206,48,3.53125,3.529622136330118
127208,40,2.925,3.2600329717000327
127212,62,3.3387096,3.423240751028061
127216,10,2.15,3.298382838567098
127218,68,2.9338236,3.185618416737702
127226,10,3.95,3.598382830619812
127234,9,3.1666667,3.472931696196734
127244,5,3.6,3.5345994342457163
127256,8,3.9375,3.58453395448882
127266,12,3.2916667,3.482305972806869
127288,10,3.45,3.5150494972864785
127294,16,3.71875,3.5742874145507812
127298,63,3.515873,3.5212651818199494
127302,6,2.25,3.3911244528634206
127305,9,2.8333333,3.422084214323658
127307,6,3.4166667,3.51612446137837
127309,7,3.357143,3.5070696462664688
127311,12,3.5416667,3.5306930695810625
127315,26,2.75,3.2618811757940995
127319,77,3.0064936,3.21183444195845
127321,31,2.887097,3.282752749360638
127323,40,2.75,3.1822552151150174
127390,90,3.3888888,3.4385926042284285
127441,32,3.734375,3.608572797077458
127443,5,3.4,3.516417633403431
127565,39,3.0128205,3.3022805412163896
127583,9,3.4444444,3.5153045613886946
127585,8,2.8125,3.4293615406957167
127606,5,3.8,3.552781256762418
127652,7,3.5,3.5246134975500274
127701,6,3.1666667,3.489338747092656
127724,11,3.4545455,3.5148027842162084
127861,6,3.5833333,3.533981587205614
127974,13,2.8076923,3.3794122082846507
128089,21,3.7857144,3.6042672043115322
128091,15,3.2333333,3.4600456861349254
128093,11,3.3636363,3.4984093142337485
128099,20,3.775,3.59861387525286
128151,10,3.65,3.548382838567098
128165,7,2.357143,3.384262628722609
128167,5,2.2,3.407326719977639
128169,9,1.6111112,3.2356435565625206
128251,8,3.5625,3.5328098165577857
128318,7,2.7142856,3.4281222569315055
128320,29,3.689655,3.587379319758355
128322,7,3.642857,3.542157348833586
128358,5,3.1,3.489144888791171
128360,1346,3.811664,3.801506342382349
128366,25,3.28,3.4453729152679444
128425,8,3.0625,3.4638442993164062
128429,9,3.1111112,3.4644571158845547
128439,8,3.5,3.524189126902613
128441,6,2.8333333,3.4536244443484714
128447,8,3.0625,3.4638442993164062
128478,15,3.2666667,3.4677379864912767
128488,94,3.0106382,3.1902983585993447
128508,5,3.6,3.5345994342457163
128510,12,3.75,3.5710156348443802
128512,329,3.2416413,3.2794273126093882
128518,8,3.0625,3.4638442993164062
128520,155,3.3548386,3.397087579820214
128538,6,3.75,3.5518387385777066
128540,14,3.2142856,3.4594213739037514
128542,38,2.881579,3.248897368257696
128544,8,2.5625,3.394878782075027
128552,6,2.0833333,3.3732673014913286
128592,43,2.2093024,2.9183115446439354
128594,37,3.662162,3.58509156073647
128600,10,2.6,3.373382806777954
128604,38,2.881579,3.248897368257696
128606,67,3.4552238,3.4863501186044807
128608,10,2.6,3.373382806777954
128610,5,3.7,3.5436903563412754
128612,5,3.4,3.516417633403431
128620,130,3.9730768,3.849460866716173
128622,10,3.85,3.5817161401112876
128626,7,3.0714285,3.4719819144198767
128632,31,2.516129,3.1407773936236345
128648,7,2.357143,3.384262628722609
128671,50,3.76,3.644029688835144
128679,13,4.076923,3.6413169361296154
128684,10,3.55,3.5317161480585733
128695,16,2.96875,3.3924692327325996
128715,7,3.7142856,3.5509292744753655
128723,7,3.2857144,3.4982977206246897
128727,9,2.7222223,3.405135090068235
128736,20,3.65,3.562899589538574
128812,9,3.4444444,3.5153045613886946
128830,8,3.8125,3.567292575178475
128832,33,3.0757575,3.3482285177851296
128838,345,3.2507246,3.2858302291435533
128842,16,1.71875,3.0894389297022964
128852,22,3.5,3.519485685560438
128854,15,3.5666666,3.5369687447181115
128862,6,3.6666667,3.542910175664084
128868,6,4.75,3.658981595720564
128872,5,3.9,3.5618721788579766
128898,8,2.75,3.420740851040544
128906,6,3.5833333,3.533981587205614
128908,14,3.7857144,3.584421418607235
128912,12,3.5833333,3.538757554946407
128914,12,3.3333333,3.4903704581722135
128918,5,2.8,3.461872165853327
128922,5,2.8,3.461872165853327
128924,8,3.5625,3.5328098165577857
128944,42,2.8095238,3.200032280839008
128952,5,2.9,3.4709630879488858
128954,6,3.4166667,3.51612446137837
128968,37,3.108108,3.349459390530641
128975,180,2.4944444,2.7191432869952656
128981,12,3.3333333,3.4903704581722135
128987,7,2.7857144,3.4368942118527595
128989,7,3.4285715,3.5158415719082483
128991,16,3.71875,3.5742874145507812
129005,5,3.3,3.5073267113078725
129009,10,4.25,3.648382822672526
129013,25,3.24,3.4320395946502686
129030,20,1.95,3.0771852902003696
129032,23,3.847826,3.6288077733288073
129078,13,3.6923077,3.561951898393177
129183,5,3.9,3.5618721788579766
129189,8,3.4375,3.515568437247441
129191,5,3.4,3.516417633403431
129199,8,3.0,3.4552236096612337
129229,14,2.642857,3.334421381354332
129233,9,2.7222223,3.405135090068235
129241,14,3.5,3.521921396255493
129245,9,3.2222223,3.4814062765089133
129250,23,1.8695652,3.005520138022018
129299,6,2.9166667,3.4625530328069414
129305,5,2.9,3.4709630879488858
129313,24,3.1666667,3.4108509630770296
129333,5,2.6,3.4436903433366255
129337,13,3.5769231,3.538142382152497
129340,10,3.75,3.565049489339193
129346,5,2.2,3.407326719977639
129350,8,2.4375,3.377637402764682
129354,751,3.454727,3.4593044907859203
129358,11,3.7272727,3.5639831081765596
129362,19,3.5,3.5203328892804575
129364,11,3.0454545,3.4410322767789245
129366,5,3.0,3.4800539883700283
129370,99,2.989899,3.1704896808470657
129372,19,2.8157895,3.3319270887236665
129397,15,3.1333334,3.4369687850658712
129401,18,3.4166667,3.498573099865633
129415,5,3.1,3.489144888791171
129428,139,3.3165467,3.3725024215758794
129437,17,3.5882354,3.543327922251687
129451,6,3.1666667,3.489338747092656
129474,9,2.3333333,3.34581302788298
129490,8,2.5625,3.394878782075027
129514,299,3.9782608,3.913761992167607
129644,8,2.9375,3.4466029200060615
129657,64,2.59375,3.0035348189504525
129659,102,3.6813726,3.630940650638781
129669,6,3.5833333,3.533981587205614
129675,9,3.8888888,3.583101167517193
129707,77,2.5324676,2.9244328727872353
129713,11,3.7272727,3.5639831081765596
129737,56,2.9017856,3.197197770172695
129739,29,3.8965516,3.663328683829006
129749,23,3.1956522,3.423328370264132
129771,10,3.05,3.44838281472524
129779,59,3.6525424,3.595440074938153
129781,32,3.453125,3.4988166995164827
129784,5,1.5,3.343690352006392
129786,7,2.642857,3.4193503312897264
129788,13,3.5384614,3.530205843940614
129816,7,3.0714285,3.4719819144198767
129818,13,3.3076923,3.4825868114592535
129820,28,3.767857,3.6141406083718324
129822,7,2.7857144,3.4368942118527595
129826,10,2.1,3.2900494734446206
129830,7,1.7142857,3.3053152540273834
129843,5,3.5,3.5255085338245737
129845,5,2.4,3.4255085424943403
129851,7,1.7142857,3.3053152540273834
129853,8,3.1875,3.481085678626751
129857,5,2.9,3.4709630879488858
129859,8,3.0,3.4552236096612337
129913,15,3.7,3.5677380011631894
129933,5,3.4,3.516417633403431
129935,5,3.3,3.5073267113078725
129937,322,3.1708074,3.2188251069796983
129941,8,2.9375,3.4466029200060615
129951,13,3.5,3.522269354926215
129958,9,3.9444444,3.5915757478293724
130034,9,2.8333333,3.422084214323658
130036,5,3.2,3.49823581088673
130044,26,2.9230769,3.3210916832873694
130050,12,2.7916667,3.385531779258482
130052,28,2.6607144,3.216704772068904
130066,8,3.0625,3.4638442993164062
130069,7,3.2857144,3.4982977206246897
130073,504,3.3005953,3.3211245347446483
130075,87,2.9597702,3.167175014523694
130081,8,3.0625,3.4638442993164062
130083,43,2.8023255,3.19250500330361
130087,104,2.8653846,3.0805387373094435
130204,6,3.0,3.471481595720564
130219,5,2.8,3.461872165853327
130233,9,3.2777777,3.4898808204521568
130247,5,3.0,3.4800539883700283
130347,14,4.214286,3.6781714260578156
130351,30,3.5833333,3.548787087202072
130374,17,4.0588236,3.6627309002093416
130382,6,2.5833333,3.4268387300627574
130392,9,3.0555556,3.4559825355723754
130396,8,2.6875,3.4121201613853716
130402,11,2.8636363,3.408245379807519
130442,11,2.3636363,3.3180814453812895
130444,7,2.857143,3.445666137494539
130448,134,2.5261195,2.7983857522840085
130450,143,2.7692308,2.9658185484495805
130452,186,3.1827958,3.2559448359376293
130458,10,2.6,3.373382806777954
130462,18,2.9444444,3.3735730718163883
130468,5,3.6,3.5345994342457163
130474,31,3.5,3.517320609387056
130476,5,3.0,3.4800539883700283
130490,919,3.1964092,3.213522236905723
130492,27,3.3703704,3.472765842041412
130494,5,3.6,3.5345994342457163
130496,77,2.7142856,3.0346689881302242
130498,13,3.0,3.419094751751612
130504,7,3.2142856,3.4895257657034353
130506,24,3.5625,3.5392293156804264
130508,29,3.4310346,3.4924426803105995
130510,20,3.575,3.541471004486084
130512,10,3.35,3.498382806777954
130518,32,3.484375,3.511011821467702
130520,389,3.2390745,3.2719884684525753
130522,14,2.7857144,3.365671418607235
130524,5,3.4,3.516417633403431
130526,5,2.7,3.4527812654321846
130576,70,3.3714285,3.4366913636525473
130578,73,2.9452055,3.182137944834019
130580,19,3.5263157,3.527579238449318
130582,22,3.5454545,3.5333745612038507
130586,6,4.0,3.5786244528634206
130588,23,3.326087,3.464424250877067
130618,26,3.6153846,3.5579337948247005
130628,27,3.8888888,3.6545839990888322
130630,11,3.2727273,3.482015887244803
130634,999,3.325826,3.335465274616238
130636,169,2.760355,2.9356299709511675
130642,24,3.2708333,3.4446346953108504
130644,16,3.78125,3.5894389297022964
130682,6,1.6666666,3.328624448605946
130684,41,2.8292682,3.21321940946055
130686,69,3.231884,3.3563274415601203
130746,6,2.0,3.3643387385777066
130784,14,3.3214285,3.4828588888049126
130840,96,3.484375,3.4993354065777504
130842,33,3.2424242,3.4144936096237366
130862,5,2.4,3.4255085424943403
130894,5,2.6,3.4436903433366255
130912,7,3.357143,3.5070696462664688
130956,88,2.9772727,3.176833125128262
130970,70,3.95,3.774191439151764
130976,14,3.5714285,3.5375463888049126
130978,35,3.8142858,3.645917303421918
130988,37,3.3648648,3.458654803791265
130992,11,3.7272727,3.5639831081765596
130998,5,2.9,3.4709630879488858
131013,407,3.0356266,3.089503316962745
131017,18,3.1666667,3.4323966292773975
131023,29,3.4310346,3.4924426803105995
131050,80,3.81875,3.7069458594689
131066,25,3.08,3.3787062327067057
131080,38,2.868421,3.243215571750294
131092,26,3.2692308,3.4395127798381604
131094,9,2.6111112,3.3881859294438765
131096,5,2.4,3.4255085424943403
131098,5,3.6,3.5345994342457163
131104,10,3.15,3.4650495052337646
131112,7,2.5,3.401806480006168
131130,6,2.6666667,3.435767318521227
131132,5,3.5,3.5255085338245737
131136,7,2.7142856,3.4281222569315055
131144,6,3.4166667,3.51612446137837
131146,5,3.0,3.4800539883700283
131148,5,3.0,3.4800539883700283
131160,5,3.5,3.5255085338245737
131166,6,3.3333333,3.5071958729199
131168,51,3.72549,3.627752119951909
131170,46,3.1413043,3.342739219466845
131176,13,3.3076923,3.4825868114592535
131180,10,2.2,3.3067161639531455
131231,5,3.2,3.49823581088673
131237,20,3.225,3.4414709636143277
131243,5,3.0,3.4800539883700283
131248,46,3.2282608,3.3844058761994043
131252,30,3.7166667,3.5987871289253235
131258,6,3.0,3.471481595720564
131262,5,2.0,3.3891448974609375
131270,30,3.3166666,3.4487870931625366
131389,12,3.3333333,3.4903704581722135
131433,17,3.4705882,3.5134771475151405
131437,5,2.8,3.461872165853327
131439,56,2.9910715,3.2443676534688697
131444,18,3.4444444,3.505926012992859
131446,26,3.5769231,3.5447759314587244
131448,8,2.875,3.437982230350889
131451,17,3.0294118,3.4015368632416227
131453,14,2.5,3.303171396255493
131457,10,3.15,3.4650495052337646
131464,16,3.15625,3.437923778187145
131470,23,2.826087,3.3068900043017244
131474,13,2.5384614,3.3238566375914074
131476,5,3.1,3.489144888791171
131478,11,2.409091,3.3262782018692767
131480,16,2.9375,3.384893475156842
131486,5,2.5,3.434599442915483
131502,10,3.6,3.5400494734446206
131504,6,2.5,3.417910167149135
131506,10,3.2,3.473382830619812
131556,5,3.5,3.5255085338245737
131620,11,2.6818182,3.375458525829628
131656,213,3.488263,3.4958287654267517
131658,32,3.484375,3.511011821467702
131714,89,3.1460674,3.283474577416619
131724,523,4.06979,4.022518464199951
131739,58,3.2068965,3.3555830452177258
131749,6,3.5,3.525053024291992
131751,6,3.25,3.4982673100062778
131796,165,3.5878787,3.573967235032902
131818,5,3.6,3.5345994342457163
131820,6,2.1666667,3.3821958899497986
131824,5,3.2,3.49823581088673
131826,16,3.21875,3.45307529333866
131830,35,3.5,3.516505521886489
131832,5,3.2,3.49823581088673
131834,9,2.7777777,3.4136096340114785
131842,24,3.0416667,3.3703104225364893
131848,9,2.3333333,3.34581302788298
131850,10,2.7,3.3900494972864785
131880,5,2.8,3.461872165853327
131920,29,3.3793104,3.4734553174127507
131934,5,1.9,3.380053986202587
131936,5,2.4,3.4255085424943403
131980,6,4.5,3.6321958814348494
132012,14,2.9285715,3.3969214037060738
132046,790,3.2018988,3.2213131331262135
132056,27,2.8888888,3.3039346484394816
132058,7,3.4285715,3.5158415719082483
132062,5,2.4,3.4255085424943403
132068,21,3.642857,3.562013632814649
132070,12,3.7083333,3.562951103333504
132074,19,3.6578948,3.563811181248098
132106,6,2.8333333,3.4536244443484714
132112,50,3.28,3.404029679298401
132118,6,3.4166667,3.51612446137837
132122,6,2.8333333,3.4536244443484714
132128,43,3.5232558,3.5258383853461153
132130,11,2.5454545,3.3508683423526953
132132,5,3.0,3.4800539883700283
132136,11,3.090909,3.4492289902733977
132140,7,3.2142856,3.4895257657034353
132144,12,3.2916667,3.482305972806869
132146,22,3.340909,3.470874547958374
132150,5,2.8,3.461872165853327
132153,9,3.1666667,3.472931696196734
132157,181,2.0469613,2.367545307456673
132159,8,2.75,3.420740851040544
132167,8,3.4375,3.515568437247441
132169,8,3.375,3.5069477475922683
132173,22,3.4772727,3.5125412477387323
132178,5,3.0,3.4800539883700283
132182,7,3.0714285,3.4719819144198767
132192,5,3.6,3.5345994342457163
132315,5,2.0,3.3891448974609375
132335,13,3.3461537,3.4905233004736522
132344,14,2.5357144,3.310983918607235
132356,8,2.25,3.3517753337991647
132358,20,3.35,3.4771852493286133
132360,5,1.8,3.370963074944236
132362,19,3.9736843,3.6507676995318867
132377,18,2.0555556,3.138278968193952
132381,15,3.3,3.475430286847628
132414,5,3.6,3.5345994342457163
132418,10,2.25,3.315049489339193
132422,6,3.25,3.4982673100062778
132424,196,3.6734693,3.6439144436906026
132430,8,3.6875,3.5500511958681304
132432,5,3.2,3.49823581088673
132434,7,2.7142856,3.4281222569315055
132442,21,2.6190476,3.2591967582702637
132446,40,3.2625,3.410033014085558
132454,5,3.0,3.4800539883700283
132456,46,3.5652175,3.545864313840866
132458,20,3.4,3.4914710181100026
132462,8,1.75,3.2828098165577857
132468,10,3.5,3.523382822672526
132472,14,3.7857144,3.584421418607235
132480,395,3.5620253,3.558208912945865
132484,13,2.6923077,3.3556026920439703
132486,9,3.2222223,3.4814062765089133
132488,6,2.1666667,3.3821958899497986
132490,15,3.6,3.544661045074463
132492,9,3.5,3.523779141700874
132494,7,3.9285715,3.577245080680178
132496,71,3.366197,3.4330823480590316
132520,6,1.75,3.337553024291992
132524,12,2.5416667,3.3371446824842885
132539,5,3.2,3.49823581088673
132545,5,2.8,3.461872165853327
132549,47,3.3723404,3.4526079389237867
132555,13,4.0384617,3.6333804963127014
132561,6,3.75,3.5518387385777066
132569,30,3.1333334,3.380037158727646
132577,8,2.8125,3.4293615406957167
132579,8,3.25,3.4897063682819236
132584,18,2.5833333,3.277984822497648
132590,8,3.5,3.524189126902613
132592,8,2.4375,3.377637402764682
132594,12,2.5416667,3.3371446824842885
132608,10,3.1,3.4567161401112876
132614,10,3.45,3.5150494972864785
132616,14,2.25,3.248483896255493
132618,9,2.8333333,3.422084214323658
132624,7,3.5,3.5246134975500274
132626,12,2.2916667,3.288757585710095
132630,38,3.1052632,3.3454883206974375
132632,36,3.4861112,3.510499665903491
132634,5,2.9,3.4709630879488858
132638,7,3.0714285,3.4719819144198767
132650,18,2.7222223,3.3147495774661793
132652,20,3.35,3.4771852493286133
132656,19,2.2368422,3.1725068161453027
132658,9,3.4444444,3.5153045613886946
132660,139,3.438849,3.4624496111794123
132735,5,1.6,3.3527812632647427
132758,6,3.1666667,3.489338747092656
132796,578,2.7889273,2.847775411453976
132798,50,2.96,3.244029712677002
132800,86,3.1337209,3.278698269058676
132874,5,3.4,3.516417633403431
132883,43,3.6744187,3.5957308917917232
132888,42,3.6309524,3.57503226528997
132906,11,2.6818182,3.375458525829628
132908,5,2.2,3.407326719977639
132910,6,2.25,3.3911244528634206
132950,5,4.2,3.5891448801214043
132952,26,3.7115386,3.5908285755860176
132958,5,3.6,3.5345994342457163
132961,139,3.5215828,3.523296213654614
132965,20,3.35,3.4771852493286133
132971,10,3.75,3.565049489339193
132977,14,3.0357144,3.420358918607235
132979,11,2.6818182,3.375458525829628
132989,12,3.0416667,3.4339188760326755
132991,12,3.375,3.4984349896830897
132995,7,3.142857,3.4807538400616562
132997,10,2.95,3.4317161639531455
133001,12,3.25,3.4742414412959928
133121,6,1.5,3.3107673100062778
133123,24,2.8125,3.2959860724371834
133125,12,2.4166667,3.3129511340971916
133127,19,2.5263157,3.2522169196087383
133129,12,2.0833333,3.248434974301246
133131,7,2.0714285,3.349174896876017
133133,12,2.5,3.3290801509734123
133135,10,2.3,3.32338281472524
133137,11,2.1818182,3.285294591403398
133139,15,2.5333333,3.2985072135925293
133141,12,2.25,3.2806930541992188
133143,9,2.7777777,3.4136096340114785
133145,17,2.5,3.267208497915695
133147,10,2.85,3.4150494734446206
133149,12,2.3333333,3.2968220710754395
133151,9,2.7222223,3.405135090068235
133153,12,2.5833333,3.345209167849633
133155,11,2.409091,3.3262782018692767
133157,8,2.8125,3.4293615406957167
133159,9,2.3333333,3.34581302788298
133161,7,2.357143,3.384262628722609
133163,7,2.2857144,3.3754907030808297
133165,11,2.0,3.252507694431993
133167,17,3.1764705,3.43885027116804
133169,10,2.2,3.3067161639531455
133171,9,2.1666667,3.320389323315378
133173,10,1.8,3.2400494813919067
133185,38,3.4736843,3.5045792406255547
133195,276,3.057971,3.130070446459062
133199,8,3.0625,3.4638442993164062
133205,17,3.4411764,3.506014453831004
133207,7,3.2857144,3.4982977206246897
133209,8,3.5625,3.5328098165577857
133215,11,3.6818182,3.555786394682087
133219,39,3.1923077,3.3809322480405313
133221,5,4.2,3.5891448801214043
133225,8,2.75,3.420740851040544
133229,9,4.0555553,3.6085248720847956
133233,5,3.0,3.4800539883700283
133241,5,2.5,3.434599442915483
133276,9,3.3333333,3.498355400764336
133281,66,2.810606,3.1198531512556404
133291,5,3.8,3.552781256762418
133295,8,3.625,3.541430506212958
133325,5,3.4,3.516417633403431
133333,5,3.5,3.5255085338245737
133335,5,3.4,3.516417633403431
133347,13,3.5,3.522269354926215
133349,7,3.2857144,3.4982977206246897
133357,11,3.8181818,3.5803765351655055
133361,8,3.4375,3.515568437247441
133365,8,3.0625,3.4638442993164062
133367,7,3.5,3.5246134975500274
133377,62,2.733871,3.0884193778038025
133383,10,3.5,3.523382822672526
133385,7,3.0714285,3.4719819144198767
133389,43,3.3255813,3.4344404923018588
133391,5,3.1,3.489144888791171
133413,5,2.7,3.4527812654321846
133417,14,1.8214285,3.1547338888049126
133419,575,3.1513042,3.1814446563720704
133437,11,3.8181818,3.5803765351655055
133439,5,3.4,3.516417633403431
133441,5,3.9,3.5618721788579766
133457,6,3.75,3.5518387385777066
133545,47,3.1702127,3.354669777388425
133581,5,3.5,3.5255085338245737
133583,16,3.28125,3.4682268084901753
133602,7,4.071429,3.594788961243211
133645,284,3.5228872,3.523661504962487
133647,10,3.35,3.498382806777954
133649,6,2.6666667,3.435767318521227
133653,12,3.8333333,3.587144651720601
133671,6,3.75,3.5518387385777066
133689,10,2.3,3.32338281472524
133691,9,3.6111112,3.5407283023252325
133693,5,3.5,3.5255085338245737
133695,7,3.642857,3.542157348833586
133697,7,3.5714285,3.533385423191807
133699,10,4.1,3.623382806777954
133703,5,3.2,3.49823581088673
133710,17,2.8529413,3.356760761631069
133712,28,3.8392856,3.6397816217862644
133714,6,3.0833333,3.480410158634186
133716,13,3.8076923,3.585761414633857
133729,11,2.1818182,3.285294591403398
133731,16,2.65625,3.3167116569750235
133741,5,3.4,3.516417633403431
133747,17,2.4411764,3.2522831105474217
133753,15,2.8,3.3600456714630127
133759,6,2.3333333,3.400053015777043
133767,21,3.7380953,3.590182680479238
133769,21,3.8333333,3.618351657625655
133771,414,3.576087,3.570911608893296
133778,6,3.6666667,3.542910175664084
133782,66,2.7575758,3.0896807662371932
133798,98,2.7142856,2.9892091847754814
133802,124,3.576613,3.5626607763356177
133806,7,2.2857144,3.3754907030808297
133814,5,3.6,3.5345994342457163
133824,35,1.4857143,2.687093769802767
133832,52,2.9230769,3.219636926464006
133837,7,1.9285715,3.3316310455924585
133859,5,3.4,3.516417633403431
133867,37,2.9324324,3.2747467660355842
133869,26,3.0192308,3.353986464048687
133873,11,3.590909,3.539392924699627
133885,12,3.375,3.4984349896830897
133887,12,3.2083333,3.466176909785117
133891,5,3.1,3.489144888791171
133893,8,2.875,3.437982230350889
133945,25,3.52,3.5253729184468585
134013,6,2.5,3.417910167149135
134019,6,2.9166667,3.4625530328069414
134021,29,3.4482758,3.498771742929386
134023,5,3.8,3.552781256762418
134041,19,4.105263,3.6869995766791743
134083,6,3.75,3.5518387385777066
134085,5,3.7,3.5436903563412754
134095,5,3.3,3.5073267113078725
134101,6,3.0,3.471481595720564
134107,7,3.2857144,3.4982977206246897
134109,28,3.517857,3.5243970186282425
134115,8,4.5,3.6621201613853716
134117,22,1.4545455,2.894485698805915
134126,5,2.4,3.4255085424943403
134130,5374,4.0261445,4.021553011946271
134158,17,2.5882354,3.289596578968105
134168,6,2.3333333,3.400053015777043
134170,566,3.5874557,3.5826346162077667
134178,9,3.9444444,3.5915757478293724
134180,14,3.3214285,3.4828588888049126
134182,12,3.5416667,3.5306930695810625
134184,37,3.7702703,3.6310686462226953
134204,23,3.4347825,3.4986707804954214
134214,179,3.5642457,3.5563447589957558
134230,19,3.5263157,3.527579238449318
134232,6,3.1666667,3.489338747092656
134234,16,3.5,3.521257111520478
134236,11,4.090909,3.6295568591258567
134238,6,3.0833333,3.480410158634186
134240,7,3.5714285,3.533385423191807
134246,68,3.0661764,3.261889538522494
134248,83,3.1024096,3.2624283177512035
134250,8,3.875,3.575913264833648
134252,17,3.7941177,3.5955667175463777
134326,20,3.8,3.6057566915239607
134332,10,3.35,3.498382806777954
134334,11,3.6363637,3.547589681187614
134338,7,2.7857144,3.4368942118527595
134342,13,3.4230769,3.506396327699934
134344,6,3.5,3.525053024291992
134348,13,3.5,3.522269354926215
134354,6,4.0,3.5786244528634206
134356,5,3.8,3.552781256762418
134368,1062,3.5357816,3.535434399148543
134370,8,3.125,3.472464988971579
134374,46,3.4891305,3.509405960639318
134378,14,3.7857144,3.584421418607235
134393,727,3.2235212,3.243118282450672
134499,5,1.9,3.380053986202587
134509,5,2.1,3.39823579788208
134515,5,2.6,3.4436903433366255
134517,6,3.5,3.525053024291992
134519,7,3.5,3.5246134975500274
134521,9,3.6111112,3.5407283023252325
134528,179,2.6955307,2.8773054857961995
134538,5,3.1,3.489144888791171
134569,60,3.0,3.240026994185014
134575,10,2.8,3.4067161480585733
134579,10,3.5,3.523382822672526
134583,10,3.4,3.506716171900431
134585,6,4.1666665,3.596481578690665
134587,13,2.5384614,3.3238566375914074
134601,18,3.5555556,3.5353377917233635
134629,8,2.0,3.317292575178475
134643,9,2.6111112,3.3881859294438765
134657,5,3.3,3.5073267113078725
134659,15,3.4666667,3.5138918436490574
134664,5,2.4,3.4255085424943403
134680,37,3.9594595,3.7115284190780815
134684,5,4.2,3.5891448801214043
134704,11,3.1363637,3.4574257467613845
134706,8,2.9375,3.4466029200060615
134712,7,3.7142856,3.5509292744753655
134747,5,3.2,3.49823581088673
134751,18,3.7777777,3.5941612860735725
134775,24,2.8125,3.2959860724371834
134777,9,2.8333333,3.422084214323658
134779,7,3.0714285,3.4719819144198767
134781,5,3.0,3.4800539883700283
134783,193,3.031088,3.1333455774519177
134785,6,3.5833333,3.533981587205614
134796,27,3.8703704,3.648090517366087
134802,5,2.7,3.4527812654321846
134812,5,3.2,3.49823581088673
134819,5,2.4,3.4255085424943403
134821,15,3.3333333,3.4831225872039795
134833,6,3.5,3.525053024291992
134847,6,2.8333333,3.4536244443484714
134849,96,4.0989585,3.9034451001311004
134851,22,3.0227273,3.3736523456043668
134853,5561,3.950099,3.946338167974091
134859,46,3.3695652,3.45211427907149
134861,15,3.5,3.5215841440054088
134867,24,3.4166667,3.4919320441581108
134871,7,3.2142856,3.4895257657034353
134879,22,3.590909,3.547263436847263
134881,177,3.7457628,3.6978105259361773
134915,5,3.3,3.5073267113078725
134917,6,2.5833333,3.4268387300627574
134943,9,3.0555556,3.4559825355723754
134945,23,3.0652175,3.3822324896511966
135117,7,3.0714285,3.4719819144198767
135127,9,3.2777777,3.4898808204521568
135131,5,2.3,3.4164176203987817
135133,1176,3.410289,3.415092080880145
135135,28,3.1607144,3.3961919515560837
135137,457,2.6137855,2.70395058240646
135141,119,3.092437,3.2213193834180665
135166,17,3.5588236,3.5358652285675505
135178,5,2.8,3.461872165853327
135190,5,4.1,3.5800539797002617
135198,5,3.7,3.5436903563412754
135202,8,3.5625,3.5328098165577857
135204,9,3.5,3.523779141700874
135212,7,3.2857144,3.4982977206246897
135216,41,1.5609756,2.6417908458919315
135240,6,3.3333333,3.5071958729199
135248,11,2.909091,3.4164421362955064
135264,17,3.235294,3.4537756585363133
135266,13,2.8461537,3.387348697299049
135268,11,3.4545455,3.5148027842162084
135270,6,3.4166667,3.51612446137837
135272,6,3.0,3.471481595720564
135274,9,2.7222223,3.405135090068235
135276,6,3.25,3.4982673100062778
135278,10,3.0,3.440049489339193
135282,6,3.5833333,3.533981587205614
135288,288,3.4184027,3.4346240794164893
135290,8,2.9375,3.4466029200060615
135430,5,3.9,3.5618721788579766
135436,6,3.3333333,3.5071958729199
135440,7,3.642857,3.542157348833586
135442,25,3.48,3.5120395978291827
135444,7,3.7857144,3.5597012293966195
135454,7,2.0714285,3.349174896876017
135456,73,4.0958905,3.8650648574518964
135462,10,3.4,3.506716171900431
135484,5,2.8,3.461872165853327
135488,5,2.0,3.3891448974609375
135500,7,2.9285715,3.454438063136318
135502,21,3.857143,3.625393954800888
135504,51,3.637255,3.5831977424055044
135506,7,3.142857,3.4807538400616562
135508,19,2.368421,3.2087386932925903
135512,11,3.7727273,3.5721798216710323
135518,264,3.1988637,3.251283433027328
135520,6,2.25,3.3911244528634206
135528,11,3.1818182,3.465622460255857
135530,12,3.25,3.4742414412959928
135532,177,2.9858756,3.1052993467725845
135534,80,2.75,3.049253610464243
135536,12,2.7083333,3.36940271623673
135539,6,1.25,3.283981595720564
135555,5,2.5,3.434599442915483
135557,7,3.4285715,3.5158415719082483
135567,173,3.6069365,3.5892510136146716
135569,9,3.5,3.523779141700874
135597,7,2.5,3.401806480006168
135599,12,2.5,3.3290801509734123
135601,13,3.4615386,3.514332865911817
135603,9,3.7777777,3.5661520068928345
135613,6,2.75,3.4446958814348494
135623,12,3.2083333,3.466176909785117
135625,23,2.8695652,3.320588631172703
135627,7,2.642857,3.4193503312897264
135655,5,3.3,3.5073267113078725
135693,11,2.7272727,3.3836552393241006
135695,15,3.4,3.4985072429363546
135701,6,3.1666667,3.489338747092656
135717,6,4.0833335,3.5875530413218906
135729,7,2.642857,3.4193503312897264
135745,7,3.2142856,3.4895257657034353
135753,9,3.5,3.523779141700874
135759,5,3.5,3.5255085338245737
135761,7,3.857143,3.5684731550383986
135763,7,3.4285715,3.5158415719082483
135765,9,3.7222223,3.557677462949591
135767,12,3.5416667,3.5306930695810625
135769,6,3.0833333,3.480410158634186
135771,5,2.4,3.4255085424943403
135777,10,3.5,3.523382822672526
135781,5,4.0,3.570963079279119
135791,8,2.8125,3.4293615406957167
135795,6,3.5,3.525053024291992
135797,9,3.5555556,3.532253722013053
135799,6,2.5833333,3.4268387300627574
135823,19,2.3947368,3.2159850424614507
135825,10,3.0,3.440049489339193
135829,13,3.0769231,3.4349677789778936
135831,8,2.0,3.317292575178475
135839,7,3.5714285,3.533385423191807
135841,5,4.1,3.5800539797002617
135848,19,3.1578948,3.426130021827808
135852,8,3.0,3.4552236096612337
135854,5,3.8,3.552781256762418
135861,590,3.0025423,3.043598283082247
135867,11,3.7727273,3.5721798216710323
135875,32,3.671875,3.584182553175019
135877,10,1.7,3.223382830619812
135885,61,3.0245903,3.2513781517475575
135887,933,3.1473742,3.1667375933238717
135889,17,2.6176472,3.2970592726522416
135919,5,4.0,3.570963079279119
135937,5,3.2,3.49823581088673
135953,10,2.65,3.381716171900431
135955,5,2.8,3.461872165853327
135979,10,2.75,3.398382822672526
135989,5,2.8,3.461872165853327
135991,12,3.125,3.4500478929088962
136016,286,3.270979,3.3092349483853294
136018,380,3.3,3.326518491257069
136020,1254,3.3070176,3.315493094774843
136022,8,2.0,3.317292575178475
136024,5,4.4,3.607326724312522
136030,7,2.142857,3.3579468225177966
136190,8,2.625,3.4034994717301994
136204,64,4.0,3.7930085031609786
136217,5,1.8,3.370963074944236
136221,9,1.6666666,3.244118118690232
136239,21,2.7142856,3.287365735416681
136245,13,2.9615386,3.4111582627372137
136247,17,3.3823528,3.49108906646273
136249,9,2.1666667,3.320389323315378
136251,5,3.3,3.5073267113078725
136257,8,0.875,3.1621201613853716
136297,7,3.2142856,3.4895257657034353
136305,47,1.4468085,2.51961821502017
136309,6,2.0833333,3.3732673014913286
136331,11,3.4545455,3.5148027842162084
136333,9,3.0,3.447507955260196
136335,13,3.1923077,3.4587772952185736
136337,17,3.0294118,3.4015368632416227
136339,7,3.2142856,3.4895257657034353
136341,9,3.1111112,3.4644571158845547
136343,8,3.125,3.472464988971579
136345,11,3.2727273,3.482015887244803
136347,10,3.15,3.4650495052337646
136349,8,3.375,3.5069477475922683
136351,8,3.125,3.472464988971579
136353,11,3.0454545,3.4410322767789245
136355,7,3.5,3.5246134975500274
136359,8,2.125,3.33453395448882
136361,7,2.642857,3.4193503312897264
136369,8,3.0,3.4552236096612337
136373,6,3.4166667,3.51612446137837
136419,5,2.9,3.4709630879488858
136431,9,3.4444444,3.5153045613886946
136441,7,3.4285715,3.5158415719082483
136443,16,3.53125,3.528832869096236
136445,36,4.125,3.7779415041901343
136447,53,3.971698,3.7563394736317757
136449,176,4.0,3.8955883600015557
136451,15,2.7666667,3.3523533711066613
136455,5,2.4,3.4255085424943403
136457,23,3.4782608,3.5123694073664
136459,26,3.5961537,3.551354822359587
136463,14,3.6785715,3.5609839037060738
136467,22,3.1136363,3.4014300968911915
136469,12,4.1666665,3.651660765371015
136471,11,3.909091,3.5967700051479654
136475,14,2.892857,3.389108881354332
136477,13,3.6538463,3.5540154093787786
136483,6,3.8333333,3.5607673014913286
136485,54,3.5370371,3.532720909668849
136491,7,3.2857144,3.4982977206246897
136495,18,4.0277777,3.6603377566618076
136497,16,3.90625,3.6197419600053267
136501,14,3.357143,3.4906714111566544
136515,9,3.1666667,3.472931696196734
136517,5,2.5,3.434599442915483
136530,12,2.625,3.3532736993605092
136534,7,2.0714285,3.349174896876017
136536,7,1.9285715,3.3316310455924585
136538,16,3.78125,3.5894389297022964
136540,5,3.4,3.516417633403431
136542,25,2.98,3.345372931162516
136556,15,2.7333333,3.34466107075031
136562,412,3.4004855,3.4142922116564467
136564,96,3.34375,3.406869653153093
136580,9,2.8333333,3.422084214323658
136588,16,3.59375,3.543984384247751
136590,10,2.9,3.423382838567098
136596,9,3.3333333,3.498355400764336
136598,241,3.226141,3.2780169916316817
136602,80,3.23125,3.345407485961914
136618,8,2.0625,3.325913264833648
136620,6,2.8333333,3.4536244443484714
136622,9,2.8333333,3.422084214323658
136624,7,3.2142856,3.4895257657034353
136628,5,3.9,3.5618721788579766
136632,6,2.0,3.3643387385777066
136636,9,2.5,3.371236768819518
136642,14,2.6785715,3.3422339037060738
136652,6,3.5,3.525053024291992
136654,8,2.25,3.3517753337991647
136656,18,2.8333333,3.3441612930858837
136664,5,2.4,3.4255085424943403
136666,11,2.8181818,3.4000486663130465
136684,5,3.0,3.4800539883700283
136686,14,3.0357144,3.420358918607235
136688,6,2.25,3.3911244528634206
136694,6,2.6666667,3.435767318521227
136698,12,2.4166667,3.3129511340971916
136712,5,3.3,3.5073267113078725
136722,11,2.8636363,3.408245379807519
136752,6,2.4166667,3.408981604235513
136754,12,3.375,3.4984349896830897
136784,6,3.25,3.4982673100062778
136786,7,3.2142856,3.4895257657034353
136798,21,2.6666667,3.273281282102558
136800,19,2.0526316,3.1217821750088013
136816,7,3.5,3.5246134975500274
136834,5,1.7,3.3618721745230933
136857,5,2.5,3.434599442915483
136859,5,2.7,3.4527812654321846
136864,422,2.9182465,2.9828453296321933
136890,10,3.9,3.5900495052337646
136894,10,3.6,3.5400494734446206
136910,6,3.25,3.4982673100062778
136920,7,2.2142856,3.3667187481595757
136926,18,3.1944444,3.4397495424046234
136936,7,2.642857,3.4193503312897264
136938,9,1.7777778,3.2610672793145907
136956,11,3.2272727,3.4738191737503303
137062,17,3.5588236,3.5358652285675505
137108,8,3.125,3.472464988971579
137112,10,2.85,3.4150494734446206
137154,5,2.3,3.4164176203987817
137228,5,4.0,3.570963079279119
137278,11,3.8181818,3.5803765351655055
137296,12,3.25,3.4742414412959928
137337,297,3.7693603,3.7345907193439496
137345,5,2.9,3.4709630879488858
137377,5,2.9,3.4709630879488858
137387,6,3.3333333,3.5071958729199
137395,7,3.2142856,3.4895257657034353
137457,14,2.9642856,3.4047338739037514
137463,5,2.8,3.461872165853327
137475,5,2.9,3.4709630879488858
137557,5,2.3,3.4164176203987817
137561,12,3.5416667,3.5306930695810625
137563,14,2.5714285,3.3187963888049126
137595,119,2.7142856,2.9550470840296095
137614,9,3.0,3.447507955260196
137616,7,2.857143,3.445666137494539
137759,10,3.3,3.4900494813919067
137761,15,3.5333333,3.52927644436176
137857,238,3.6995797,3.66980188091596
137859,6,3.25,3.4982673100062778
137863,25,3.14,3.398706293106079
137900,7,2.2857144,3.3754907030808297
137904,31,3.7419355,3.609913204923088
137910,5,3.1,3.489144888791171
137920,6,2.4166667,3.408981604235513
138026,6,3.5,3.525053024291992
138032,6,3.3333333,3.5071958729199
138036,1079,3.670065,3.6637759297373447
138104,47,3.2765958,3.406216220757396
138154,6,2.5833333,3.4268387300627574
138202,25,2.66,3.23870628674825
138204,74,3.2027028,3.3338949488055323
138208,271,3.6088562,3.5962710276571017
138210,57,3.3596492,3.4383455392356232
138224,5,3.5,3.5255085338245737
138230,37,2.837838,3.234516930306095
138258,11,2.909091,3.4164421362955064
138366,5,3.2,3.49823581088673
138500,7,3.357143,3.5070696462664688
138606,7,3.857143,3.5684731550383986
138610,28,2.1964285,3.050038056495862
138630,5,3.8,3.552781256762418
138632,8,2.75,3.420740851040544
138680,5,2.7,3.4527812654321846
138702,260,3.9576924,3.888396739959717
138798,16,1.75,3.097014687278054
138804,5,2.3,3.4164176203987817
138808,16,3.34375,3.4833783236416904
138868,9,2.5555556,3.3797113491316972
138898,12,4.0833335,3.635531794640326
138944,16,2.78125,3.347014687278054
138952,15,2.0666666,3.1908148985642653
138966,5,3.4,3.516417633403431
139046,6,3.9166667,3.5696958899497986
139052,69,3.1956522,3.335319112328922
139084,13,3.0384614,3.4270312407660106
139090,15,4.1666665,3.675430261171781
139092,5,3.9,3.5618721788579766
139098,21,3.9761906,3.660605229122538
139100,21,4.095238,3.695816503444188
139106,5,4.2,3.5891448801214043
139114,5,3.9,3.5618721788579766
139120,39,3.8205128,3.656213117449471
139130,75,3.6066666,3.575223693847656
139148,27,3.1666667,3.401337292287257
139195,16,3.75,3.581863172126539
139205,13,3.7692308,3.5778249256194585
139207,6,2.5833333,3.4268387300627574
139213,7,3.7857144,3.5597012293966195
139317,13,3.0769231,3.4349677789778936
139385,1869,3.8322632,3.8243371279926706
139415,153,3.228758,3.302477626377726
139417,37,2.9594595,3.2862410627562424
139419,11,3.8181818,3.5803765351655055
139421,7,3.0,3.4632099887780976
139495,6,3.6666667,3.542910175664084
139501,5,2.7,3.4527812654321846
139507,7,2.4285715,3.3930345543643883
139511,6,3.1666667,3.489338747092656
139513,5,3.3,3.5073267113078725
139517,6,2.75,3.4446958814348494
139519,7,2.5,3.401806480006168
139521,6,2.75,3.4446958814348494
139525,36,3.5555556,3.5395694222561147
139539,5,2.2,3.407326719977639
139553,8,3.6875,3.5500511958681304
139575,24,3.7083333,3.586526587202742
139584,8,3.125,3.472464988971579
139606,11,3.5,3.5229994977106815
139608,16,3.21875,3.45307529333866
139620,27,4.0740743,3.7195191507215624
139626,9,3.2777777,3.4898808204521568
139634,11,3.3636363,3.4984093142337485
139636,6,3.8333333,3.5607673014913286
139640,13,2.9230769,3.4032217245253307
139642,403,3.4739454,3.479918227816786
139644,1042,3.802783,3.7902040918231448
139655,75,3.2733333,3.375223741531372
139713,10,2.5,3.3567161560058594
139715,12,2.4583333,3.3210156194625364
139721,61,3.918033,3.742369147034379
139723,12,2.625,3.3532736993605092
139727,6,3.5,3.525053024291992
139747,64,3.6484375,3.595640082108347
139757,46,3.7282608,3.6239892095327377
139759,12,2.0416667,3.240370488935901
139761,7,0.78571427,3.191280162125303
139775,18,3.5,3.520631902358111
139779,5,2.0,3.3891448974609375
139797,9,1.8888888,3.2780164217544816
139799,5,2.2,3.407326719977639
139803,8,3.375,3.5069477475922683
139805,6,2.9166667,3.4625530328069414
139811,5,3.7,3.5436903563412754
139847,7,2.2142856,3.3667187481595757
139855,184,3.5108695,3.5145425551976914
139857,26,3.5384614,3.531617986528497
139859,31,3.3225806,3.449419348328202
139861,27,3.574074,3.544194391795567
139863,21,3.6190476,3.5549714061575877
139869,6,3.5,3.525053024291992
139871,6,3.5833333,3.533981587205614
139879,8,3.75,3.5586718855233026
139913,6,3.3333333,3.5071958729199
139915,31,3.1290324,3.3753453448966697
140012,5,2.6,3.4436903433366255
140038,10,3.85,3.5817161401112876
140074,25,2.3,3.118706242243449
140096,5,3.1,3.489144888791171
140106,10,3.4,3.506716171900431
140110,772,3.6658032,3.657424616987688
140115,15,1.9333333,3.1600456696290236
140131,33,2.9848485,3.3120839739420327
140146,14,3.357143,3.4906714111566544
140152,6,3.6666667,3.542910175664084
140160,29,2.7068965,3.226619862302949
140162,54,3.2870371,3.402913217361157
140174,935,4.040642,4.014622373629343
140190,6,3.3333333,3.5071958729199
140196,6,2.25,3.3911244528634206
140208,5,3.8,3.552781256762418
140212,14,2.9285715,3.3969214037060738
140237,12,2.75,3.3774672477476058
140245,6,3.0,3.471481595720564
140247,337,3.5014837,3.5049172328732117
140261,5,2.2,3.407326719977639
140265,33,4.1363635,3.7699152417929778
140267,207,3.4178743,3.4393111165859356
140269,7,3.9285715,3.577245080680178
140275,9,3.3888888,3.5068299810765153
140289,19,3.5789473,3.5420720024385313
140295,6,3.6666667,3.542910175664084
140301,17,3.5294118,3.528402534883414
140309,8,2.9375,3.4466029200060615
140311,5,3.4,3.516417633403431
140315,12,3.4583333,3.5145640065593104
140339,7,2.857143,3.445666137494539
140341,44,3.090909,3.323435803677173
140345,5,2.6,3.4436903433366255
140349,12,3.0833333,3.44198336139802
140365,8,3.375,3.5069477475922683
140367,13,3.2307692,3.4667137842329723
140383,18,2.8888888,3.358867182451136
140393,6,2.75,3.4446958814348494
140397,7,3.2857144,3.4982977206246897
140447,5,3.5,3.5255085338245737
140459,7,2.642857,3.4193503312897264
140461,7,2.5,3.401806480006168
140477,7,2.7142856,3.4281222569315055
140481,68,3.3455882,3.422906503839008
140491,10,3.35,3.498382806777954
140511,13,2.8461537,3.387348697299049
140521,5,2.0,3.3891448974609375
140523,222,3.0585585,3.1448637808070465
140525,52,3.1634614,3.342185927372353
140529,57,2.631579,3.050495027381683
140541,5,2.9,3.4709630879488858
140545,9,2.7222223,3.405135090068235
140549,5,2.7,3.4527812654321846
140553,9,3.5555556,3.532253722013053
140561,5,3.0,3.4800539883700283
140565,8,3.0,3.4552236096612337
140579,6,3.5833333,3.533981587205614
140581,26,3.4615386,3.505302259796544
140617,5,2.7,3.4527812654321846
140619,7,2.9285715,3.454438063136318
140627,9,3.6111112,3.5407283023252325
140701,15,2.6666667,3.329276470037607
140703,6,3.25,3.4982673100062778
140709,11,2.8181818,3.4000486663130465
140711,300,3.1316667,3.1882941927228656
140713,81,3.4382715,3.472541699882682
140715,524,3.7585878,3.738506961782635
140725,78,3.275641,3.3742419108748436
140731,5,2.7,3.4527812654321846
140733,7,2.642857,3.4193503312897264
140737,95,4.2157893,3.9786410660579286
140747,12,3.625,3.5468220864572833
140757,5,2.1,3.39823579788208
140759,6,3.8333333,3.5607673014913286
140769,18,3.9444444,3.6382789541693294
140773,11,3.590909,3.539392924699627
140777,5,2.6,3.4436903433366255
140787,5,3.3,3.5073267113078725
140795,5,3.5,3.5255085338245737
140797,6,3.75,3.5518387385777066
140805,31,2.7580645,3.2333699891596663
140807,12,3.625,3.5468220864572833
140809,11,3.590909,3.539392924699627
140811,13,3.5769231,3.538142382152497
140816,85,3.6411765,3.599281249222932
140820,36,2.7083333,3.184918215108472
140838,6,2.5833333,3.4268387300627574
140842,5,3.8,3.552781256762418
140844,5,3.3,3.5073267113078725
140846,7,2.9285715,3.454438063136318
140848,5,3.1,3.489144888791171
140850,12,2.8333333,3.3935962646238265
140852,5,3.1,3.489144888791171
140868,9,3.6111112,3.5407283023252325
140880,5,3.3,3.5073267113078725
140928,283,3.139576,3.1979068034404032
140932,5,2.7,3.4527812654321846
140938,6,3.75,3.5518387385777066
140942,6,3.4166667,3.51612446137837
140962,7,2.7857144,3.4368942118527595
141004,68,2.9926472,3.2195167541503906
141006,7,3.357143,3.5070696462664688
141038,14,2.2857144,3.256296418607235
141050,21,3.142857,3.414126308870987
141058,21,3.4761906,3.512717905178876
141060,9,4.2222223,3.6339486493902693
141104,5,3.4,3.516417633403431
141114,5,2.7,3.4527812654321846
141133,6,3.0,3.471481595720564
141135,8,3.625,3.541430506212958
141139,10,3.5,3.523382822672526
141158,5,4.1,3.5800539797002617
141162,5,3.6,3.5345994342457163
141166,16,2.65625,3.3167116569750235
141251,19,3.5526316,3.534825653269671
141393,6,3.4166667,3.51612446137837
141395,11,2.1363637,3.2770978779089255
141397,6,2.75,3.4446958814348494
141402,16,2.8125,3.3545904448538115
141408,89,2.9662921,3.1683666911914194
141418,7,3.2142856,3.4895257657034353
141420,12,2.7916667,3.385531779258482
141422,82,3.6341465,3.593961957729224
141428,9,3.3888888,3.5068299810765153
141432,13,3.5769231,3.538142382152497
141452,5,3.3,3.5073267113078725
141493,9,2.2222223,3.3288639036275574
141495,6,2.5833333,3.4268387300627574
141505,5,3.1,3.489144888791171
141509,5,1.9,3.380053986202587
141517,5,2.7,3.4527812654321846
141520,6,3.6666667,3.542910175664084
141526,5,3.7,3.5436903563412754
141538,12,3.5833333,3.538757554946407
141544,72,3.5138888,3.519696438898806
141550,6,2.25,3.3911244528634206
141552,5,2.8,3.461872165853327
141558,6,3.8333333,3.5607673014913286
141636,7,4.071429,3.594788961243211
141642,11,2.590909,3.359065055847168
141644,5,3.1,3.489144888791171
141648,49,3.2346938,3.3828582209770124
141668,29,3.7586207,3.6126958327957346
141670,5,3.3,3.5073267113078725
141676,23,3.2173913,3.4301776461405296
141684,6,4.1666665,3.596481578690665
141688,194,3.3582475,3.393045032610659
141690,6,3.1666667,3.489338747092656
141698,6,2.9166667,3.4625530328069414
141702,12,4.0416665,3.627467216983918
141704,6,2.5833333,3.4268387300627574
141712,8,2.0,3.317292575178475
141714,18,3.0555556,3.402984850546893
141718,32,3.34375,3.456133772687214
141725,6,3.6666667,3.542910175664084
141729,6,3.5833333,3.533981587205614
141749,262,3.5496182,3.5461632991448426
141761,25,2.52,3.1920395851135255
141799,50,2.87,3.199029636383057
141810,8,3.8125,3.567292575178475
141812,5,3.0,3.4800539883700283
141816,7,3.0714285,3.4719819144198767
141818,9,3.6111112,3.5407283023252325
141826,8,3.3125,3.4983270579370958
141830,9,3.2222223,3.4814062765089133
141836,8,4.25,3.627637402764682
141844,42,3.7380953,3.6239453398663066
141846,56,3.0982144,3.3009714630414857
141854,5,1.8,3.370963074944236
141866,30,3.5333333,3.5300371050834656
141884,5,2.2,3.407326719977639
141886,5,3.1,3.489144888791171
141890,282,3.8049645,3.7632619587771865
141912,11,3.3636363,3.4984093142337485
141916,5,2.4,3.4255085424943403
141924,40,3.2,3.38225523630778
141926,14,3.7142856,3.5687963739037514
141928,8,2.9375,3.4466029200060615
141930,6,1.0833334,3.2661244571208954
141942,11,2.8181818,3.4000486663130465
141946,40,3.875,3.6822552151150174
141950,20,3.125,3.4128995622907365
141954,10,1.85,3.248382826646169
141956,7,2.5,3.401806480006168
141964,6,2.5,3.417910167149135
141968,6,3.9166667,3.5696958899497986
141970,5,2.4,3.4255085424943403
141976,7,2.642857,3.4193503312897264
141982,7,3.7142856,3.5509292744753655
141990,7,3.142857,3.4807538400616562
141994,8,1.4375,3.2397063682819236
142020,15,3.7333333,3.5754303015195408
142032,55,3.1,3.3038377534775507
142038,6,3.25,3.4982673100062778
142058,28,3.892857,3.659012403243627
142064,5,2.9,3.4709630879488858
142066,8,3.0,3.4552236096612337
142070,16,2.71875,3.331863172126539
142072,9,2.5555556,3.3797113491316972
142074,80,2.3875,2.826176716731145
142082,18,3.5833333,3.5426907048505893
142084,13,3.5,3.522269354926215
142086,5,3.1,3.489144888791171
142110,9,1.5,3.218694395938162
142113,8,2.9375,3.4466029200060615
142115,84,4.279762,3.999275819579167
142117,10,2.8,3.4067161480585733
142148,6,3.25,3.4982673100062778
142150,5,2.6,3.4436903433366255
142158,19,3.0,3.3826517298601675
142184,10,4.15,3.631716171900431
142204,6,3.0833333,3.480410158634186
142210,6,3.6666667,3.542910175664084
142212,15,2.6,3.313891814305232
142222,17,3.6176472,3.550790615935824
142226,5,3.6,3.5345994342457163
142228,8,2.875,3.437982230350889
142240,6,4.0833335,3.5875530413218906
142258,20,3.525,3.5271853038242886
142266,5,3.3,3.5073267113078725
142272,5,3.6,3.5345994342457163
142286,6,2.0833333,3.3732673014913286
142348,5,2.7,3.4527812654321846
142364,7,3.142857,3.4807538400616562
142366,11,2.8636363,3.408245379807519
142372,48,2.9166667,3.228601767092335
142374,14,2.642857,3.334421381354332
142382,8,3.4375,3.515568437247441
142386,37,3.0135136,3.309229554801152
142388,17,3.1764705,3.43885027116804
142420,50,2.68,3.104029726982117
142422,76,3.0592105,3.2452616691589355
142426,8,3.1875,3.481085678626751
142444,7,3.142857,3.4807538400616562
142448,473,3.4788582,3.483561975778175
142450,17,3.735294,3.5806413301781044
142452,31,3.6612904,3.5790490368266163
142456,43,3.5465117,3.5365910786454395
142460,5,3.4,3.516417633403431
142472,6,3.75,3.5518387385777066
142488,1419,4.0894995,4.070389872265966
142490,6,2.5,3.417910167149135
142492,58,3.6724138,3.6055830672935203
142503,27,2.2407408,3.0766619521302063
142507,101,3.5049505,3.512602465042215
142509,49,3.4387755,3.4838683918268996
142534,17,3.8235295,3.6030294112305143
142536,180,3.2333333,3.2974042270494546
142538,11,2.090909,3.2689011214209382
142540,17,2.5,3.267208497915695
142542,5,3.6,3.5345994342457163
142550,6,2.5,3.417910167149135
142558,5,3.2,3.49823581088673
142562,5,3.5,3.5255085338245737
142566,5,3.7,3.5436903563412754
142574,10,2.3,3.32338281472524
142578,6,2.8333333,3.4536244443484714
142598,35,3.1571429,3.375329059713027
142602,13,2.5,3.315920148577009
142604,21,2.7619047,3.301450259248975
142606,5,3.5,3.5255085338245737
142608,7,3.9285715,3.577245080680178
142628,7,3.5,3.5246134975500274
142675,8,3.625,3.541430506212958
142677,9,3.5,3.523779141700874
142765,29,3.0,3.334214802029767
142791,5,3.9,3.5618721788579766
142797,5,3.2,3.49823581088673
142817,7,3.142857,3.4807538400616562
142823,5,4.1,3.5800539797002617
142827,5,3.5,3.5255085338245737
142831,7,3.2142856,3.4895257657034353
142833,5,3.1,3.489144888791171
142841,6,3.8333333,3.5607673014913286
142843,10,2.9,3.423382838567098
142857,7,3.5714285,3.533385423191807
142861,9,3.5555556,3.532253722013053
142867,11,3.090909,3.4492289902733977
142871,6,3.5,3.525053024291992
142875,7,3.142857,3.4807538400616562
142909,5,3.5,3.5255085338245737
142917,5,2.9,3.4709630879488858
142925,21,2.952381,3.357788284059981
142929,5,3.2,3.49823581088673
142953,14,3.0,3.412546396255493
142961,6,3.3333333,3.5071958729199
142963,5,3.3,3.5073267113078725
142969,9,3.8888888,3.583101167517193
142975,16,1.65625,3.0742874145507812
142993,9,3.4444444,3.5153045613886946
142997,278,3.377698,3.4006188962517716
142999,35,3.4571428,3.4988584518432617
143009,9,3.2222223,3.4814062765089133
143023,6,4.0,3.5786244528634206
143025,6,3.3333333,3.5071958729199
143031,7,2.9285715,3.454438063136318
143033,9,3.2777777,3.4898808204521568
143035,7,3.0,3.4632099887780976
143053,9,4.0,3.600050328141552
143069,11,3.5454545,3.5311962112051543
143209,24,2.4375,3.1743644508155615
143231,5,3.5,3.5255085338245737
143237,15,3.3,3.475430286847628
143239,16,1.90625,3.134893475156842
143245,100,3.565,3.5526865005493162
143249,7,3.2857144,3.4982977206246897
143255,6,2.1666667,3.3821958899497986
143257,29,3.6551723,3.574721107000037
143271,31,3.8387096,3.6469502066388544
143273,12,3.5,3.5226285380701863
143275,30,1.9,2.917537108063698
143309,12,4.0,3.6194027316185737
143369,10,3.5,3.523382822672526
143377,11,3.590909,3.539392924699627
143385,1065,3.7661972,3.755518378698238
143387,7,2.7142856,3.4281222569315055
143389,7,3.7142856,3.5509292744753655
143410,8,3.6875,3.5500511958681304
143412,7,2.5714285,3.410578405647947
143420,5,2.3,3.4164176203987817
143440,5,2.4,3.4255085424943403
143444,11,2.7272727,3.3836552393241006
143458,12,4.1666665,3.651660765371015
143462,13,3.1153846,3.4429042679922923
143464,8,3.3125,3.4983270579370958
143466,9,4.0,3.600050328141552
143472,13,2.2692308,3.2683011160956488
143474,6,3.1666667,3.489338747092656
143476,29,3.810345,3.6316831956935833
143506,6,3.4166667,3.51612446137837
143511,9,3.7222223,3.557677462949591
143515,5,3.6,3.5345994342457163
143519,9,3.3333333,3.498355400764336
143531,8,2.75,3.420740851040544
143547,12,3.5833333,3.538757554946407
143647,9,3.3333333,3.498355400764336
143653,5,3.4,3.516417633403431
143657,47,3.287234,3.411370830437572
143695,5,3.0,3.4800539883700283
143713,9,3.0,3.447507955260196
143859,235,3.244681,3.2943964088172244
143863,6,3.75,3.5518387385777066
143868,13,3.7692308,3.5778249256194585
143886,9,2.8888888,3.4305587946358376
143890,5,2.6,3.4436903433366255
143896,5,3.3,3.5073267113078725
143969,53,3.537736,3.5330385837740113
143990,8,4.5,3.6621201613853716
144050,15,3.4333334,3.506199543292706
144064,14,3.75,3.576608896255493
144070,6,1.8333334,3.346481599978038
144138,13,3.5,3.522269354926215
144152,6,3.0833333,3.480410158634186
144158,5,2.1,3.39823579788208
144182,6,3.5833333,3.533981587205614
144186,5,1.7,3.3618721745230933
144194,6,3.1666667,3.489338747092656
144196,13,2.0384614,3.220682034416804
144198,9,3.2222223,3.4814062765089133
144206,6,3.5833333,3.533981587205614
144216,5,2.0,3.3891448974609375
144224,7,2.857143,3.445666137494539
144262,24,3.2708333,3.4446346953108504
144264,5,3.2,3.49823581088673
144282,5,3.1,3.489144888791171
144284,6,3.1666667,3.489338747092656
144294,6,3.4166667,3.51612446137837
144298,8,2.75,3.420740851040544
144302,8,3.5,3.524189126902613
144348,11,3.090909,3.4492289902733977
144350,5,2.1,3.39823579788208
144352,10,3.55,3.5317161480585733
144366,5,2.2,3.407326719977639
144378,5,3.6,3.5345994342457163
144382,5,4.3,3.5982358238913794
144408,5,2.7,3.4527812654321846
144412,6,3.25,3.4982673100062778
144416,5,2.8,3.461872165853327
144420,6,3.5,3.525053024291992
144422,5,3.5,3.5255085338245737
144426,9,2.1666667,3.320389323315378
144430,9,3.3333333,3.498355400764336
144464,5,3.9,3.5618721788579766
144478,9,3.2777777,3.4898808204521568
144482,90,3.15,3.2850212710244313
144496,5,3.0,3.4800539883700283
144500,5,3.3,3.5073267113078725
144512,6,3.3333333,3.5071958729199
144518,6,3.5,3.525053024291992
144524,6,3.5,3.525053024291992
144532,13,4.0384617,3.6333804963127014
144540,10,3.7,3.5567161639531455
144542,5,3.4,3.516417633403431
144556,7,3.5,3.5246134975500274
144568,5,3.3,3.5073267113078725
144580,10,3.4,3.506716171900431
144606,52,3.4615386,3.49414680518356
144612,5,3.3,3.5073267113078725
144614,9,3.0555556,3.4559825355723754
144618,10,3.45,3.5150494972864785
144620,150,3.1,3.207014775276184
144632,69,3.4565217,3.4865795804672883
144634,5,2.7,3.4527812654321846
144636,8,3.5625,3.5328098165577857
144656,13,3.7692308,3.5778249256194585
144686,6,3.9166667,3.5696958899497986
144690,5,3.4,3.516417633403431
144696,7,3.4285715,3.5158415719082483
144698,17,3.1176472,3.4239249442940327
144714,9,2.4444444,3.3627621885073387
144716,29,2.862069,3.283581863475751
144734,30,2.5333333,3.1550371050834656
144760,20,3.0,3.377185276576451
144762,19,2.5526316,3.2594633344290913
144764,6,2.5,3.417910167149135
144782,5,1.8,3.370963074944236
144784,7,4.0,3.586017006321957
144894,5,1.3,3.3255085294896904
144910,9,3.1666667,3.472931696196734
144938,5,3.5,3.5255085338245737
144962,5,2.5,3.434599442915483
144976,154,3.2922077,3.3500144995895087
144982,51,2.1470587,2.8307224193421923
144984,7,2.7142856,3.4281222569315055
145028,17,1.617647,3.0433278991215267
145030,47,3.0212767,3.2825048952987514
145064,14,3.5,3.521921396255493
145066,33,3.2272727,3.4084695189832206
145070,14,3.107143,3.4359839111566544
145080,10,3.0,3.440049489339193
145088,8,2.5625,3.394878782075027
145094,10,2.55,3.3650494813919067
145096,51,0.95098037,2.226762059301433
145132,6,4.0,3.5786244528634206
145140,9,4.111111,3.6169994887659107
145142,6,2.75,3.4446958814348494
145146,8,2.6875,3.4121201613853716
145150,44,3.659091,3.5893933316494557
145218,6,2.4166667,3.408981604235513
145283,6,3.6666667,3.542910175664084
145388,8,1.1875,3.2052236096612337
145418,176,3.6107955,3.592491048627195
145489,9,2.9444444,3.439033374948017
145491,11,2.909091,3.4164421362955064
145493,9,2.3888888,3.3542876081951594
145502,7,2.9285715,3.454438063136318
145514,6,3.25,3.4982673100062778
145596,6,3.6666667,3.542910175664084
145759,5,2.5,3.434599442915483
145761,6,3.0833333,3.480410158634186
145839,144,3.4965277,3.504654402585374
145915,14,1.1785715,3.0141089037060738
145935,145,3.1241379,3.22770749605619
145978,5,3.5,3.5255085338245737
145994,12,3.9166667,3.603273714742353
146002,9,4.111111,3.6169994887659107
146006,9,4.3333335,3.650897810014628
146018,7,3.4285715,3.5158415719082483
146024,9,4.0555553,3.6085248720847956
146028,45,3.9333334,3.7200312865407845
146030,9,3.5,3.523779141700874
146036,9,3.6111112,3.5407283023252325
146038,8,2.9375,3.4466029200060615
146040,17,3.8823528,3.617954738104521
146042,5,2.4,3.4255085424943403
146046,6,3.4166667,3.51612446137837
146048,12,3.2083333,3.466176909785117
146050,12,3.8333333,3.587144651720601
146110,6,3.6666667,3.542910175664084
146134,6,3.4166667,3.51612446137837
146152,6,2.8333333,3.4536244443484714
146156,11,3.7727273,3.5721798216710323
146178,5,3.9,3.5618721788579766
146182,5,2.3,3.4164176203987817
146196,24,3.375,3.478418504869616
146198,5,2.8,3.461872165853327
146210,30,3.05,3.348787099123001
146244,8,3.375,3.5069477475922683
146254,5,2.1,3.39823579788208
146260,6,2.5833333,3.4268387300627574
146264,5,2.0,3.3891448974609375
146266,5,1.2,3.316417629068548
146270,9,1.6111112,3.2356435565625206
146279,17,3.1176472,3.4239249442940327
146301,7,3.9285715,3.577245080680178
146305,7,3.5714285,3.533385423191807
146307,32,2.734375,3.2183288946384336
146309,24,3.7708333,3.6067968574730127
146313,6,3.1666667,3.489338747092656
146317,6,2.9166667,3.4625530328069414
146327,31,4.225806,3.795098304748535
146329,8,3.8125,3.567292575178475
146333,8,2.9375,3.4466029200060615
146348,5,3.0,3.4800539883700283
146350,7,2.7142856,3.4281222569315055
146358,5,3.0,3.4800539883700283
146360,5,2.4,3.4255085424943403
146423,10,3.55,3.5317161480585733
146582,6,1.9166666,3.3554101628916606
146604,16,3.59375,3.543984384247751
146606,6,3.8333333,3.5607673014913286
146642,8,3.6875,3.5500511958681304
146656,527,3.7106261,3.6948057840767103
146662,20,3.425,3.4986138343811035
146668,12,3.1666667,3.458112424419772
146670,8,3.0,3.4552236096612337
146672,17,3.2058823,3.4463129648521766
146674,8,3.4375,3.515568437247441
146682,21,3.6666667,3.569055929989882
146684,31,2.7580645,3.2333699891596663
146688,47,3.3085105,3.4216800497979234
146702,7,3.5714285,3.533385423191807
146730,5,2.8,3.461872165853327
146866,11,3.3181818,3.4902126007392758
146870,8,4.0625,3.6017753337991647
146878,13,3.4615386,3.514332865911817
146900,39,3.3076923,3.4314940297201777
146902,11,2.3181818,3.3098847318868168
146904,15,2.7,3.3369687703939586
146922,7,3.142857,3.4807538400616562
146926,27,1.925926,2.966272344836941
146944,6,3.1666667,3.489338747092656
146982,5,2.7,3.4527812654321846
146984,6,2.8333333,3.4536244443484714
146988,5,2.8,3.461872165853327
147004,7,3.142857,3.4807538400616562
147006,7,3.9285715,3.577245080680178
147008,10,4.0,3.6067161560058594
147010,8,4.0625,3.6017753337991647
147022,17,3.0588236,3.4089995569257594
147024,8,1.6875,3.274189126902613
147033,6,3.75,3.5518387385777066
147047,6,3.75,3.5518387385777066
147108,6,4.0,3.5786244528634206
147122,6,2.6666667,3.435767318521227
147124,8,4.25,3.627637402764682
147144,5,4.0,3.570963079279119
147196,5,4.1,3.5800539797002617
147260,6,2.5833333,3.4268387300627574
147282,5,3.4,3.516417633403431
147290,5,3.4,3.516417633403431
147300,9,3.9444444,3.5915757478293724
147326,21,3.952381,3.653562931947305
147328,12,3.875,3.5952091832314768
147330,15,3.8,3.5908149022322435
147398,9,2.3888888,3.3542876081951594
147410,25,3.62,3.558706219991048
147432,12,4.0416665,3.627467216983918
147434,5,4.2,3.5891448801214043
147441,9,3.4444444,3.5153045613886946
147452,7,3.5714285,3.533385423191807
147471,5,2.9,3.4709630879488858
147597,5,3.0,3.4800539883700283
147726,13,3.3461537,3.4905233004736522
147748,5,4.1,3.5800539797002617
147750,18,3.6944444,3.5721024835810944
147781,7,3.7142856,3.5509292744753655
147829,5,3.8,3.552781256762418
147831,16,3.8125,3.597014687278054
147835,6,1.4166666,3.301838734320232
147845,9,2.7222223,3.405135090068235
147847,49,2.8163266,3.175787612645313
147895,5,2.5,3.434599442915483
147909,6,3.8333333,3.5607673014913286
147913,5,2.6,3.4436903433366255
147921,10,2.3,3.32338281472524
147923,5,4.1,3.5800539797002617
147927,10,3.9,3.5900495052337646
147934,5,2.8,3.461872165853327
147940,19,3.368421,3.48410101213317
148036,19,3.8947368,3.6290285207223203
148058,11,4.0,3.613163432136911
148070,5,3.3,3.5073267113078725
148080,6,2.75,3.4446958814348494
148082,5,3.1,3.489144888791171
148166,9,3.3333333,3.498355400764336
148168,5,3.7,3.5436903563412754
148172,95,2.7947369,3.0476066983979324
148238,159,2.4685535,2.7220238407262776
148240,5,2.1,3.39823579788208
148242,7,3.357143,3.5070696462664688
148248,6,3.5833333,3.533981587205614
148280,13,3.3076923,3.4825868114592535
148286,27,2.2777777,3.089648915575696
148365,6,4.0833335,3.5875530413218906
148367,21,3.4047618,3.491591084171349
148369,24,3.5,3.5189590454101562
148372,7,3.0,3.4632099887780976
148410,5,2.1,3.39823579788208
148424,35,2.942857,3.2870937094968906
148430,8,3.625,3.541430506212958
148442,5,2.9,3.4709630879488858
148466,8,3.8125,3.567292575178475
148468,6,4.0,3.5786244528634206
148470,5,3.4,3.516417633403431
148474,6,3.6666667,3.542910175664084
148478,5,3.7,3.5436903563412754
148482,35,3.3857143,3.469446701162002
148484,5,1.6,3.3527812632647427
148620,6,2.9166667,3.4625530328069414
148626,1607,3.9772868,3.9637313712125235
148632,6,2.8333333,3.4536244443484714
148634,11,2.3181818,3.3098847318868168
148652,142,2.4014084,2.69480711966753
148665,6,2.9166667,3.4625530328069414
148667,47,3.7978723,3.658793481354861
148671,47,3.6702127,3.5969378186255385
148673,5,3.1,3.489144888791171
148675,6,2.9166667,3.4625530328069414
148683,15,2.2,3.221584155009343
148687,5,3.4,3.516417633403431
148701,8,3.5,3.524189126902613
148727,9,2.9444444,3.439033374948017
148775,7,3.0,3.4632099887780976
148850,5,3.8,3.552781256762418
148855,5,3.1,3.489144888791171
148867,18,2.1944444,3.1750436600516823
148881,75,4.1466665,3.8992236709594725
148888,91,2.3846154,2.790092004951856
148946,6,3.0833333,3.480410158634186
148954,7,3.9285715,3.577245080680178
148956,63,3.1587303,3.3221502325176138
148964,5,3.2,3.49823581088673
148970,10,2.5,3.3567161560058594
148976,9,1.8333334,3.26954185962677
148978,5,3.5,3.5255085338245737
148980,11,3.1818182,3.465622460255857
148984,10,3.75,3.565049489339193
149011,33,3.621212,3.56509597042957
149130,5,3.6,3.5345994342457163
149144,6,2.9166667,3.4625530328069414
149176,5,2.6,3.4436903433366255
149180,5,2.6,3.4436903433366255
149186,15,2.3,3.2446610560783973
149346,5,3.3,3.5073267113078725
149352,114,3.0570176,3.2006278764910814
149354,173,2.916185,3.0533764907597427
149368,6,2.75,3.4446958814348494
149380,5,2.3,3.4164176203987817
149382,6,3.25,3.4982673100062778
149406,212,3.3726416,3.4023014534520737
149532,28,3.0535715,3.3577303886413574
149590,14,3.4285715,3.5062964037060738
149606,14,3.5714285,3.5375463888049126
149650,27,3.4074075,3.485752889088222
149658,7,3.5714285,3.533385423191807
149662,6,3.0,3.471481595720564
149670,10,3.2,3.473382830619812
149723,10,3.55,3.5317161480585733
149761,6,2.8333333,3.4536244443484714
149830,62,2.814516,3.1330621923719133
150092,5,3.2,3.49823581088673
150194,13,2.6923077,3.3556026920439703
150230,7,1.0,3.2175959536903784
150258,16,3.0625,3.415196505459872
150262,11,2.7727273,3.3918519528185733
150268,9,2.5555556,3.3797113491316972
150270,7,3.4285715,3.5158415719082483
150272,6,3.5833333,3.533981587205614
150278,7,2.4285715,3.3930345543643883
150294,35,2.4714286,3.0929761353661034
150296,8,3.125,3.472464988971579
150320,5,3.2,3.49823581088673
150322,7,4.0,3.586017006321957
150324,8,2.25,3.3517753337991647
150334,7,1.9285715,3.3316310455924585
150342,13,3.4615386,3.514332865911817
150344,5,2.4,3.4255085424943403
150401,6,2.8333333,3.4536244443484714
150538,6,3.0,3.471481595720564
150552,5,3.1,3.489144888791171
150602,10,2.6,3.373382806777954
150604,23,2.9130435,3.3342872580436813
150694,9,3.4444444,3.5153045613886946
150724,5,1.4,3.3345994407480415
150772,5,3.3,3.5073267113078725
150848,5,1.6,3.3527812632647427
150894,5,1.8,3.370963074944236
150910,7,3.7142856,3.5509292744753655
150993,5,3.5,3.5255085338245737
151113,7,3.857143,3.5684731550383986
151309,10,3.45,3.5150494972864785
151313,8,1.3125,3.222464988971579
151315,46,2.9130435,3.2333642741044364
151345,37,3.4189188,3.4816432958361747
151357,7,2.4285715,3.3930345543643883
151455,61,3.3934426,3.4540808093440427
151459,24,3.6041667,3.5527428549689217
151461,12,2.375,3.3048866025863157
151501,19,2.368421,3.2087386932925903
151507,12,3.0833333,3.44198336139802
151515,6,3.25,3.4982673100062778
151557,7,3.0,3.4632099887780976
151577,5,2.9,3.4709630879488858
151593,12,2.4583333,3.3210156194625364
151597,6,3.5833333,3.533981587205614
151609,8,1.4375,3.2397063682819236
151639,52,3.0,3.2588526407877603
151645,14,2.5357144,3.310983918607235
151647,6,3.4166667,3.51612446137837
151675,27,2.5925925,3.2000385228689616
151687,24,3.2916667,3.4513915036175704
151695,14,3.2142856,3.4594213739037514
151717,5,3.1,3.489144888791171
151735,11,2.0,3.252507694431993
151739,64,2.9375,3.196517275090803
151759,9,4.0555553,3.6085248720847956
151765,8,3.875,3.575913264833648
151777,45,3.3666666,3.45161015109012
151781,17,3.5294118,3.528402534883414
151789,5,2.3,3.4164176203987817
151900,5,2.8,3.461872165853327
151951,8,3.125,3.472464988971579
151963,5,3.0,3.4800539883700283
151965,6,2.4166667,3.408981604235513
151997,7,2.7142856,3.4281222569315055
152011,8,3.25,3.4897063682819236
152017,16,3.96875,3.634893475156842
152025,7,3.0,3.4632099887780976
152037,42,3.047619,3.308727953744971
152055,18,2.1111112,3.152984857559204
152057,11,3.8181818,3.5803765351655055
152059,51,3.1470587,3.335672914391697
152061,45,2.9777777,3.267399649871023
152063,88,2.5625,2.912340357683707
152065,15,3.4333334,3.506199543292706
152067,11,3.3636363,3.4984093142337485
152071,17,3.6176472,3.550790615935824
152077,340,3.6279411,3.6151357797475963
152079,75,3.0733333,3.2552237129211425
152081,891,4.026936,4.0004282610829405
152083,34,3.4705882,3.504797242936634
152091,54,2.7037036,3.1000285194470334
152099,8,2.8125,3.4293615406957167
152103,6,2.3333333,3.400053015777043
152123,7,3.2142856,3.4895257657034353
152131,6,3.4166667,3.51612446137837
152151,6,2.6666667,3.435767318521227
152163,11,3.3636363,3.4984093142337485
152198,9,3.0,3.447507955260196
152228,11,2.7727273,3.3918519528185733
152280,5,2.4,3.4255085424943403
152284,11,3.9545455,3.604966718642438
152348,5,1.4,3.3345994407480415
152364,7,3.357143,3.5070696462664688
152372,26,3.0769231,3.3737232998797766
152457,8,3.9375,3.58453395448882
152515,18,2.6944444,3.307396601228153
152545,5,3.8,3.552781256762418
152579,7,2.2142856,3.3667187481595757
152591,43,3.639535,3.5796018518427366
152593,5,2.4,3.4255085424943403
152832,5,2.4,3.4255085424943403
152836,11,3.409091,3.5066060707217357
152838,13,2.3076923,3.2762376051100475
152870,5,3.3,3.5073267113078725
152896,5,1.4,3.3345994407480415
152970,9,3.9444444,3.5915757478293724
152976,18,2.8333333,3.3441612930858837
152984,6,3.1666667,3.489338747092656
153070,12,3.125,3.4500478929088962
153454,5,3.3,3.5073267113078725
153552,6,3.4166667,3.51612446137837
153756,7,3.2857144,3.4982977206246897
153758,7,3.7857144,3.5597012293966195
153766,8,2.625,3.4034994717301994
153768,6,3.0,3.471481595720564
153780,8,3.5625,3.5328098165577857
153788,8,2.6875,3.4121201613853716
153790,7,2.7857144,3.4368942118527595
153792,10,2.7,3.3900494972864785
153794,11,3.409091,3.5066060707217357
153798,6,3.4166667,3.51612446137837
153804,5,1.2,3.316417629068548
153836,5,3.4,3.516417633403431
153879,6,1.6666666,3.328624448605946
153923,5,3.1,3.489144888791171
153931,6,3.8333333,3.5607673014913286
153939,5,3.4,3.516417633403431
153959,10,3.65,3.548382838567098
154051,12,2.9166667,3.4097253276455786
154069,5,3.4,3.516417633403431
154075,5,2.1,3.39823579788208
154077,6,2.25,3.3911244528634206
154079,7,1.9285715,3.3316310455924585
154158,5,3.5,3.5255085338245737
154160,7,2.7857144,3.4368942118527595
154162,5,1.4,3.3345994407480415
154268,16,2.53125,3.286408626671993
154276,7,2.857143,3.445666137494539
154358,8,3.8125,3.567292575178475
154378,6,3.4166667,3.51612446137837
154915,10,3.8,3.57338281472524
154939,6,2.75,3.4446958814348494
154941,8,3.3125,3.4983270579370958
155018,15,2.9333334,3.3908149279080906
155064,15,3.1333334,3.4369687850658712
155078,5,3.0,3.4800539883700283
155129,5,1.8,3.370963074944236
155288,63,3.8253968,3.6938315598310623
155362,7,3.7142856,3.5509292744753655
155392,28,3.5535715,3.5372175681285367
155509,58,3.3706896,3.443545999350371
155561,5,2.6,3.4436903433366255
155581,36,2.9027777,3.2663135528564453
155659,9,2.5555556,3.3797113491316972
155711,5,3.8,3.552781256762418
155743,50,2.72,3.1240297079086305
155798,5,3.8,3.552781256762418
155800,18,3.5555556,3.5353377917233635
155812,36,2.7083333,3.184918215108472
155820,32,3.078125,3.3524752361018484
155874,24,3.5,3.5189590454101562
155968,32,3.90625,3.6756459678091655
155970,5,2.5,3.434599442915483
156000,37,2.7432432,3.194286993180198
156025,16,2.6875,3.3242874145507812
156371,30,3.7333333,3.605037122964859
156387,18,3.8333333,3.608867175438825
156581,5,3.7,3.5436903563412754
156607,59,2.9915254,3.237641914175191
156609,43,2.5232558,3.0634727939482658
156706,31,2.596774,3.171641561720106
156726,54,3.2592592,3.38849007166349
156819,18,3.0833333,3.410337763674119
156896,5,4.0,3.570963079279119
156898,5,2.7,3.4527812654321846
156944,7,3.9285715,3.577245080680178
157106,12,2.5416667,3.3371446824842885
157122,12,3.375,3.4984349896830897
157200,36,3.2222223,3.4000345718028933
157224,5,2.2,3.407326719977639
157270,10,2.7,3.3900494972864785
157274,9,3.3333333,3.498355400764336
157294,6,3.3333333,3.5071958729199
157296,51,3.4117646,3.4693362878100706
157312,20,2.6,3.262899535042899
157340,45,2.5777779,3.0779260334215666
157361,6,2.4166667,3.408981604235513
157407,15,2.5666666,3.3061995139488807
157432,5,3.3,3.5073267113078725
157498,14,3.7142856,3.5687963739037514
157667,12,1.4583334,3.127467255438528
157669,7,2.142857,3.3579468225177966
157671,9,2.6111112,3.3881859294438765
157797,39,2.7564104,3.1899210495895214
157835,5,1.5,3.343690352006392
157851,20,3.15,3.4200424466814314
157853,8,3.625,3.541430506212958
157865,6,1.6666666,3.328624448605946
157881,6,2.75,3.4446958814348494
157959,8,2.4375,3.377637402764682
157961,5,3.6,3.5345994342457163
158238,107,3.6635513,3.6204010301334844
158254,19,1.3684211,2.9333763744520103
158260,7,3.357143,3.5070696462664688
158382,6,2.0,3.3643387385777066
158390,5,1.1,3.3073267178101973
158412,5,2.3,3.4164176203987817
158428,6,2.75,3.4446958814348494
158518,6,1.6666666,3.328624448605946
158619,6,1.0833334,3.2661244571208954
158813,51,3.0784314,3.301019496256762
158872,9,2.6666667,3.396660509756056
158942,5,2.1,3.39823579788208
158956,16,2.90625,3.3773177175810845
159077,7,3.142857,3.4807538400616562
159093,40,3.0375,3.31003295050727
159161,12,3.7083333,3.562951103333504
159411,9,1.5,3.218694395938162
159441,56,2.6607144,3.0698393875697874
159690,31,2.403226,3.097567558288574
159755,28,2.6607144,3.216704772068904
159779,5,3.0,3.4800539883700283
159817,21,4.428571,3.7944079587157344
159827,8,3.5,3.524189126902613
159849,25,3.22,3.4253729343414308
159858,35,2.8142858,3.2341525975395653
159917,6,3.5,3.525053024291992
159970,9,1.3333334,3.1932706731860923
159972,8,1.75,3.2828098165577857
160112,8,2.25,3.3517753337991647
160271,11,2.8181818,3.4000486663130465
160289,6,3.6666667,3.542910175664084
160301,13,2.5769231,3.3317931758032904
